Path,CodeBytes,SourceReview,SqlOrEfIndicators,DatabaseTableCandidatesMatched,OtherPotentialReferencesReview,RouteLiterals,LikelyDataAccess,ResultConfidence
"src/Jularr.Web/Data/AppDbContext.cs","67392","BODY_SCANNED_FOR_KEYWORDS","AppDbContext; Set<","","","","READ_OR_TECHNICAL_CANDIDATE","HEURISTIC_NOT_COMPLETE_CALL_GRAPH"
"src/Jularr.Web/Program.cs","61181","BODY_SCANNED_FOR_KEYWORDS","AppDbContext; SaveChangesAsync","LibraryRoots; LibraryRootContentAssignments","Principal; RejectPrincipal; HttpContext; ReplacePrincipal; ShouldRenew; Request; Response; RedirectUri; Lease; User","","WRITE_CANDIDATE","HEURISTIC_NOT_COMPLETE_CALL_GRAPH"
"src/Jularr.Web/Features/Acquisition/Access/AcquisitionAccessStore.cs","40015","BODY_SCANNED_FOR_KEYWORDS","AppDbContext; SqlQuery; ExecuteNonQueryAsync; BeginTransaction; ExecuteScalarAsync","AcquisitionAccessPolicies; AcquisitionRequests; Operations; RequestSubmissionUsage","","","WRITE_CANDIDATE","HEURISTIC_NOT_COMPLETE_CALL_GRAPH"
"src/Jularr.Web/Features/Acquisition/Access/AcquisitionRequestSettingsStore.cs","9347","BODY_SCANNED_FOR_KEYWORDS","","","","","NO_SELECTED_INDICATORS","HEURISTIC_NOT_COMPLETE_CALL_GRAPH"
"src/Jularr.Web/Features/Acquisition/AniListAutoMonitor/AniListAutoMonitorSettingsStore.cs","2851","BODY_SCANNED_FOR_KEYWORDS","","","","","NO_SELECTED_INDICATORS","HEURISTIC_NOT_COMPLETE_CALL_GRAPH"
"src/Jularr.Web/Features/Acquisition/DownloadClients/DownloadClientStore.cs","8789","BODY_SCANNED_FOR_KEYWORDS","","","","","NO_SELECTED_INDICATORS","HEURISTIC_NOT_COMPLETE_CALL_GRAPH"
"src/Jularr.Web/Features/Acquisition/Health/AcquisitionHealthStore.cs","5018","BODY_SCANNED_FOR_KEYWORDS","","","","","NO_SELECTED_INDICATORS","HEURISTIC_NOT_COMPLETE_CALL_GRAPH"
"src/Jularr.Web/Features/Acquisition/Import/AnimeImportSettingsStore.cs","3115","BODY_SCANNED_FOR_KEYWORDS","","","","","NO_SELECTED_INDICATORS","HEURISTIC_NOT_COMPLETE_CALL_GRAPH"
"src/Jularr.Web/Features/Acquisition/Import/AnimeImportStore.cs","8271","BODY_SCANNED_FOR_KEYWORDS","","","","","NO_SELECTED_INDICATORS","HEURISTIC_NOT_COMPLETE_CALL_GRAPH"
"src/Jularr.Web/Features/Acquisition/Indexers/IndexerStore.cs","13521","BODY_SCANNED_FOR_KEYWORDS","","","","","NO_SELECTED_INDICATORS","HEURISTIC_NOT_COMPLETE_CALL_GRAPH"
"src/Jularr.Web/Features/Acquisition/Monitoring/MonitoringStore.cs","7743","BODY_SCANNED_FOR_KEYWORDS","","","","","NO_SELECTED_INDICATORS","HEURISTIC_NOT_COMPLETE_CALL_GRAPH"
"src/Jularr.Web/Features/Acquisition/Naming/AnimeNamingProfileStore.cs","12797","BODY_SCANNED_FOR_KEYWORDS","","","","","NO_SELECTED_INDICATORS","HEURISTIC_NOT_COMPLETE_CALL_GRAPH"
"src/Jularr.Web/Features/Acquisition/Ownership/AcquisitionOwnershipStore.cs","3817","BODY_SCANNED_FOR_KEYWORDS","","","","","NO_SELECTED_INDICATORS","HEURISTIC_NOT_COMPLETE_CALL_GRAPH"
"src/Jularr.Web/Features/Acquisition/Quality/QualityProfileStore.cs","18928","BODY_SCANNED_FOR_KEYWORDS","","","","","NO_SELECTED_INDICATORS","HEURISTIC_NOT_COMPLETE_CALL_GRAPH"
"src/Jularr.Web/Features/Acquisition/Sabnzbd/SabnzbdAcquisitionStore.cs","8047","BODY_SCANNED_FOR_KEYWORDS","","","","","NO_SELECTED_INDICATORS","HEURISTIC_NOT_COMPLETE_CALL_GRAPH"
"src/Jularr.Web/Features/Auth/MediaCapabilityStore.cs","9800","BODY_SCANNED_FOR_KEYWORDS","","","","","NO_SELECTED_INDICATORS","HEURISTIC_NOT_COMPLETE_CALL_GRAPH"
"src/Jularr.Web/Features/MediaCore/WorkMetadataStore.cs","32776","BODY_SCANNED_FOR_KEYWORDS","AppDbContext; FromSql; SqlQuery; Set<; AsNoTracking","WorkMetadataRefreshes; Works; MediaAssets; StoredFiles; MediaProgress; WorkSourceLinks; WorkExternalIdentities; WorkLocalizedValues; WorkMetadataFacts; WorkCredits; WorkArtwork","Set","","READ_OR_TECHNICAL_CANDIDATE","HEURISTIC_NOT_COMPLETE_CALL_GRAPH"
"src/Jularr.Web/Features/Operations/OperationStore.cs","59506","BODY_SCANNED_FOR_KEYWORDS","AppDbContext; ExecuteNonQueryAsync; ExecuteScalarAsync","Operations; OperationLogs","","","WRITE_CANDIDATE","HEURISTIC_NOT_COMPLETE_CALL_GRAPH"
"src/Jularr.Web/Features/Tracking/AniListAccountStore.cs","19298","BODY_SCANNED_FOR_KEYWORDS","","","","","NO_SELECTED_INDICATORS","HEURISTIC_NOT_COMPLETE_CALL_GRAPH"
"src/Jularr.Web/Features/Watchlist/WatchlistStore.cs","44826","BODY_SCANNED_FOR_KEYWORDS","AppDbContext; ExecuteNonQueryAsync; SqlParams; ExecuteScalarAsync; Set<","ProfileWatchlistPreferences; FranchiseMembers; ProfileFranchiseFollows; Franchises","Candidates; InheritedRanks; Inherited; Direct; Effective; PerProfile; AcrossProfiles","","WRITE_CANDIDATE","HEURISTIC_NOT_COMPLETE_CALL_GRAPH"
"src/Jularr.Web/Data/DatabaseMigrationBridge.cs","1387","BODY_SCANNED_FOR_KEYWORDS","AppDbContext; MigrateAsync","","","","READ_OR_TECHNICAL_CANDIDATE","HEURISTIC_NOT_COMPLETE_CALL_GRAPH"
"src/Jularr.Web/Data/DatabaseTransactions.cs","1308","BODY_SCANNED_FOR_KEYWORDS","BeginTransaction; ExecuteAsync","","","","READ_OR_TECHNICAL_CANDIDATE","HEURISTIC_NOT_COMPLETE_CALL_GRAPH"
"src/Jularr.Web/Data/WorkIdMigrationFollowUp.cs","1418","BODY_SCANNED_FOR_KEYWORDS","AppDbContext; SqlQuery; ExecuteSqlRaw","WorkIdMigrationMap","","","WRITE_CANDIDATE","HEURISTIC_NOT_COMPLETE_CALL_GRAPH"
"src/Jularr.Web/Features/Acquisition/Api/AcquisitionApiEndpoints.cs","5846","BODY_SCANNED_FOR_KEYWORDS","","","","/monitored; /anime/{animeId:guid}/monitoring; /wanted; /search; /anime/{animeId:guid}/search; /operations; /operations/{operationId:guid}; /history; /imports; /imports/{recordId:guid}/resolve; /imports/{recordId:guid}/dismiss; /health","NO_SELECTED_INDICATORS","HEURISTIC_NOT_COMPLETE_CALL_GRAPH"
"src/Jularr.Web/Features/Ai/AiModelCatalogStore.cs","4766","BODY_SCANNED_FOR_KEYWORDS","AppDbContext; ExecuteNonQueryAsync","AiModelCatalogs","","","WRITE_CANDIDATE","HEURISTIC_NOT_COMPLETE_CALL_GRAPH"
"src/Jularr.Web/Features/Ai/AiProfileSettingsStore.cs","19102","BODY_SCANNED_FOR_KEYWORDS","","","","","NO_SELECTED_INDICATORS","HEURISTIC_NOT_COMPLETE_CALL_GRAPH"
"src/Jularr.Web/Features/Ai/AiUsageStore.cs","15023","BODY_SCANNED_FOR_KEYWORDS","AppDbContext; ExecuteNonQueryAsync; BeginTransaction; ExecuteAsync; AddAsync","AiUsageDaily","","","WRITE_CANDIDATE","HEURISTIC_NOT_COMPLETE_CALL_GRAPH"
"src/Jularr.Web/Features/Appearance/InstanceAppearanceSettingsStore.cs","4191","BODY_SCANNED_FOR_KEYWORDS","AppDbContext; ExecuteNonQueryAsync","InstanceAppearanceSettings","","","WRITE_CANDIDATE","HEURISTIC_NOT_COMPLETE_CALL_GRAPH"
"src/Jularr.Web/Features/Appearance/ProfileAppearanceStore.cs","9861","BODY_SCANNED_FOR_KEYWORDS","AppDbContext; ExecuteNonQueryAsync","UiProfileThemes","","","WRITE_CANDIDATE","HEURISTIC_NOT_COMPLETE_CALL_GRAPH"
"src/Jularr.Web/Features/Artwork/AnimeArtworkStore.cs","10875","BODY_SCANNED_FOR_KEYWORDS","","","","","NO_SELECTED_INDICATORS","HEURISTIC_NOT_COMPLETE_CALL_GRAPH"
"src/Jularr.Web/Features/Artwork/BesideMediaArtworkStore.cs","6342","BODY_SCANNED_FOR_KEYWORDS","AppDbContext","","","","READ_OR_TECHNICAL_CANDIDATE","HEURISTIC_NOT_COMPLETE_CALL_GRAPH"
"src/Jularr.Web/Features/Artwork/MediaArtworkAssetStore.cs","6724","BODY_SCANNED_FOR_KEYWORDS","AppDbContext; ExecuteNonQueryAsync","MediaArtworkAssets","","","WRITE_CANDIDATE","HEURISTIC_NOT_COMPLETE_CALL_GRAPH"
"src/Jularr.Web/Features/Books/BookHardcoverAccountStore.cs","5576","BODY_SCANNED_FOR_KEYWORDS","","","","","NO_SELECTED_INDICATORS","HEURISTIC_NOT_COMPLETE_CALL_GRAPH"
"src/Jularr.Web/Features/Books/BookTranslationChunkStore.cs","4846","BODY_SCANNED_FOR_KEYWORDS","","","","","NO_SELECTED_INDICATORS","HEURISTIC_NOT_COMPLETE_CALL_GRAPH"
"src/Jularr.Web/Features/Books/PdfDerivedDocumentStore.cs","3848","BODY_SCANNED_FOR_KEYWORDS","","","","","NO_SELECTED_INDICATORS","HEURISTIC_NOT_COMPLETE_CALL_GRAPH"
"src/Jularr.Web/Features/Branding/InstanceBrandingStore.cs","7769","BODY_SCANNED_FOR_KEYWORDS","AppDbContext; ExecuteNonQueryAsync","InstanceBranding","","","WRITE_CANDIDATE","HEURISTIC_NOT_COMPLETE_CALL_GRAPH"
"src/Jularr.Web/Features/Calendar/ReleaseCalendarCacheStore.cs","15481","BODY_SCANNED_FOR_KEYWORDS","AppDbContext; ExecuteNonQueryAsync; BeginTransaction; ExecuteAsync; ExecuteScalarAsync","ReleaseCalendarSources; ReleaseCalendarEntries","","","WRITE_CANDIDATE","HEURISTIC_NOT_COMPLETE_CALL_GRAPH"
"src/Jularr.Web/Features/ChapterArtwork/ChapterArtworkStore.cs","17135","BODY_SCANNED_FOR_KEYWORDS","AppDbContext; ExecuteNonQueryAsync; ExecuteAsync","ChapterArtworks; ChapterArtworkWorkSettings; ChapterArtworkPreferences","","","WRITE_CANDIDATE","HEURISTIC_NOT_COMPLETE_CALL_GRAPH"
"src/Jularr.Web/Features/Collections/CollectionStore.cs","7404","BODY_SCANNED_FOR_KEYWORDS","AppDbContext; SaveChangesAsync; AsNoTracking; RemoveRange","Collections; CollectionItems","","","WRITE_CANDIDATE","HEURISTIC_NOT_COMPLETE_CALL_GRAPH"
"src/Jularr.Web/Features/Discovery/DiscoverySnapshotStore.cs","3616","BODY_SCANNED_FOR_KEYWORDS","AppDbContext; SqlQuery","DiscoverySnapshots","","","READ_OR_TECHNICAL_CANDIDATE","HEURISTIC_NOT_COMPLETE_CALL_GRAPH"
"src/Jularr.Web/Features/Discovery/TmdbCredentialStore.cs","11335","BODY_SCANNED_FOR_KEYWORDS","","","","","NO_SELECTED_INDICATORS","HEURISTIC_NOT_COMPLETE_CALL_GRAPH"
"src/Jularr.Web/Features/Events/EventLogStore.cs","6969","BODY_SCANNED_FOR_KEYWORDS","AppDbContext; ExecuteNonQueryAsync","Events","","","WRITE_CANDIDATE","HEURISTIC_NOT_COMPLETE_CALL_GRAPH"
"src/Jularr.Web/Features/Franchises/FranchiseStore.cs","27270","BODY_SCANNED_FOR_KEYWORDS","AppDbContext; ExecuteNonQueryAsync; SqlParams; ExecuteScalarAsync","Franchises; ProfileFranchiseFollows; FranchiseMembers","","","WRITE_CANDIDATE","HEURISTIC_NOT_COMPLETE_CALL_GRAPH"
"src/Jularr.Web/Features/Franchises/MediaRelationStore.cs","7168","BODY_SCANNED_FOR_KEYWORDS","AppDbContext; ExecuteNonQueryAsync","MediaRelations; FranchiseMembers","","","WRITE_CANDIDATE","HEURISTIC_NOT_COMPLETE_CALL_GRAPH"
"src/Jularr.Web/Features/Home/HomeLayoutStore.cs","10895","BODY_SCANNED_FOR_KEYWORDS","AppDbContext; ExecuteNonQueryAsync; Set<","InstanceHomeDefaults; ProfileHomeLayouts","","","WRITE_CANDIDATE","HEURISTIC_NOT_COMPLETE_CALL_GRAPH"
"src/Jularr.Web/Features/Learning/Courses/LearningCourseStore.cs","27273","BODY_SCANNED_FOR_KEYWORDS","AppDbContext; SaveChangesAsync; BeginTransaction; AsNoTracking","LearningCourses; LearningCards; LearningUnits; LearningVariants; LearningContexts","Entry; Id; UnitId; SourceType; SourceKey; PositionKey; LanguageTag; Text; CreatedAt","","WRITE_CANDIDATE","HEURISTIC_NOT_COMPLETE_CALL_GRAPH"
"src/Jularr.Web/Features/Localization/UiTranslationCatalogStore.cs","33902","BODY_SCANNED_FOR_KEYWORDS","AppDbContext; ExecuteNonQueryAsync; BeginTransaction; ExecuteScalarAsync","UiLocales; UiTranslations; UiProfileLocales; UiTranslationMessages","","","WRITE_CANDIDATE","HEURISTIC_NOT_COMPLETE_CALL_GRAPH"
"src/Jularr.Web/Features/Manga/MangaRepository.cs","30152","BODY_SCANNED_FOR_KEYWORDS","AppDbContext; BeginTransaction","MangaChapters; MangaSeries; MangaProgress; MangaPages; MangaBookmarks; MangaVolumes","","","READ_OR_TECHNICAL_CANDIDATE","HEURISTIC_NOT_COMPLETE_CALL_GRAPH"
"src/Jularr.Web/Features/Mapping/MappingAuditStore.cs","4912","BODY_SCANNED_FOR_KEYWORDS","AppDbContext; ExecuteNonQueryAsync","AnimeMappingAuditEntries","","","WRITE_CANDIDATE","HEURISTIC_NOT_COMPLETE_CALL_GRAPH"
"src/Jularr.Web/Features/Mapping/ProviderRoleAssignmentStore.cs","11017","BODY_SCANNED_FOR_KEYWORDS","AppDbContext; ExecuteNonQueryAsync","ProviderRoleAssignments","","","WRITE_CANDIDATE","HEURISTIC_NOT_COMPLETE_CALL_GRAPH"
"src/Jularr.Web/Features/MediaMapping/MediaMappingReviewStore.cs","10275","BODY_SCANNED_FOR_KEYWORDS","","","","","NO_SELECTED_INDICATORS","HEURISTIC_NOT_COMPLETE_CALL_GRAPH"
"src/Jularr.Web/Features/MediaMapping/ReadingSegmentMappingStore.cs","21028","BODY_SCANNED_FOR_KEYWORDS","AddAsync","","","","READ_OR_TECHNICAL_CANDIDATE","HEURISTIC_NOT_COMPLETE_CALL_GRAPH"
"src/Jularr.Web/Features/Naming/ReadingNamingProfileStore.cs","6216","BODY_SCANNED_FOR_KEYWORDS","","","","","NO_SELECTED_INDICATORS","HEURISTIC_NOT_COMPLETE_CALL_GRAPH"
"src/Jularr.Web/Features/Notifications/NotificationStore.cs","13615","BODY_SCANNED_FOR_KEYWORDS","AppDbContext; ExecuteNonQueryAsync; ExecuteScalarAsync","Notifications","","","WRITE_CANDIDATE","HEURISTIC_NOT_COMPLETE_CALL_GRAPH"
"src/Jularr.Web/Features/Notifications/NotificationSubscriptionStore.cs","5151","BODY_SCANNED_FOR_KEYWORDS","AppDbContext; ExecuteNonQueryAsync","NotificationSubscriptions","","","WRITE_CANDIDATE","HEURISTIC_NOT_COMPLETE_CALL_GRAPH"
"src/Jularr.Web/Features/Novels/NovelVolumeAssetStore.cs","4253","BODY_SCANNED_FOR_KEYWORDS","Set<","","","","READ_OR_TECHNICAL_CANDIDATE","HEURISTIC_NOT_COMPLETE_CALL_GRAPH"
"src/Jularr.Web/Features/Pairing/DevicePairingStore.cs","8635","BODY_SCANNED_FOR_KEYWORDS","","","","","NO_SELECTED_INDICATORS","HEURISTIC_NOT_COMPLETE_CALL_GRAPH"
"src/Jularr.Web/Features/PlaybackSessions/PlaybackSessionStore.cs","13030","BODY_SCANNED_FOR_KEYWORDS","Set<","","","","READ_OR_TECHNICAL_CANDIDATE","HEURISTIC_NOT_COMPLETE_CALL_GRAPH"
"src/Jularr.Web/Features/Plex/PlexIdentitySettingsStore.cs","4242","BODY_SCANNED_FOR_KEYWORDS","","","","","NO_SELECTED_INDICATORS","HEURISTIC_NOT_COMPLETE_CALL_GRAPH"
"src/Jularr.Web/Features/Presentation/PresentationGroupStore.cs","10412","BODY_SCANNED_FOR_KEYWORDS","AppDbContext; ExecuteNonQueryAsync; BeginTransaction","PresentationGroupRanges; PresentationGroups","","","WRITE_CANDIDATE","HEURISTIC_NOT_COMPLETE_CALL_GRAPH"
"src/Jularr.Web/Features/Speech/SpeechModelManifestStore.cs","1777","BODY_SCANNED_FOR_KEYWORDS","","","","","NO_SELECTED_INDICATORS","HEURISTIC_NOT_COMPLETE_CALL_GRAPH"
"src/Jularr.Web/Features/StoryContext/StoryContextStore.cs","8586","BODY_SCANNED_FOR_KEYWORDS","","","","","NO_SELECTED_INDICATORS","HEURISTIC_NOT_COMPLETE_CALL_GRAPH"
"src/Jularr.Web/Features/Subtitles/OpenSubtitles/OpenSubtitlesCredentialStore.cs","8120","BODY_SCANNED_FOR_KEYWORDS","","","","","NO_SELECTED_INDICATORS","HEURISTIC_NOT_COMPLETE_CALL_GRAPH"
"src/Jularr.Web/Features/Ai/AiActivityEndpoints.cs","7050","BODY_SCANNED_FOR_KEYWORDS","","","Response; RequestAborted","/; /stream; /{id:guid}/cancel","NO_SELECTED_INDICATORS","HEURISTIC_NOT_COMPLETE_CALL_GRAPH"
"src/Jularr.Web/Features/Branding/BrandingEndpoints.cs","3375","BODY_SCANNED_FOR_KEYWORDS","","","Response; Request; RequestServices; RequestAborted","","NO_SELECTED_INDICATORS","HEURISTIC_NOT_COMPLETE_CALL_GRAPH"
"src/Jularr.Web/Features/ClientApi/ClientApiEndpoints.cs","37656","BODY_SCANNED_FOR_KEYWORDS","","","RequestServices; RequestAborted","/capabilities; /session/login; /session/logout; /me; /library; /anime/{animeId:guid}; /episodes/{episodeId:guid}; /episodes/{episodeId:guid}/progress; /episodes/{episodeId:guid}/watched; /episodes/{episodeId:guid}/flow; /continue-watching; /watchlist; /me/playback-preferences; /me/playback-history; /me/tts-preferences; /speech/models; /episodes/{episodeId:guid}/player; /episodes/{episodeId:guid}/cues; /episodes/{episodeId:guid}/subtitle-tracks/{trackId}/cues; /episodes/{episodeId:guid}/segments; /episodes/{episodeId:guid}/trickplay; /episodes/{episodeId:guid}/trickplay/{fileName}; /media/{mediaFileId:guid}/availability; /media/{mediaFileId:guid}/content; /episodes/{episodeId:guid}/hls; /episodes/{episodeId:guid}/hls/{sessionId:guid}/{fileName}; /episodes/{episodeId:guid}/fallback; /library-roots/{rootId:guid}/availability; /library-roots/{rootId:guid}/test; /library-roots/{rootId:guid}/wake","NO_SELECTED_INDICATORS","HEURISTIC_NOT_COMPLETE_CALL_GRAPH"
"src/Jularr.Web/Features/ClientApi/ClientApiOfflineEndpoints.cs","5522","BODY_SCANNED_FOR_KEYWORDS","","","","/episodes/{episodeId:guid}/offline-download; /offline/media/{mediaFileId:guid}/content; /offline/progress","NO_SELECTED_INDICATORS","HEURISTIC_NOT_COMPLETE_CALL_GRAPH"
"src/Jularr.Web/Features/ClientApi/ClientApiOfflineLibraryEndpoints.cs","3400","BODY_SCANNED_FOR_KEYWORDS","","","","/offline-library/works/{workId:guid}/manifest; /offline-library/chapters/{chapterId:guid}; /offline-library/assets/{volumeId:guid}/{asset}; /offline-library/sync","NO_SELECTED_INDICATORS","HEURISTIC_NOT_COMPLETE_CALL_GRAPH"
"src/Jularr.Web/Features/ClientApi/ClientApiOfflineMediaPackageEndpoints.cs","1384","BODY_SCANNED_FOR_KEYWORDS","","","","/offline-media/{kind}/{id:guid}/manifest; /offline-media/{kind}/{id:guid}/resources/{resourceId}","NO_SELECTED_INDICATORS","HEURISTIC_NOT_COMPLETE_CALL_GRAPH"
"src/Jularr.Web/Features/ClientApi/ClientApiOfflinePackageEndpoints.cs","2360","BODY_SCANNED_FOR_KEYWORDS","","","","","NO_SELECTED_INDICATORS","HEURISTIC_NOT_COMPLETE_CALL_GRAPH"
"src/Jularr.Web/Features/ClientApi/ClientApiPlaybackIntentEndpoints.cs","8208","BODY_SCANNED_FOR_KEYWORDS","","","HttpContext","/video/playback-intents; /requests/{requestId:guid}","NO_SELECTED_INDICATORS","HEURISTIC_NOT_COMPLETE_CALL_GRAPH"
"src/Jularr.Web/Features/ClientApi/ClientApiPlaybackPlanEndpoints.cs","41281","BODY_SCANNED_FOR_KEYWORDS","ExecuteAsync","","","/episodes/{episodeId:guid}/playback-plan; /video/player; /video/playback-plan; /video/progress; /video/subtitle-tracks/{trackId}/cues; /media/{mediaFileId:guid}/trickplay; /media/{mediaFileId:guid}/trickplay/{fileName}; /stream-sessions/{sessionId:guid}/stream; /stream-sessions/{sessionId:guid}/hls; /stream-sessions/{sessionId:guid}/hls/{hlsSessionId:guid}/{fileName}; /stream-sessions/{sessionId:guid}; /stream-sessions/{sessionId:guid}/telemetry","READ_OR_TECHNICAL_CANDIDATE","HEURISTIC_NOT_COMPLETE_CALL_GRAPH"
"src/Jularr.Web/Features/Learning/LanguageAssistance/LanguageInspectorEndpoints.cs","3778","BODY_SCANNED_FOR_KEYWORDS","","","","/inspect; /state; /explain","NO_SELECTED_INDICATORS","HEURISTIC_NOT_COMPLETE_CALL_GRAPH"
"src/Jularr.Web/Features/Monitoring/MonitoringEndpoints.cs","7667","BODY_SCANNED_FOR_KEYWORDS","AppDbContext; AsNoTracking","Works","","/works/{workId:long}; /targets/{kind}/{targetId:guid}; /works/{workId:long}/audiobook; /works/{workId:long}/anime; /works/{workId:long}/reading-units/{localKind}/{localId}; /works/{workId:long}/future; /relations/{kind}/{sourceKey}","READ_OR_TECHNICAL_CANDIDATE","HEURISTIC_NOT_COMPLETE_CALL_GRAPH"
"src/Jularr.Web/Features/Pairing/DevicePairingEndpoints.cs","5461","BODY_SCANNED_FOR_KEYWORDS","","","","/start; /approve; /poll","NO_SELECTED_INDICATORS","HEURISTIC_NOT_COMPLETE_CALL_GRAPH"
"src/Jularr.Web/Features/Pairing/DiscoveryEndpoints.cs","780","BODY_SCANNED_FOR_KEYWORDS","","","","","NO_SELECTED_INDICATORS","HEURISTIC_NOT_COMPLETE_CALL_GRAPH"
"src/Jularr.Web/Features/PlaybackSessions/PlaybackSessionEndpoints.cs","13843","BODY_SCANNED_FOR_KEYWORDS","","","","/; /{sessionId:guid}; /{sessionId:guid}/state; /{sessionId:guid}/pairing; /pair; /{sessionId:guid}/participant-state; /{sessionId:guid}/commands; /{sessionId:guid}/revoke","NO_SELECTED_INDICATORS","HEURISTIC_NOT_COMPLETE_CALL_GRAPH"
"src/Jularr.Web/Features/ReaderThemes/ReaderThemeEndpoints.cs","952","BODY_SCANNED_FOR_KEYWORDS","","","","/api/reader-themes","NO_SELECTED_INDICATORS","HEURISTIC_NOT_COMPLETE_CALL_GRAPH"
"src/Jularr.Web/Features/Storage/FolderBrowse/FolderBrowseEndpoints.cs","4551","BODY_SCANNED_FOR_KEYWORDS","","","Response","/roots; /list; /check; /create","NO_SELECTED_INDICATORS","HEURISTIC_NOT_COMPLETE_CALL_GRAPH"
"src/Jularr.Web/Features/Acquisition/Access/AcquisitionRequestService.cs","30152","BODY_SCANNED_FOR_KEYWORDS","ExecuteAsync","","","","READ_OR_TECHNICAL_CANDIDATE","HEURISTIC_NOT_COMPLETE_CALL_GRAPH"
"src/Jularr.Web/Features/Acquisition/Access/AdminRequestQuery.cs","5249","BODY_SCANNED_FOR_KEYWORDS","","","","","NO_SELECTED_INDICATORS","HEURISTIC_NOT_COMPLETE_CALL_GRAPH"
"src/Jularr.Web/Features/Acquisition/Access/LibraryWorkBackfillService.cs","1898","BODY_SCANNED_FOR_KEYWORDS","ExecuteAsync","","","","READ_OR_TECHNICAL_CANDIDATE","HEURISTIC_NOT_COMPLETE_CALL_GRAPH"
"src/Jularr.Web/Features/Acquisition/Access/RequestHistoryQuery.cs","2881","BODY_SCANNED_FOR_KEYWORDS","","","","","NO_SELECTED_INDICATORS","HEURISTIC_NOT_COMPLETE_CALL_GRAPH"
"src/Jularr.Web/Features/Acquisition/AniListAutoMonitor/AniListAutoMonitorService.cs","5276","BODY_SCANNED_FOR_KEYWORDS","AppDbContext; AsNoTracking","AnimeMetadata; Anime","","","READ_OR_TECHNICAL_CANDIDATE","HEURISTIC_NOT_COMPLETE_CALL_GRAPH"
"src/Jularr.Web/Features/Acquisition/Api/AcquisitionApiKeyService.cs","3542","BODY_SCANNED_FOR_KEYWORDS","AppDbContext; SaveChangesAsync; AsNoTracking","AcquisitionApiKeys","","","WRITE_CANDIDATE","HEURISTIC_NOT_COMPLETE_CALL_GRAPH"
"src/Jularr.Web/Features/Acquisition/Api/AcquisitionApiService.cs","12430","BODY_SCANNED_FOR_KEYWORDS","AppDbContext","","","","READ_OR_TECHNICAL_CANDIDATE","HEURISTIC_NOT_COMPLETE_CALL_GRAPH"
"src/Jularr.Web/Features/Acquisition/Backup/AcquisitionBackupService.cs","5000","BODY_SCANNED_FOR_KEYWORDS","Set<; File.ReadAllText; File.WriteAllText","","","","READ_OR_TECHNICAL_CANDIDATE","HEURISTIC_NOT_COMPLETE_CALL_GRAPH"
"src/Jularr.Web/Features/Acquisition/DownloadClients/DownloadClientSubmissionService.cs","7638","BODY_SCANNED_FOR_KEYWORDS","AppDbContext","","","","READ_OR_TECHNICAL_CANDIDATE","HEURISTIC_NOT_COMPLETE_CALL_GRAPH"
"src/Jularr.Web/Features/Acquisition/Health/AcquisitionHealthCheckService.cs","5796","BODY_SCANNED_FOR_KEYWORDS","ExecuteAsync","","","","READ_OR_TECHNICAL_CANDIDATE","HEURISTIC_NOT_COMPLETE_CALL_GRAPH"
"src/Jularr.Web/Features/Acquisition/History/AcquisitionHistoryService.cs","1482","BODY_SCANNED_FOR_KEYWORDS","AppDbContext; SaveChangesAsync; AsNoTracking","AcquisitionHistory","","","WRITE_CANDIDATE","HEURISTIC_NOT_COMPLETE_CALL_GRAPH"
"src/Jularr.Web/Features/Acquisition/Import/CompletedDownloadImportService.cs","14328","BODY_SCANNED_FOR_KEYWORDS","AppDbContext","","","","READ_OR_TECHNICAL_CANDIDATE","HEURISTIC_NOT_COMPLETE_CALL_GRAPH"
"src/Jularr.Web/Features/Acquisition/Import/MediaInboxImportService.cs","5491","BODY_SCANNED_FOR_KEYWORDS","","","","","NO_SELECTED_INDICATORS","HEURISTIC_NOT_COMPLETE_CALL_GRAPH"
"src/Jularr.Web/Features/Acquisition/Indexers/IndexerSetupService.cs","16783","BODY_SCANNED_FOR_KEYWORDS","AddAsync","","","","READ_OR_TECHNICAL_CANDIDATE","HEURISTIC_NOT_COMPLETE_CALL_GRAPH"
"src/Jularr.Web/Features/Acquisition/ManualSearch/VideoManualSearchService.cs","15743","BODY_SCANNED_FOR_KEYWORDS","Set<","","","","READ_OR_TECHNICAL_CANDIDATE","HEURISTIC_NOT_COMPLETE_CALL_GRAPH"
"src/Jularr.Web/Features/Acquisition/Monitoring/VideoMonitoringService.cs","18928","BODY_SCANNED_FOR_KEYWORDS","AppDbContext; AsNoTracking","Works; WorkEpisodes; WorkSeasons; WorkExternalIdentities","","","READ_OR_TECHNICAL_CANDIDATE","HEURISTIC_NOT_COMPLETE_CALL_GRAPH"
"src/Jularr.Web/Features/Acquisition/Naming/AnimeRenameService.cs","49116","BODY_SCANNED_FOR_KEYWORDS","AppDbContext; SaveChangesAsync; BeginTransaction; ExecuteAsync; Set<; AsNoTracking","Anime; AnimeMetadata; Episodes; MediaFiles; LibraryRoots; SubtitleTracks","","","WRITE_CANDIDATE","HEURISTIC_NOT_COMPLETE_CALL_GRAPH"
"src/Jularr.Web/Features/Acquisition/Pipeline/AnimeAcquisitionScheduler.cs","11104","BODY_SCANNED_FOR_KEYWORDS","","","","","NO_SELECTED_INDICATORS","HEURISTIC_NOT_COMPLETE_CALL_GRAPH"
"src/Jularr.Web/Features/Acquisition/Pipeline/AnimeManualGrabService.cs","5644","BODY_SCANNED_FOR_KEYWORDS","","","","","NO_SELECTED_INDICATORS","HEURISTIC_NOT_COMPLETE_CALL_GRAPH"
"src/Jularr.Web/Features/Acquisition/Sabnzbd/SabnzbdDownloadService.cs","11577","BODY_SCANNED_FOR_KEYWORDS","AppDbContext","","","","READ_OR_TECHNICAL_CANDIDATE","HEURISTIC_NOT_COMPLETE_CALL_GRAPH"
"src/Jularr.Web/Features/Acquisition/Selection/ReleaseReliabilityService.cs","4326","BODY_SCANNED_FOR_KEYWORDS","AppDbContext","","","","READ_OR_TECHNICAL_CANDIDATE","HEURISTIC_NOT_COMPLETE_CALL_GRAPH"
"src/Jularr.Web/Features/Acquisition/Wanted/AdminWantedQuery.cs","13893","BODY_SCANNED_FOR_KEYWORDS","","","","","NO_SELECTED_INDICATORS","HEURISTIC_NOT_COMPLETE_CALL_GRAPH"
"src/Jularr.Web/Features/Acquisition/Wanted/WantedAcquisitionService.cs","21892","BODY_SCANNED_FOR_KEYWORDS","AppDbContext; ExecuteAsync","","","","READ_OR_TECHNICAL_CANDIDATE","HEURISTIC_NOT_COMPLETE_CALL_GRAPH"
"src/Jularr.Web/Features/Acquisition/Wanted/WantedListService.cs","17078","BODY_SCANNED_FOR_KEYWORDS","AppDbContext; AsNoTracking","WorkEpisodes; MediaAssets; StoredFiles; Anime; AnimeMetadata","","","READ_OR_TECHNICAL_CANDIDATE","HEURISTIC_NOT_COMPLETE_CALL_GRAPH"
"src/Jularr.Web/Features/Acquisition/Wanted/WantedSql.cs","27479","BODY_SCANNED_FOR_KEYWORDS","","AcquisitionRequests; Operations; RequestTargets; MediaAssets; StoredFiles; WorkSourceLinks; BookEditions; BookFiles; NovelVolumes; MangaChapters; AudiobookFiles; Works; WorkVolumes; WorkUnitBindings; WorkChapters; WorkMonitoring; MusicAlbums; WorkEpisodes; WorkEditions; WantedItems; WorkExternalIdentities; AnimeMetadata","FALSE","","NO_SELECTED_INDICATORS","HEURISTIC_NOT_COMPLETE_CALL_GRAPH"
"src/Jularr.Web/Features/Auth/AdminAccountService.cs","2968","BODY_SCANNED_FOR_KEYWORDS","AppDbContext; NpgsqlCommand; ExecuteScalarAsync","OwnerAccounts","","","READ_OR_TECHNICAL_CANDIDATE","HEURISTIC_NOT_COMPLETE_CALL_GRAPH"
"src/Jularr.Web/Features/Auth/MediaCapabilityService.cs","3388","BODY_SCANNED_FOR_KEYWORDS","","","","","NO_SELECTED_INDICATORS","HEURISTIC_NOT_COMPLETE_CALL_GRAPH"
"src/Jularr.Web/Features/Auth/OwnerAuthService.cs","25891","BODY_SCANNED_FOR_KEYWORDS","AppDbContext; SaveChangesAsync; SqlQuery; BeginTransaction; ExecuteSqlRaw; AsNoTracking","OwnerAccounts; AccountSessionStates; AccountLoginIdentities","Model","","WRITE_CANDIDATE","HEURISTIC_NOT_COMPLETE_CALL_GRAPH"
"src/Jularr.Web/Features/Library/AdminMediaDetailService.cs","14172","BODY_SCANNED_FOR_KEYWORDS","AppDbContext; AsNoTracking","Anime; AnimeMetadata; Episodes; MediaFiles; LibraryRoots; MediaAnalyses; MediaAnalysisStreams; SubtitleTracks","","","READ_OR_TECHNICAL_CANDIDATE","HEURISTIC_NOT_COMPLETE_CALL_GRAPH"
"src/Jularr.Web/Features/Library/AnimeEpisodeMediaQuery.cs","3584","BODY_SCANNED_FOR_KEYWORDS","AppDbContext; Set<; AsNoTracking","MediaFiles; Episodes; MediaAnalyses; MediaAnalysisStreams; SubtitleTracks","","","READ_OR_TECHNICAL_CANDIDATE","HEURISTIC_NOT_COMPLETE_CALL_GRAPH"
"src/Jularr.Web/Features/Library/AnimeRepairService.cs","13302","BODY_SCANNED_FOR_KEYWORDS","AppDbContext; SaveChangesAsync; AsNoTracking","Anime; Episodes; MediaFiles; AnimeMetadata","","","WRITE_CANDIDATE","HEURISTIC_NOT_COMPLETE_CALL_GRAPH"
"src/Jularr.Web/Features/Library/HomeVideoQuery.cs","15515","BODY_SCANNED_FOR_KEYWORDS","AppDbContext; SqlQuery","MediaAssets; StoredFiles; Works; WorkEpisodes; WorkSourceLinks; Anime; AnimeMetadata","","","READ_OR_TECHNICAL_CANDIDATE","HEURISTIC_NOT_COMPLETE_CALL_GRAPH"
"src/Jularr.Web/Features/Library/LibraryMediaCardQuery.cs","27809","BODY_SCANNED_FOR_KEYWORDS","AppDbContext; AsNoTracking","WorkExternalIdentities; Works; WorkSourceLinks; MediaAssets; StoredFiles; Anime; AnimeMetadata; AnimeLocalMetadata; Episodes; SubtitleTracks; WorkEpisodes; MediaTechnicalAnalyses; MediaTracks; EpisodeProgress","Units; CardMetadata; Languages; RequestByWork; MovieFiles; MovieProgress; NowUtc; LegacyEpisodeIds","","READ_OR_TECHNICAL_CANDIDATE","HEURISTIC_NOT_COMPLETE_CALL_GRAPH"
"src/Jularr.Web/Features/Library/LibraryRootQueries.cs","1483","BODY_SCANNED_FOR_KEYWORDS","AppDbContext; AsNoTracking","LibraryRootContentAssignments; LibraryRoots","","","READ_OR_TECHNICAL_CANDIDATE","HEURISTIC_NOT_COMPLETE_CALL_GRAPH"
"src/Jularr.Web/Features/Library/LibraryStartupScanService.cs","4382","BODY_SCANNED_FOR_KEYWORDS","AppDbContext; ExecuteAsync","","AnimeRootsForBackgroundWorkAsync","","READ_OR_TECHNICAL_CANDIDATE","HEURISTIC_NOT_COMPLETE_CALL_GRAPH"
"src/Jularr.Web/Features/Library/LibraryWatchService.cs","13455","BODY_SCANNED_FOR_KEYWORDS","AppDbContext; ExecuteAsync","","AnimeRootsForBackgroundWorkAsync","","READ_OR_TECHNICAL_CANDIDATE","HEURISTIC_NOT_COMPLETE_CALL_GRAPH"
"src/Jularr.Web/Features/Library/MediaFileReanalysisService.cs","2774","BODY_SCANNED_FOR_KEYWORDS","AppDbContext; AsNoTracking","MediaAssets; StoredFiles; MediaFiles; Episodes","","","READ_OR_TECHNICAL_CANDIDATE","HEURISTIC_NOT_COMPLETE_CALL_GRAPH"
"src/Jularr.Web/Features/Library/MediaInventoryService.cs","25298","BODY_SCANNED_FOR_KEYWORDS","AppDbContext; SaveChangesAsync; ExecuteUpdateAsync; ExecuteDeleteAsync; BeginTransaction; AsNoTracking","MediaTechnicalAnalyses; StoredFiles; MediaTracks","","","WRITE_CANDIDATE","HEURISTIC_NOT_COMPLETE_CALL_GRAPH"
"src/Jularr.Web/Features/MediaCore/WorkQueryService.cs","12906","BODY_SCANNED_FOR_KEYWORDS","AppDbContext; Set<; AsNoTracking","Works","Set","","READ_OR_TECHNICAL_CANDIDATE","HEURISTIC_NOT_COMPLETE_CALL_GRAPH"
"src/Jularr.Web/Features/MediaCore/WorkService.cs","37281","BODY_SCANNED_FOR_KEYWORDS","AppDbContext; SaveChangesAsync; BeginTransaction; Set<","WantedItems; WorkMonitoring; WorkSeasons; WorkEpisodes; WorkVolumes; WorkChapters; WorkTracks","Set","","WRITE_CANDIDATE","HEURISTIC_NOT_COMPLETE_CALL_GRAPH"
"src/Jularr.Web/Features/MediaCore/WorkStructureService.cs","8453","BODY_SCANNED_FOR_KEYWORDS","AppDbContext; SaveChangesAsync; Set<","","Set","","WRITE_CANDIDATE","HEURISTIC_NOT_COMPLETE_CALL_GRAPH"
