PR,Title,Head,Base,Draft,ChangedFilesPage1,PageTruncated,MigrationOrModelPaths,Database/SQL Related Paths,ApiOrClientPaths,Decision,UpdatedAt,FilePaths
"943","feat: establish neutral PostgreSQL transaction context (#942)","feat/sqlcontext-transaction-foundation-942","dev","true","2","false","","","","NEEDS_OWNER_MERGE_PORT_DEFER_DECISION","2026-10-10T12:03:52Z","src/Jularr.Web/Infrastructure/Sql/SqlContext.cs; tests/Jularr.Tests/SqlContextTests.cs"
"941","docs: unify Data / Service / Logic SQL clean-cut contract","docs/service-data-logic-contract-20261010","dev","false","7","false","","","","NEEDS_OWNER_MERGE_PORT_DEFER_DECISION","2026-10-10T11:53:27Z","AGENTS.md; docs/ARCHITECTURE.md; docs/CLEAN_CUT_DATABASE.md; docs/DATABASE_CONVENTIONS.md; docs/DATABASE_CUTOVER_EXECUTION_PLAN.md; docs/MAINTAINABILITY_CONVENTIONS.md; docs/SERVICE_DATA_LOGIC_ARCHITECTURE.md"
"937","Jellyfin V1: scoped read-only library adapter foundation (#886)","feat/jellyfin-external-playback-886","dev","true","2","false","","","","NEEDS_OWNER_MERGE_PORT_DEFER_DECISION","2026-10-10T07:45:19Z","src/Jularr.Web/Features/ExternalPlayback/Jellyfin/JellyfinLibraryClient.cs; tests/Jularr.Tests/JellyfinLibraryClientTests.cs"
"929","Playback: current-dev integrated WAN, HLS and verified rendition selection (#887–#889)","feature/playback-current-dev-887-889","dev","true","38","false","","src/Jularr.Web/Features/Playback/Transcoding/PlaybackTranscodingSettings.cs","src/Jularr.Web/Features/ClientApi/ClientApiEndpoints.cs; src/Jularr.Web/Features/ClientApi/ClientApiPlaybackPlanEndpoints.cs; src/Jularr.Web/Pages/Admin/Transcoding.cshtml; src/Jularr.Web/Pages/Admin/Transcoding.cshtml.cs","NEEDS_OWNER_MERGE_PORT_DEFER_DECISION","2026-10-10T07:00:47Z","docs/PLAYBACK.md; src/Jularr.Web/Features/ClientApi/ClientApiEndpoints.cs; src/Jularr.Web/Features/ClientApi/ClientApiPlaybackPlanEndpoints.cs; src/Jularr.Web/Features/Library/CanonicalMediaStorage.cs; src/Jularr.Web/Features/Library/MediaInventoryModels.cs; src/Jularr.Web/Features/Library/MediaInventoryService.cs; src/Jularr.Web/Features/Localization/UiTranslationResources.cs; src/Jularr.Web/Features/Playback/Decision/PlaybackAdaptation.cs; src/Jularr.Web/Features/Playback/Decision/PlaybackAdmission.cs; src/Jularr.Web/Features/Playback/Decision/PlaybackDecisionEngine.cs; src/Jularr.Web/Features/Playback/Decision/PlaybackDecisionRegistration.cs; src/Jularr.Web/Features/Playback/Decision/PlaybackDeliveryCommand.cs; src/Jularr.Web/Features/Playback/Decision/PlaybackPlan.cs; src/Jularr.Web/Features/Playback/Decision/PlaybackPlanService.cs; src/Jularr.Web/Features/Playback/Decision/PlaybackPreparationDemand.cs; src/Jularr.Web/Features/Playback/Decision/PlaybackPreparationDemandService.cs; src/Jularr.Web/Features/Playback/Decision/PlaybackQualityPresets.cs; src/Jularr.Web/Features/Playback/Decision/PlaybackStreamSessions.cs; src/Jularr.Web/Features/Playback/HlsPlayback.cs; src/Jularr.Web/Features/Playback/PlaybackPreparation.cs; src/Jularr.Web/Features/Playback/Transcoding/PlaybackTranscodingSettings.cs; src/Jularr.Web/Features/Progress/VideoProgress.cs; src/Jularr.Web/Features/Storage/Insights/StorageCacheScanner.cs; src/Jularr.Web/Pages/Admin/Transcoding.cshtml; src/Jularr.Web/Pages/Admin/Transcoding.cshtml.cs; src/Jularr.Web/Program.cs; tests/Jularr.Tests/CanonicalPlaybackPlanTests.cs; tests/Jularr.Tests/PlaybackAdaptationTests.cs; tests/Jularr.Tests/PlaybackDecisionEngineTests.cs; tests/Jularr.Tests/PlaybackEncoderArgumentTests.cs; tests/Jularr.Tests/PlaybackPreparationDemandTests.cs; tests/Jularr.Tests/PlaybackServerResourceTests.cs; tests/Jularr.Tests/PlaybackTranscodeMeterTests.cs; tests/Jularr.Tests/PlaybackWanBudgetTests.cs; tests/Jularr.Tests/StorageInsightsTests.cs; tests/Jularr.Tests/StreamSessionStatusEndpointTests.cs; tests/Jularr.Tests/TranscodingPageTests.cs; tests/Jularr.Tests/VideoProgressTests.cs"
"928","Playback integration: WAN fairness, demand-paced HLS and verified renditions (#887–#889)","feature/playback-unified-887-889","dev","true","33","false","","src/Jularr.Web/Features/Playback/Transcoding/PlaybackTranscodingSettings.cs","src/Jularr.Web/Features/ClientApi/ClientApiPlaybackPlanEndpoints.cs; src/Jularr.Web/Pages/Admin/Transcoding.cshtml; src/Jularr.Web/Pages/Admin/Transcoding.cshtml.cs","NEEDS_OWNER_MERGE_PORT_DEFER_DECISION","2026-10-09T22:58:56Z","docs/PLAYBACK.md; src/Jularr.Web/Features/ClientApi/ClientApiPlaybackPlanEndpoints.cs; src/Jularr.Web/Features/Library/CanonicalMediaStorage.cs; src/Jularr.Web/Features/Library/MediaInventoryModels.cs; src/Jularr.Web/Features/Library/MediaInventoryService.cs; src/Jularr.Web/Features/Localization/UiTranslationResources.cs; src/Jularr.Web/Features/Playback/Decision/PlaybackAdaptation.cs; src/Jularr.Web/Features/Playback/Decision/PlaybackAdmission.cs; src/Jularr.Web/Features/Playback/Decision/PlaybackDecisionEngine.cs; src/Jularr.Web/Features/Playback/Decision/PlaybackDecisionRegistration.cs; src/Jularr.Web/Features/Playback/Decision/PlaybackDeliveryCommand.cs; src/Jularr.Web/Features/Playback/Decision/PlaybackPlan.cs; src/Jularr.Web/Features/Playback/Decision/PlaybackPlanService.cs; src/Jularr.Web/Features/Playback/Decision/PlaybackPreparationDemand.cs; src/Jularr.Web/Features/Playback/Decision/PlaybackPreparationDemandService.cs; src/Jularr.Web/Features/Playback/Decision/PlaybackQualityPresets.cs; src/Jularr.Web/Features/Playback/Decision/PlaybackStreamSessions.cs; src/Jularr.Web/Features/Playback/HlsPlayback.cs; src/Jularr.Web/Features/Playback/Transcoding/PlaybackTranscodingSettings.cs; src/Jularr.Web/Features/Progress/VideoProgress.cs; src/Jularr.Web/Pages/Admin/Transcoding.cshtml; src/Jularr.Web/Pages/Admin/Transcoding.cshtml.cs; src/Jularr.Web/Program.cs; tests/Jularr.Tests/CanonicalPlaybackPlanTests.cs; tests/Jularr.Tests/PlaybackAdaptationTests.cs; tests/Jularr.Tests/PlaybackDecisionEngineTests.cs; tests/Jularr.Tests/PlaybackEncoderArgumentTests.cs; tests/Jularr.Tests/PlaybackPreparationDemandTests.cs; tests/Jularr.Tests/PlaybackServerResourceTests.cs; tests/Jularr.Tests/PlaybackTranscodeMeterTests.cs; tests/Jularr.Tests/PlaybackWanBudgetTests.cs; tests/Jularr.Tests/TranscodingPageTests.cs; tests/Jularr.Tests/VideoProgressTests.cs"
"923","Playback: integrate verified same-source rendition selection on current dev (#889)","feature/playback-rendition-integrated-889","dev","true","5","false","","","","NEEDS_OWNER_MERGE_PORT_DEFER_DECISION","2026-10-09T22:55:51Z","src/Jularr.Web/Features/Library/CanonicalMediaStorage.cs; src/Jularr.Web/Features/Library/MediaInventoryModels.cs; src/Jularr.Web/Features/Library/MediaInventoryService.cs; src/Jularr.Web/Features/Playback/Decision/PlaybackPlanService.cs; tests/Jularr.Tests/CanonicalPlaybackPlanTests.cs"
"921","Playback: integrate shared WAN upload policy on current dev (#887)","feature/playback-wan-integrated-887","dev","true","18","false","","src/Jularr.Web/Features/Playback/Transcoding/PlaybackTranscodingSettings.cs","src/Jularr.Web/Features/ClientApi/ClientApiPlaybackPlanEndpoints.cs; src/Jularr.Web/Pages/Admin/Transcoding.cshtml; src/Jularr.Web/Pages/Admin/Transcoding.cshtml.cs","NEEDS_OWNER_MERGE_PORT_DEFER_DECISION","2026-10-09T22:47:03Z","docs/PLAYBACK.md; src/Jularr.Web/Features/ClientApi/ClientApiPlaybackPlanEndpoints.cs; src/Jularr.Web/Features/Localization/UiTranslationResources.cs; src/Jularr.Web/Features/Playback/Decision/PlaybackAdaptation.cs; src/Jularr.Web/Features/Playback/Decision/PlaybackDecisionEngine.cs; src/Jularr.Web/Features/Playback/Decision/PlaybackDecisionRegistration.cs; src/Jularr.Web/Features/Playback/Decision/PlaybackPlan.cs; src/Jularr.Web/Features/Playback/Decision/PlaybackPlanService.cs; src/Jularr.Web/Features/Playback/Decision/PlaybackQualityPresets.cs; src/Jularr.Web/Features/Playback/Decision/PlaybackStreamSessions.cs; src/Jularr.Web/Features/Playback/Transcoding/PlaybackTranscodingSettings.cs; src/Jularr.Web/Pages/Admin/Transcoding.cshtml; src/Jularr.Web/Pages/Admin/Transcoding.cshtml.cs; src/Jularr.Web/Program.cs; tests/Jularr.Tests/PlaybackAdaptationTests.cs; tests/Jularr.Tests/PlaybackDecisionEngineTests.cs; tests/Jularr.Tests/PlaybackWanBudgetTests.cs; tests/Jularr.Tests/TranscodingPageTests.cs"
"920","Plex server integration on current dev: grants, scoped media access, reconciliation (#886)","feat/plex-server-integration-dev-886","dev","true","52","false","src/Jularr.Web/Data/AppDbContext.cs; src/Jularr.Web/Data/Migrations/20261009220000_PlexPinAttemptPurpose.cs; src/Jularr.Web/Data/Migrations/AppDbContextModelSnapshot.cs","src/Jularr.Web/Data/AppDbContext.cs; src/Jularr.Web/Data/Migrations/AppDbContextModelSnapshot.cs; src/Jularr.Web/Features/ExternalPlayback/Plex/PlexCatalogCheckpointStore.cs; src/Jularr.Web/Features/ExternalPlayback/Plex/PlexProfileConnectionStore.cs; src/Jularr.Web/Features/ExternalPlayback/Plex/PlexServerGrantStore.cs; src/Jularr.Web/Features/Plex/PlexIdentityProviderSettings.cs; src/Jularr.Web/Features/Plex/PlexIdentitySettingsStore.cs; src/Jularr.Web/Pages/Library/VideoDetailPageModel.cs; src/Jularr.Web/Pages/Settings/Index.cshtml.cs; tests/Jularr.Tests/PlexProviderSettingsTests.cs","src/Jularr.Web/Pages/Account/Plex.cshtml; src/Jularr.Web/Pages/Account/Plex.cshtml.cs; src/Jularr.Web/Pages/Admin/Plex.cshtml; src/Jularr.Web/Pages/Admin/Plex.cshtml.cs; src/Jularr.Web/Pages/Library/Movie.cshtml.cs; src/Jularr.Web/Pages/Library/Series.cshtml.cs; src/Jularr.Web/Pages/Library/VideoDetailPageModel.cs; src/Jularr.Web/Pages/Library/_VideoDetailHero.cshtml; src/Jularr.Web/Pages/Requests/Details.cshtml.cs; src/Jularr.Web/Pages/Requests/_RequestStatusPanel.cshtml; src/Jularr.Web/Pages/Settings/Index.cshtml.cs; src/Jularr.Web/Pages/Shared/_ProviderDetail.cshtml","NEEDS_OWNER_MERGE_PORT_DEFER_DECISION","2026-10-10T07:47:51Z","docs/implementation/plex-library-adapter.md; src/Jularr.Web/Data/AppDbContext.cs; src/Jularr.Web/Data/Migrations/20261009220000_PlexPinAttemptPurpose.cs; src/Jularr.Web/Data/Migrations/AppDbContextModelSnapshot.cs; src/Jularr.Web/Features/Auth/PlexLoginAttempt.cs; src/Jularr.Web/Features/ExternalPlayback/Plex/PlexCatalogCheckpointStore.cs; src/Jularr.Web/Features/ExternalPlayback/Plex/PlexCatalogReconciliationJobs.cs; src/Jularr.Web/Features/ExternalPlayback/Plex/PlexCatalogReconciliationService.cs; src/Jularr.Web/Features/ExternalPlayback/Plex/PlexExternalPlaybackAction.cs; src/Jularr.Web/Features/ExternalPlayback/Plex/PlexItemAccessService.cs; src/Jularr.Web/Features/ExternalPlayback/Plex/PlexLibraryClient.cs; src/Jularr.Web/Features/ExternalPlayback/Plex/PlexOnDemandTargetResolver.cs; src/Jularr.Web/Features/ExternalPlayback/Plex/PlexProfileConnectionService.cs; src/Jularr.Web/Features/ExternalPlayback/Plex/PlexProfileConnectionStore.cs; src/Jularr.Web/Features/ExternalPlayback/Plex/PlexResourceDiscoveryClient.cs; src/Jularr.Web/Features/ExternalPlayback/Plex/PlexServerCatalogScanService.cs; src/Jularr.Web/Features/ExternalPlayback/Plex/PlexServerGrantStore.cs; src/Jularr.Web/Features/ExternalPlayback/Plex/PlexServerSelectionService.cs; src/Jularr.Web/Features/ExternalPlayback/Plex/PlexWebDestinationService.cs; src/Jularr.Web/Features/ExternalPlayback/Plex/PlexWorkMatcher.cs; src/Jularr.Web/Features/Localization/UiTranslationResources.cs; src/Jularr.Web/Features/Plex/PlexIdentityProviderSettings.cs; src/Jularr.Web/Features/Plex/PlexIdentitySettingsStore.cs; src/Jularr.Web/Pages/Account/Plex.cshtml; src/Jularr.Web/Pages/Account/Plex.cshtml.cs; src/Jularr.Web/Pages/Admin/Plex.cshtml; src/Jularr.Web/Pages/Admin/Plex.cshtml.cs; src/Jularr.Web/Pages/Library/Movie.cshtml.cs; src/Jularr.Web/Pages/Library/Series.cshtml.cs; src/Jularr.Web/Pages/Library/VideoDetailPageModel.cs; src/Jularr.Web/Pages/Library/_VideoDetailHero.cshtml; src/Jularr.Web/Pages/Requests/Details.cshtml.cs; src/Jularr.Web/Pages/Requests/_RequestStatusPanel.cshtml; src/Jularr.Web/Pages/Settings/Index.cshtml.cs; src/Jularr.Web/Pages/Shared/_ProviderDetail.cshtml; src/Jularr.Web/Program.cs; tests/Jularr.Tests/PlexCatalogReconciliationJobTests.cs; tests/Jularr.Tests/PlexCatalogReconciliationTests.cs; tests/Jularr.Tests/PlexItemAccessTests.cs; tests/Jularr.Tests/PlexLibraryAdapterTests.cs; tests/Jularr.Tests/PlexMediaConsentHandlerTests.cs; tests/Jularr.Tests/PlexOnDemandHandoffTests.cs; tests/Jularr.Tests/PlexProfileAccessTests.cs; tests/Jularr.Tests/PlexProfileConnectionTests.cs; tests/Jularr.Tests/PlexProviderSettingsTests.cs; tests/Jularr.Tests/PlexResourceDiscoveryTests.cs; tests/Jularr.Tests/PlexServerCatalogScanTests.cs; tests/Jularr.Tests/PlexServerSelectionTests.cs; tests/Jularr.Tests/PlexWebDestinationTests.cs; tests/Jularr.Tests/PlexWorkMatcherTests.cs; tests/Jularr.Tests/RoleAuthorizationTests.cs; tests/Jularr.Tests/VideoDetailPageTestHost.cs"
"919","Integrate HLS pacing on current dev","feature/playback-hls-integrated-888","dev","true","7","false","","","src/Jularr.Web/Features/ClientApi/ClientApiPlaybackPlanEndpoints.cs","NEEDS_OWNER_MERGE_PORT_DEFER_DECISION","2026-10-09T22:47:05Z","src/Jularr.Web/Features/ClientApi/ClientApiPlaybackPlanEndpoints.cs; src/Jularr.Web/Features/Playback/Decision/PlaybackAdmission.cs; src/Jularr.Web/Features/Playback/Decision/PlaybackDeliveryCommand.cs; src/Jularr.Web/Features/Playback/HlsPlayback.cs; tests/Jularr.Tests/PlaybackEncoderArgumentTests.cs; tests/Jularr.Tests/PlaybackServerResourceTests.cs; tests/Jularr.Tests/PlaybackTranscodeMeterTests.cs"
"918","Playback: connect bounded resume demand to opt-in ROI policy (#889)","feature/playback-preparation-demand-889","dev","true","6","false","","","","NEEDS_OWNER_MERGE_PORT_DEFER_DECISION","2026-10-09T17:39:14Z","src/Jularr.Web/Features/Playback/Decision/PlaybackDecisionRegistration.cs; src/Jularr.Web/Features/Playback/Decision/PlaybackPreparationDemand.cs; src/Jularr.Web/Features/Playback/Decision/PlaybackPreparationDemandService.cs; src/Jularr.Web/Features/Progress/VideoProgress.cs; tests/Jularr.Tests/PlaybackPreparationDemandTests.cs; tests/Jularr.Tests/VideoProgressTests.cs"
"917","TV #906: integrate native Home, Player, Watchlist, Settings, Search and Details","feat/android-tv-integrated-906-20261009","dev","true","41","false","","","clients/android/app-tv/src/main/kotlin/de/juloc/jularr/tv/TvAccountSelectScreen.kt; clients/android/app-tv/src/main/kotlin/de/juloc/jularr/tv/TvAnimeDetailScreen.kt; clients/android/app-tv/src/main/kotlin/de/juloc/jularr/tv/TvAppController.kt; clients/android/app-tv/src/main/kotlin/de/juloc/jularr/tv/TvAppHost.kt; clients/android/app-tv/src/main/kotlin/de/juloc/jularr/tv/TvClientFlow.kt; clients/android/app-tv/src/main/kotlin/de/juloc/jularr/tv/TvContentFilter.kt; clients/android/app-tv/src/main/kotlin/de/juloc/jularr/tv/TvFocusStyle.kt; clients/android/app-tv/src/main/kotlin/de/juloc/jularr/tv/TvHomeScreen.kt; clients/android/app-tv/src/main/kotlin/de/juloc/jularr/tv/TvNavigation.kt; clients/android/app-tv/src/main/kotlin/de/juloc/jularr/tv/TvPlayerChrome.kt; clients/android/app-tv/src/main/kotlin/de/juloc/jularr/tv/TvPlayerDesign.kt; clients/android/app-tv/src/main/kotlin/de/juloc/jularr/tv/TvPlayerInteraction.kt; clients/android/app-tv/src/main/kotlin/de/juloc/jularr/tv/TvPlayerScreen.kt; clients/android/app-tv/src/main/kotlin/de/juloc/jularr/tv/TvProfileScreen.kt; clients/android/app-tv/src/main/kotlin/de/juloc/jularr/tv/TvProfileSelectScreen.kt; clients/android/app-tv/src/main/kotlin/de/juloc/jularr/tv/TvProgressPolicy.kt; clients/android/app-tv/src/main/kotlin/de/juloc/jularr/tv/TvScreens.kt; clients/android/app-tv/src/main/kotlin/de/juloc/jularr/tv/TvSearchFilter.kt; clients/android/app-tv/src/main/kotlin/de/juloc/jularr/tv/TvSearchScreen.kt; clients/android/app-tv/src/main/kotlin/de/juloc/jularr/tv/TvSessionStore.kt; clients/android/app-tv/src/main/kotlin/de/juloc/jularr/tv/TvSharedComponents.kt; clients/android/app-tv/src/main/kotlin/de/juloc/jularr/tv/TvSidebar.kt; clients/android/app-tv/src/main/kotlin/de/juloc/jularr/tv/TvWatchlistScreen.kt; clients/android/app-tv/src/main/res/values/strings.xml; clients/android/app-tv/src/test/kotlin/de/juloc/jularr/tv/TvAnimeDetailScreenTest.kt; clients/android/app-tv/src/test/kotlin/de/juloc/jularr/tv/TvAppControllerTest.kt; clients/android/app-tv/src/test/kotlin/de/juloc/jularr/tv/TvContentFilterTest.kt; clients/android/app-tv/src/test/kotlin/de/juloc/jularr/tv/TvNavigationTest.kt; clients/android/app-tv/src/test/kotlin/de/juloc/jularr/tv/TvPlayerInteractionTest.kt; clients/android/app-tv/src/test/kotlin/de/juloc/jularr/tv/TvProgressPolicyTest.kt; clients/android/app-tv/src/test/kotlin/de/juloc/jularr/tv/TvSearchFilterTest.kt; clients/android/app-tv/src/test/kotlin/de/juloc/jularr/tv/TvSeekScenesTest.kt; clients/android/app-tv/src/test/kotlin/de/juloc/jularr/tv/TvSessionCookieStoreTest.kt; clients/android/app-tv/src/test/kotlin/de/juloc/jularr/tv/TvWatchlistScreenTest.kt; clients/android/core-api/src/main/kotlin/de/juloc/jularr/core/api/ClientApiRoutes.kt; clients/android/core-api/src/main/kotlin/de/juloc/jularr/core/api/HttpJularrClientApi.kt; clients/android/core-api/src/main/kotlin/de/juloc/jularr/core/api/JularrClientApi.kt; clients/android/core-design/src/main/kotlin/de/juloc/jularr/core/design/PlayerDesignConfig.kt; clients/android/core-model/src/main/kotlin/de/juloc/jularr/core/model/ClientModels.kt; src/Jularr.Web/Features/ClientApi/ClientApiContracts.cs","NEEDS_OWNER_MERGE_PORT_DEFER_DECISION","2026-10-09T22:46:59Z","clients/android/app-tv/src/main/kotlin/de/juloc/jularr/tv/TvAccountSelectScreen.kt; clients/android/app-tv/src/main/kotlin/de/juloc/jularr/tv/TvAnimeDetailScreen.kt; clients/android/app-tv/src/main/kotlin/de/juloc/jularr/tv/TvAppController.kt; clients/android/app-tv/src/main/kotlin/de/juloc/jularr/tv/TvAppHost.kt; clients/android/app-tv/src/main/kotlin/de/juloc/jularr/tv/TvClientFlow.kt; clients/android/app-tv/src/main/kotlin/de/juloc/jularr/tv/TvContentFilter.kt; clients/android/app-tv/src/main/kotlin/de/juloc/jularr/tv/TvFocusStyle.kt; clients/android/app-tv/src/main/kotlin/de/juloc/jularr/tv/TvHomeScreen.kt; clients/android/app-tv/src/main/kotlin/de/juloc/jularr/tv/TvNavigation.kt; clients/android/app-tv/src/main/kotlin/de/juloc/jularr/tv/TvPlayerChrome.kt; clients/android/app-tv/src/main/kotlin/de/juloc/jularr/tv/TvPlayerDesign.kt; clients/android/app-tv/src/main/kotlin/de/juloc/jularr/tv/TvPlayerInteraction.kt; clients/android/app-tv/src/main/kotlin/de/juloc/jularr/tv/TvPlayerScreen.kt; clients/android/app-tv/src/main/kotlin/de/juloc/jularr/tv/TvProfileScreen.kt; clients/android/app-tv/src/main/kotlin/de/juloc/jularr/tv/TvProfileSelectScreen.kt; clients/android/app-tv/src/main/kotlin/de/juloc/jularr/tv/TvProgressPolicy.kt; clients/android/app-tv/src/main/kotlin/de/juloc/jularr/tv/TvScreens.kt; clients/android/app-tv/src/main/kotlin/de/juloc/jularr/tv/TvSearchFilter.kt; clients/android/app-tv/src/main/kotlin/de/juloc/jularr/tv/TvSearchScreen.kt; clients/android/app-tv/src/main/kotlin/de/juloc/jularr/tv/TvSessionStore.kt; clients/android/app-tv/src/main/kotlin/de/juloc/jularr/tv/TvSharedComponents.kt; clients/android/app-tv/src/main/kotlin/de/juloc/jularr/tv/TvSidebar.kt; clients/android/app-tv/src/main/kotlin/de/juloc/jularr/tv/TvWatchlistScreen.kt; clients/android/app-tv/src/main/res/values/strings.xml; clients/android/app-tv/src/test/kotlin/de/juloc/jularr/tv/TvAnimeDetailScreenTest.kt; clients/android/app-tv/src/test/kotlin/de/juloc/jularr/tv/TvAppControllerTest.kt; clients/android/app-tv/src/test/kotlin/de/juloc/jularr/tv/TvContentFilterTest.kt; clients/android/app-tv/src/test/kotlin/de/juloc/jularr/tv/TvNavigationTest.kt; clients/android/app-tv/src/test/kotlin/de/juloc/jularr/tv/TvPlayerInteractionTest.kt; clients/android/app-tv/src/test/kotlin/de/juloc/jularr/tv/TvProgressPolicyTest.kt; clients/android/app-tv/src/test/kotlin/de/juloc/jularr/tv/TvSearchFilterTest.kt; clients/android/app-tv/src/test/kotlin/de/juloc/jularr/tv/TvSeekScenesTest.kt; clients/android/app-tv/src/test/kotlin/de/juloc/jularr/tv/TvSessionCookieStoreTest.kt; clients/android/app-tv/src/test/kotlin/de/juloc/jularr/tv/TvWatchlistScreenTest.kt; clients/android/core-api/src/main/kotlin/de/juloc/jularr/core/api/ClientApiRoutes.kt; clients/android/core-api/src/main/kotlin/de/juloc/jularr/core/api/HttpJularrClientApi.kt; clients/android/core-api/src/main/kotlin/de/juloc/jularr/core/api/JularrClientApi.kt; clients/android/core-design/src/main/kotlin/de/juloc/jularr/core/design/PlayerDesignConfig.kt; clients/android/core-model/src/main/kotlin/de/juloc/jularr/core/model/ClientModels.kt; src/Jularr.Web/Features/ClientApi/ClientApiContracts.cs; tests/Jularr.Tests/WatchlistTests.cs"
"842","Notifications UX and canonical delivery model","planning/notifications-ux-20261004","dev","true","47","false","src/Jularr.Web/Data/Migrations/20261004140000_NotificationPreferencesTargetModel.cs; tests/Jularr.Tests/NotificationPreferenceMigrationTests.cs","src/Jularr.Web/Data/Migrations/20261004140000_NotificationPreferencesTargetModel.cs; src/Jularr.Web/Features/Notifications/NotificationSubscriptionStore.cs; src/Jularr.Web/Features/Operations/OperationStore.cs; tests/Jularr.Tests/ProfileNotificationSettingsTests.cs","src/Jularr.Web/Pages/Profile/Notifications.cshtml; src/Jularr.Web/Pages/Profile/Notifications.cshtml.cs","NEEDS_OWNER_MERGE_PORT_DEFER_DECISION","2026-10-04T18:27:17Z","docs/CROSS-SPEC-CONSISTENCY-AUDIT.md; docs/INFORMATION_ARCHITECTURE.md; docs/NOTIFICATIONS.md; docs/UX.md; docs/implementation/notifications-target-model.md; docs/mockups/README.md; docs/mockups/admin-notifications/SPEC.md; docs/mockups/notifications-banner/.gitkeep; docs/mockups/notifications-banner/SPEC.md; docs/mockups/notifications-banner/image.png; docs/mockups/notifications-bell/SPEC.md; docs/mockups/notifications-bell/image.png; docs/mockups/notifications-center/.gitkeep; docs/mockups/notifications-center/Jularr Benachrichtigungsübersicht auf Desktop und Mobilgerät.png; docs/mockups/notifications-center/SPEC.md; docs/mockups/notifications-digest/SPEC.md; docs/mockups/notifications-digest/file_0000000084988210844cf32ae291cd87.png; docs/mockups/notifications-quiet-hours/SPEC.md; docs/mockups/notifications-quiet-hours/file_0000000096608243ad8499afd0ece8c1.png; docs/mockups/notifications-settings/Jularr Benachrichtigungseinstellungen auf Desktop und Mobil.png; docs/mockups/notifications-settings/SPEC.md; docs/mockups/notifications-toast-popup/.gitkeep; docs/mockups/notifications-toast-popup/SPEC.md; docs/mockups/notifications-toast-popup/image.png; docs/mockups/notifications-topic-editor/SPEC.md; docs/mockups/notifications-topic-editor/file_00000000ce8482109d73e4c9975e3968.png; src/Jularr.Web/Data/Migrations/20261004140000_NotificationPreferencesTargetModel.cs; src/Jularr.Web/Data/SqliteImport/SqliteToPostgresImporter.cs; src/Jularr.Web/Features/Events/JularrEventModels.cs; src/Jularr.Web/Features/Events/JularrEventNotificationPolicy.cs; src/Jularr.Web/Features/Events/JularrEventPublisher.cs; src/Jularr.Web/Features/Notifications/INotificationSink.cs; src/Jularr.Web/Features/Notifications/NotificationDispatcher.cs; src/Jularr.Web/Features/Notifications/NotificationModels.cs; src/Jularr.Web/Features/Notifications/NotificationPreferenceResolver.cs; src/Jularr.Web/Features/Notifications/NotificationSubscriptionStore.cs; src/Jularr.Web/Features/Operations/OperationStore.cs; src/Jularr.Web/Pages/Profile/Notifications.cshtml; src/Jularr.Web/Pages/Profile/Notifications.cshtml.cs; src/Jularr.Web/wwwroot/css/notifications.css; tests/Jularr.Tests/EventNotificationPipelineTests.cs; tests/Jularr.Tests/NotificationEventPolicyTests.cs; tests/Jularr.Tests/NotificationPreferenceMigrationTests.cs; tests/Jularr.Tests/NotificationPreferenceResolverTests.cs; tests/Jularr.Tests/NotificationPreferenceStoreTests.cs; tests/Jularr.Tests/OperationNotificationAudienceTests.cs; tests/Jularr.Tests/ProfileNotificationSettingsTests.cs"
"768","Explain per-user request policy","ui/admin-user-request-policy-v1","dev","true","6","false","","","src/Jularr.Web/Pages/Admin/User.cshtml; src/Jularr.Web/Pages/Admin/User.cshtml.cs","NEEDS_OWNER_MERGE_PORT_DEFER_DECISION","2026-10-09T22:48:32Z","docs/implementation/admin-user-request-policy.md; src/Jularr.Web/Features/Localization/UiTranslationResources.cs; src/Jularr.Web/Pages/Admin/User.cshtml; src/Jularr.Web/Pages/Admin/User.cshtml.cs; src/Jularr.Web/wwwroot/css/site.css; tests/Jularr.Tests/AdminUserRequestPolicyTests.cs"
"761","Add account groups to Admin users and permissions","ui/admin-account-groups-v1","dev","true","14","false","src/Jularr.Web/Data/Migrations/20261003124800_AddAccountGroups.cs","src/Jularr.Web/Features/Auth/AccountGroupStore.cs","src/Jularr.Web/Pages/Admin/Groups.cshtml; src/Jularr.Web/Pages/Admin/Groups.cshtml.cs; src/Jularr.Web/Pages/Admin/User.cshtml; src/Jularr.Web/Pages/Admin/User.cshtml.cs; src/Jularr.Web/Pages/Admin/Users.cshtml; src/Jularr.Web/Pages/Admin/_AdminNavigation.cshtml","NEEDS_OWNER_MERGE_PORT_DEFER_DECISION","2026-10-09T22:48:16Z","docs/implementation/admin-account-groups.md; src/Jularr.Web/Data/Migrations/20261003124800_AddAccountGroups.cs; src/Jularr.Web/Features/Auth/AccountGroupStore.cs; src/Jularr.Web/Features/Localization/UiTranslationResources.cs; src/Jularr.Web/Pages/Admin/Groups.cshtml; src/Jularr.Web/Pages/Admin/Groups.cshtml.cs; src/Jularr.Web/Pages/Admin/User.cshtml; src/Jularr.Web/Pages/Admin/User.cshtml.cs; src/Jularr.Web/Pages/Admin/Users.cshtml; src/Jularr.Web/Pages/Admin/_AdminNavigation.cshtml; src/Jularr.Web/Program.cs; src/Jularr.Web/wwwroot/css/site.css; tests/Jularr.Tests/AccountGroupStoreTests.cs; tests/Jularr.Tests/RoleAuthorizationTests.cs"
"608","Colocate theme control frontend assets","codex/frontend-shared-migration","dev","false","9","false","","","src/Jularr.Web/Pages/Shared/_AppThemeControl.cshtml; src/Jularr.Web/Pages/Shared/_AppThemeControl.scss; src/Jularr.Web/Pages/Shared/_AppThemeControl.ts; src/Jularr.Web/Pages/Shared/_Layout.cshtml","NEEDS_OWNER_MERGE_PORT_DEFER_DECISION","2026-10-09T22:48:49Z","src/Jularr.Web/Dockerfile; src/Jularr.Web/Pages/Shared/_AppThemeControl.cshtml; src/Jularr.Web/Pages/Shared/_AppThemeControl.scss; src/Jularr.Web/Pages/Shared/_AppThemeControl.ts; src/Jularr.Web/Pages/Shared/_Layout.cshtml; src/Jularr.Web/frontend/entries/app.ts; src/Jularr.Web/wwwroot/css/site.css; src/Jularr.Web/wwwroot/css/theme-catalog.css; src/Jularr.Web/wwwroot/js/app-theme.js"
