TargetTypeTable,Domain,CurrentDraftIdKeyPairs,Status,CSharpSourceEvidence,Contract,GateBAction
"AuthChallengePurposeTypes","Accounts/Auth","1:email_verification;2:password_reset;3:totp_enrollment;4:totp_sign_in;5:passkey_enrollment;6:passkey_sign_in;7:external_login;8:external_link;9:provider_media_consent","TARGET_CONTRACT_DEFINED","CLEAN_CUT_DATABASE.md auth lifecycles; PR 920 browser-bound PIN purposes","docs/DATABASE_CUTOVER_PHASE_B_TYPE_CONTRACTS.cs: AuthChallengePurpose : byte","Fresh explicit target codes; no free-text purpose or legacy int mapping"
"AccountRoleTypes","Accounts/Auth","1:owner;2:user;3:media_manager","TARGET_CONTRACT_DEFINED","Features/Auth/OwnerAccount.cs","docs/DATABASE_CUTOVER_PHASE_B_TYPE_CONTRACTS.cs: AccountRole : byte","Install identical seeds in C; port consumers to this target contract in D/E; no legacy int mapping assumed"
"AcquisitionIndexerTypeTypes","Acquisition","1:prowlarr;2:newznab","TARGET_CONTRACT_DEFINED","Features/Acquisition/Indexers/IndexerModels.cs","docs/DATABASE_CUTOVER_PHASE_B_TYPE_CONTRACTS.cs: AcquisitionIndexerType : byte","Install identical seeds in C; port consumers in D/E; explicit fresh target codes are not a legacy int mapping"
"AcquisitionKindTypes","Acquisition","1:anime;2:manga;3:light_novel;4:book;5:movie;6:tv;7:audiobook;8:music","TARGET_CONTRACT_DEFINED","Features/Acquisition/Access/AcquisitionAccessModels.cs; operational capability taxonomy, not Work roots","docs/DATABASE_CUTOVER_PHASE_B_TYPE_CONTRACTS.cs: AcquisitionKind : byte","Install identical seeds in C; port consumers in D/E; explicit fresh target codes are not a legacy int mapping"
"AcquisitionRequestStatusTypes","Acquisition","1:pending;2:approved;3:searching;4:downloading;5:importing;6:completed;7:rejected;8:failed","TARGET_CONTRACT_DEFINED","Features/Acquisition/Access/AcquisitionAccessModels.cs","docs/DATABASE_CUTOVER_PHASE_B_TYPE_CONTRACTS.cs: AcquisitionRequestStatus : byte","Install identical seeds in C; port consumers in D/E; explicit fresh target codes are not a legacy int mapping"
"AcquisitionRuleEffectTypes","Acquisition","0:prefer;1:avoid;2:require;3:reject;4:info","TARGET_CONTRACT_DEFINED","Features/Acquisition/Quality/QualityModels.cs","docs/DATABASE_CUTOVER_PHASE_B_TYPE_CONTRACTS.cs: AcquisitionRuleEffect : byte","Install identical seeds in C; port consumers to this target contract in D/E; no legacy int mapping assumed"
"AcquisitionRuleFieldTypes","Acquisition","0:raw_title;1:release_group;2:source;3:resolution;4:video_codec;5:bit_depth;6:hdr_format;7:audio_codec;8:audio_language;9:subtitle_language;10:dual_audio;11:multi_audio;12:proper;13:repack;14:indexer","TARGET_CONTRACT_DEFINED","Features/Acquisition/Quality/QualityModels.cs","docs/DATABASE_CUTOVER_PHASE_B_TYPE_CONTRACTS.cs: AcquisitionRuleField : byte","Install identical seeds in C; port consumers to this target contract in D/E; no legacy int mapping assumed"
"AcquisitionRuleMatchTypes","Acquisition","0:equals;1:contains;2:regex","TARGET_CONTRACT_DEFINED","Features/Acquisition/Quality/QualityModels.cs","docs/DATABASE_CUTOVER_PHASE_B_TYPE_CONTRACTS.cs: AcquisitionRuleMatch : byte","Install identical seeds in C; port consumers to this target contract in D/E; no legacy int mapping assumed"
"EventAudienceTypes","Notifications/Events","1:profile;2:admin","TARGET_CONTRACT_DEFINED","PR #842 Features/Events/JularrEventModels.cs; RequiresProfile profile=true admin=false","docs/DATABASE_CUTOVER_PHASE_B_TYPE_CONTRACTS.cs: EventAudience : byte","Install identical seeds in C; port consumers in D/E; require explicit Profile for profile events and none for Admin"
"EventSeverityTypes","Notifications/Events","1:info;2:warning;3:critical","TARGET_CONTRACT_DEFINED","PR #842 Features/Events/JularrEventModels.cs","docs/DATABASE_CUTOVER_PHASE_B_TYPE_CONTRACTS.cs: EventSeverity : byte","Install identical seeds in C; port consumers in D/E; occurrence severity must match category policy"
"GameReleaseFileRoleTypes","Works/Media/Game","1:primary;2:disc;3:track;4:auxiliary","TARGET_CONTRACT_DEFINED","Features/Games/GameModels.cs","docs/DATABASE_CUTOVER_PHASE_B_TYPE_CONTRACTS.cs: GameReleaseFileRole : byte","Install identical seeds in C; port consumers in D/E; explicit fresh target codes are not a legacy int mapping"
"ImageTargetKindTypes","Works/Media/Game","1:work;2:work_chapter;3:media_chapter","TARGET_CONTRACT_DEFINED","CLEAN_CUT_DATABASE.md typed image target references","docs/DATABASE_CUTOVER_PHASE_B_TYPE_CONTRACTS.cs: ImageTargetKind : byte","Install identical seeds in C; port consumers to this target contract in D/E; no legacy int mapping assumed"
"ImageTypes","Works/Media/Game","1:cover;2:banner;3:poster;4:backdrop;5:logo;6:screenshot;7:title_screen","TARGET_CONTRACT_DEFINED","Features/Artwork/AnimeArtworkFiles.cs; Features/MediaCore/WorkMetadataEntities.cs; Features/Games/GameModels.cs","docs/DATABASE_CUTOVER_PHASE_B_TYPE_CONTRACTS.cs: ImageType : byte","Install identical seeds in C; port consumers in D/E; explicit fresh target codes are not a legacy int mapping"
"MediaAssetTypes","Works/Media/Game","1:video;2:audio;3:ebook;4:comic_archive;5:subtitle;6:image;7:game_binary","TARGET_CONTRACT_DEFINED","Features/Library/CanonicalMediaStorage.cs; Games binary files share the canonical asset/file chain","docs/DATABASE_CUTOVER_PHASE_B_TYPE_CONTRACTS.cs: MediaAssetType : byte","Install identical seeds in C; port consumers in D/E; explicit fresh target codes are not a legacy int mapping"
"MediaDetectionStatusTypes","Works/Media/Game","1:running;2:succeeded;3:failed;4:cancelled","TARGET_CONTRACT_DEFINED","CLEAN_CUT_DATABASE.md MediaDetectionRuns lifecycle; no-match is Succeeded with MatchCount=0, not a separate outcome","docs/DATABASE_CUTOVER_PHASE_B_TYPE_CONTRACTS.cs: MediaDetectionStatus : byte","Install identical seeds in C; port consumers in D/E; explicit fresh target codes are not a legacy int mapping"
"MediaDetectionTypes","Works/Media/Game","1:audio_fingerprint","TARGET_CONTRACT_DEFINED","Features/MediaSegments/AudioFingerprintMediaSegmentDetector.cs; no-op and manual/sidecar sources are not detectors","docs/DATABASE_CUTOVER_PHASE_B_TYPE_CONTRACTS.cs: MediaDetectionType : byte","Install identical seeds in C; port consumers in D/E; explicit fresh target codes are not a legacy int mapping"
"MediaSegmentSourceTypes","Works/Media/Game","1:manual;2:imported;3:provider;4:detector","TARGET_CONTRACT_DEFINED","Features/MediaSegments/MediaSegmentModels.cs; ascending authority priority is preserved","docs/DATABASE_CUTOVER_PHASE_B_TYPE_CONTRACTS.cs: MediaSegmentSource : byte","Install identical seeds in C; port consumers in D/E; explicit fresh target codes are not a legacy int mapping"
"MediaSegmentTypes","Works/Media/Game","1:intro;2:recap;3:outro;4:credits;5:preview","TARGET_CONTRACT_DEFINED","CLEAN_CUT_DATABASE.md timeline kinds","docs/DATABASE_CUTOVER_PHASE_B_TYPE_CONTRACTS.cs: MediaSegmentType : byte","Install identical seeds in C; port consumers to this target contract in D/E; no legacy int mapping assumed"
"MediaTrackTypes","Works/Media/Game","1:audio;2:subtitle;3:video","TARGET_CONTRACT_DEFINED","Features/Library/MediaInventoryModels.cs","docs/DATABASE_CUTOVER_PHASE_B_TYPE_CONTRACTS.cs: MediaTrackType : byte","Install identical seeds in C; port consumers in D/E; explicit fresh target codes are not a legacy int mapping"
"MediaTypes","Works/Media/Game","1:movie;2:series;3:book;4:manga;5:light_novel;6:music;7:game","TARGET_CONTRACT_DEFINED","CLEAN_CUT_DATABASE.md one Work target; fresh codes, not WorkMediaType legacy int","docs/DATABASE_CUTOVER_PHASE_B_TYPE_CONTRACTS.cs: MediaType : byte","Install identical seeds in C; port consumers to this target contract in D/E; no legacy int mapping assumed"
"NotificationChannelTypes","Notifications","1:in_app;2:push;3:email","TARGET_CONTRACT_DEFINED","PR #842 Features/Events/JularrEventNotificationPolicy.cs and notifications-target-model.md","docs/DATABASE_CUTOVER_PHASE_B_TYPE_CONTRACTS.cs: NotificationChannel : byte","Install identical seeds in C; port consumers in D/E; Digest is timing and webhook remains integration-only"
"NotificationEventCategoryTypes","Notifications","1:download_grabbed;2:download_failed;3:import_completed;4:import_failed;5:release_available;6:request_approved;7:request_denied;8:storage_problem","TARGET_CONTRACT_DEFINED","PR #842 Features/Events/JularrEventModels.cs canonical category occurrence policy","docs/DATABASE_CUTOVER_PHASE_B_TYPE_CONTRACTS.cs: EventCategory : byte","Install identical seeds in C; port consumers in D/E; seeded category audience/severity enforced by composite FK"
"NotificationTimingTypes","Notifications","1:immediate;2:digest","TARGET_CONTRACT_DEFINED","PR #842 Features/Events/JularrEventNotificationPolicy.cs and notifications-target-model.md","docs/DATABASE_CUTOVER_PHASE_B_TYPE_CONTRACTS.cs: NotificationTiming : byte","Install identical seeds in C; port consumers in D/E; never restore legacy single Mode path"
"OperationStatusTypes","Operations","1:queued;2:running;3:succeeded;4:failed;5:cancelled;6:interrupted","TARGET_CONTRACT_DEFINED","Features/Operations/OperationModels.cs","docs/DATABASE_CUTOVER_PHASE_B_TYPE_CONTRACTS.cs: OperationStatus : byte","Install identical seeds in C; port consumers to this target contract in D/E; no legacy int mapping assumed"
"ProgressPositionTypes","Progress/Player","1:time;2:reading;3:game","TARGET_CONTRACT_DEFINED","CLEAN_CUT_DATABASE.md total position subtype","docs/DATABASE_CUTOVER_PHASE_B_TYPE_CONTRACTS.cs: ProgressPositionType : byte","Install identical seeds in C; port consumers to this target contract in D/E; no legacy int mapping assumed"
"WorkCreditRoleTypes","Review","1:cast;2:crew;3:author;4:narrator;5:illustrator","TARGET_CONTRACT_DEFINED","Features/MediaCore/WorkMetadataEntities.cs; Features/Audiobooks/Audiobook.cs; target book edition credits","docs/DATABASE_CUTOVER_PHASE_B_TYPE_CONTRACTS.cs: WorkCreditRole : byte","Install identical seeds in C; port consumers in D/E; explicit fresh target codes are not a legacy int mapping"
"WorkFactTypes","Review","1:first_published_on;2:runtime_ms;3:original_language;4:community_rating;5:community_rating_count;6:certification;7:certification_country;8:studios;9:production_countries","TARGET_CONTRACT_DEFINED","DATABASE_CUTOVER_PHASE_B_01_CORE_DRAFT.sql WorkMetadataFacts; closed typed field provenance only, never EAV values","docs/DATABASE_CUTOVER_PHASE_B_TYPE_CONTRACTS.cs: WorkFactType : byte","Install identical seeds in C; port consumers in D/E; explicit fresh target codes are not a legacy int mapping"
"WorkMediaClassificationTypes","Works/Media/Game","1:anime","TARGET_CONTRACT_DEFINED","CLEAN_CUT_DATABASE.md WorkMediaClassifications; Anime is a classification, not a separate Work root","docs/DATABASE_CUTOVER_PHASE_B_TYPE_CONTRACTS.cs: WorkMediaClassification : byte","Install identical seeds in C; port consumers in D/E; explicit fresh target codes are not a legacy int mapping"
"WorkRelationTypes","Works/Media/Game","1:prequel;2:sequel;3:parent;4:side_story;5:alternative;6:spin_off;7:adaptation;8:source;9:summary;10:full_story;11:character;12:contains;13:remake;14:other","TARGET_CONTRACT_DEFINED","Features/MediaCore/MediaCoreEnums.cs","docs/DATABASE_CUTOVER_PHASE_B_TYPE_CONTRACTS.cs: WorkRelationType : byte","Install identical seeds in C; port consumers in D/E; explicit fresh target codes are not a legacy int mapping"
