FilePath,SourceArea,MatchedAPIOrIndicator,AccessClassCandidate,ReviewStatus,Evidence,TargetServiceCandidate,TargetLogicCandidate,OpenQuestions
"src/Jularr.Web/Data/AppDbContext.cs","DATA_INFRA","DbSet<","RAW_CONNECTION_OR_PARAMETERS","FILE_MATCH_CONFIRMED_OPERATION_OWNER_NOT_YET_TRACED","GitHub default-branch code search on dev SHA e6c3c77","REQUIRES_SERVICE_OWNER_MAPPING","REQUIRES_LOGIC_OWNER_MAPPING","Confirm actual callpath, table and actor/profile scope"
"src/Jularr.Web/Data/DatabaseTransactions.cs","DATA_INFRA","BeginTransaction","TRANSACTION_OWNER_CANDIDATE","FILE_MATCH_CONFIRMED_OPERATION_OWNER_NOT_YET_TRACED","GitHub default-branch code search on dev SHA e6c3c77","REQUIRES_SERVICE_OWNER_MAPPING","REQUIRES_LOGIC_OWNER_MAPPING","Confirm actual callpath, table and actor/profile scope"
"src/Jularr.Web/Data/Pagination.cs","DATA_INFRA","SqlParams","RAW_CONNECTION_OR_PARAMETERS","FILE_MATCH_CONFIRMED_OPERATION_OWNER_NOT_YET_TRACED","GitHub default-branch code search on dev SHA e6c3c77","REQUIRES_SERVICE_OWNER_MAPPING","REQUIRES_LOGIC_OWNER_MAPPING","Confirm actual callpath, table and actor/profile scope"
"src/Jularr.Web/Data/SqlParams.cs","DATA_INFRA","SqlParams","RAW_CONNECTION_OR_PARAMETERS","FILE_MATCH_CONFIRMED_OPERATION_OWNER_NOT_YET_TRACED","GitHub default-branch code search on dev SHA e6c3c77","REQUIRES_SERVICE_OWNER_MAPPING","REQUIRES_LOGIC_OWNER_MAPPING","Confirm actual callpath, table and actor/profile scope"
"src/Jularr.Web/Data/WorkIdMigrationFollowUp.cs","DATA_INFRA","ExecuteSqlRaw; SqlQuery","WRITE_CANDIDATE","FILE_MATCH_CONFIRMED_OPERATION_OWNER_NOT_YET_TRACED","GitHub default-branch code search on dev SHA e6c3c77","REQUIRES_SERVICE_OWNER_MAPPING","REQUIRES_LOGIC_OWNER_MAPPING","Confirm actual callpath, table and actor/profile scope"
"src/Jularr.Web/Features/Acquisition/Access/AcquisitionAccessStore.cs","FEATURE_OR_ENDPOINT","SqlQuery; DbConnection; BeginTransaction; ExecuteNonQueryAsync; ExecuteReaderAsync","WRITE_CANDIDATE","FILE_MATCH_CONFIRMED_OPERATION_OWNER_NOT_YET_TRACED","GitHub default-branch code search on dev SHA e6c3c77","REQUIRES_SERVICE_OWNER_MAPPING","REQUIRES_LOGIC_OWNER_MAPPING","Confirm actual callpath, table and actor/profile scope"
"src/Jularr.Web/Features/Acquisition/Access/AcquisitionAccessStore.Queue.cs","FEATURE_OR_ENDPOINT","SqlQuery; BeginTransaction; ExecuteReaderAsync","READ_CANDIDATE","FILE_MATCH_CONFIRMED_OPERATION_OWNER_NOT_YET_TRACED","GitHub default-branch code search on dev SHA e6c3c77","REQUIRES_SERVICE_OWNER_MAPPING","REQUIRES_LOGIC_OWNER_MAPPING","Confirm actual callpath, table and actor/profile scope"
"src/Jularr.Web/Features/Acquisition/Access/AnimeAcquisitionRequestExecutor.cs","FEATURE_OR_ENDPOINT","SaveChangesAsync","WRITE_CANDIDATE","FILE_MATCH_CONFIRMED_OPERATION_OWNER_NOT_YET_TRACED","GitHub default-branch code search on dev SHA e6c3c77","REQUIRES_SERVICE_OWNER_MAPPING","REQUIRES_LOGIC_OWNER_MAPPING","Confirm actual callpath, table and actor/profile scope"
"src/Jularr.Web/Features/Acquisition/Access/LibraryWorkBackfillService.cs","FEATURE_OR_ENDPOINT","BackgroundService","TRANSPORT_OR_JOB_CANDIDATE","FILE_MATCH_CONFIRMED_OPERATION_OWNER_NOT_YET_TRACED","GitHub default-branch code search on dev SHA e6c3c77","REQUIRES_SERVICE_OWNER_MAPPING","REQUIRES_LOGIC_OWNER_MAPPING","Confirm actual callpath, table and actor/profile scope"
"src/Jularr.Web/Features/Acquisition/Access/RequestWorkBinder.cs","FEATURE_OR_ENDPOINT","SqlQuery","READ_CANDIDATE","FILE_MATCH_CONFIRMED_OPERATION_OWNER_NOT_YET_TRACED","GitHub default-branch code search on dev SHA e6c3c77","REQUIRES_SERVICE_OWNER_MAPPING","REQUIRES_LOGIC_OWNER_MAPPING","Confirm actual callpath, table and actor/profile scope"
"src/Jularr.Web/Features/Acquisition/Access/VideoWorkLinks.cs","FEATURE_OR_ENDPOINT","SqlQuery","READ_CANDIDATE","FILE_MATCH_CONFIRMED_OPERATION_OWNER_NOT_YET_TRACED","GitHub default-branch code search on dev SHA e6c3c77","REQUIRES_SERVICE_OWNER_MAPPING","REQUIRES_LOGIC_OWNER_MAPPING","Confirm actual callpath, table and actor/profile scope"
"src/Jularr.Web/Features/Acquisition/Api/AcquisitionApiEndpoints.cs","FEATURE_OR_ENDPOINT","MapGet; MapPost; MapPut","TRANSPORT_OR_JOB_CANDIDATE","FILE_MATCH_CONFIRMED_OPERATION_OWNER_NOT_YET_TRACED","GitHub default-branch code search on dev SHA e6c3c77","REQUIRES_SERVICE_OWNER_MAPPING","REQUIRES_LOGIC_OWNER_MAPPING","Confirm actual callpath, table and actor/profile scope"
"src/Jularr.Web/Features/Acquisition/Api/AcquisitionApiKeyService.cs","FEATURE_OR_ENDPOINT","SaveChangesAsync","WRITE_CANDIDATE","FILE_MATCH_CONFIRMED_OPERATION_OWNER_NOT_YET_TRACED","GitHub default-branch code search on dev SHA e6c3c77","REQUIRES_SERVICE_OWNER_MAPPING","REQUIRES_LOGIC_OWNER_MAPPING","Confirm actual callpath, table and actor/profile scope"
"src/Jularr.Web/Features/Acquisition/Health/AcquisitionHealthCheckService.cs","FEATURE_OR_ENDPOINT","BackgroundService","TRANSPORT_OR_JOB_CANDIDATE","FILE_MATCH_CONFIRMED_OPERATION_OWNER_NOT_YET_TRACED","GitHub default-branch code search on dev SHA e6c3c77","REQUIRES_SERVICE_OWNER_MAPPING","REQUIRES_LOGIC_OWNER_MAPPING","Confirm actual callpath, table and actor/profile scope"
"src/Jularr.Web/Features/Acquisition/History/AcquisitionHistoryService.cs","FEATURE_OR_ENDPOINT","SaveChangesAsync","WRITE_CANDIDATE","FILE_MATCH_CONFIRMED_OPERATION_OWNER_NOT_YET_TRACED","GitHub default-branch code search on dev SHA e6c3c77","REQUIRES_SERVICE_OWNER_MAPPING","REQUIRES_LOGIC_OWNER_MAPPING","Confirm actual callpath, table and actor/profile scope"
"src/Jularr.Web/Features/Acquisition/Naming/AnimeRenameService.cs","FEATURE_OR_ENDPOINT","SaveChangesAsync; BeginTransaction","WRITE_CANDIDATE","FILE_MATCH_CONFIRMED_OPERATION_OWNER_NOT_YET_TRACED","GitHub default-branch code search on dev SHA e6c3c77","REQUIRES_SERVICE_OWNER_MAPPING","REQUIRES_LOGIC_OWNER_MAPPING","Confirm actual callpath, table and actor/profile scope"
"src/Jularr.Web/Features/Acquisition/Pipeline/AnimeCanonicalEpisodes.cs","FEATURE_OR_ENDPOINT","SaveChangesAsync","WRITE_CANDIDATE","FILE_MATCH_CONFIRMED_OPERATION_OWNER_NOT_YET_TRACED","GitHub default-branch code search on dev SHA e6c3c77","REQUIRES_SERVICE_OWNER_MAPPING","REQUIRES_LOGIC_OWNER_MAPPING","Confirm actual callpath, table and actor/profile scope"
"src/Jularr.Web/Features/Acquisition/Wanted/RequestIntent.cs","FEATURE_OR_ENDPOINT","ExecuteSqlRaw; SqlQuery; BeginTransaction","WRITE_CANDIDATE","FILE_MATCH_CONFIRMED_OPERATION_OWNER_NOT_YET_TRACED","GitHub default-branch code search on dev SHA e6c3c77","REQUIRES_SERVICE_OWNER_MAPPING","REQUIRES_LOGIC_OWNER_MAPPING","Confirm actual callpath, table and actor/profile scope"
"src/Jularr.Web/Features/Acquisition/Wanted/WantedAcquisitionService.cs","FEATURE_OR_ENDPOINT","BackgroundService","TRANSPORT_OR_JOB_CANDIDATE","FILE_MATCH_CONFIRMED_OPERATION_OWNER_NOT_YET_TRACED","GitHub default-branch code search on dev SHA e6c3c77","REQUIRES_SERVICE_OWNER_MAPPING","REQUIRES_LOGIC_OWNER_MAPPING","Confirm actual callpath, table and actor/profile scope"
"src/Jularr.Web/Features/Acquisition/Wanted/WantedReconciler.cs","FEATURE_OR_ENDPOINT","ExecuteSqlRaw; SqlQuery","WRITE_CANDIDATE","FILE_MATCH_CONFIRMED_OPERATION_OWNER_NOT_YET_TRACED","GitHub default-branch code search on dev SHA e6c3c77","REQUIRES_SERVICE_OWNER_MAPPING","REQUIRES_LOGIC_OWNER_MAPPING","Confirm actual callpath, table and actor/profile scope"
"src/Jularr.Web/Features/Admin/AdminDashboardService.cs","FEATURE_OR_ENDPOINT","SqlQuery","READ_CANDIDATE","FILE_MATCH_CONFIRMED_OPERATION_OWNER_NOT_YET_TRACED","GitHub default-branch code search on dev SHA e6c3c77","REQUIRES_SERVICE_OWNER_MAPPING","REQUIRES_LOGIC_OWNER_MAPPING","Confirm actual callpath, table and actor/profile scope"
"src/Jularr.Web/Features/Admin/StackResourceTelemetry.cs","FEATURE_OR_ENDPOINT","SqlQuery; BackgroundService","READ_CANDIDATE","FILE_MATCH_CONFIRMED_OPERATION_OWNER_NOT_YET_TRACED","GitHub default-branch code search on dev SHA e6c3c77","REQUIRES_SERVICE_OWNER_MAPPING","REQUIRES_LOGIC_OWNER_MAPPING","Confirm actual callpath, table and actor/profile scope"
"src/Jularr.Web/Features/Ai/AiActivityEndpoints.cs","FEATURE_OR_ENDPOINT","MapGet; MapPost","TRANSPORT_OR_JOB_CANDIDATE","FILE_MATCH_CONFIRMED_OPERATION_OWNER_NOT_YET_TRACED","GitHub default-branch code search on dev SHA e6c3c77","REQUIRES_SERVICE_OWNER_MAPPING","REQUIRES_LOGIC_OWNER_MAPPING","Confirm actual callpath, table and actor/profile scope"
"src/Jularr.Web/Features/Ai/AiModelCatalogStore.cs","FEATURE_OR_ENDPOINT","DbConnection; ExecuteNonQueryAsync; ExecuteReaderAsync","WRITE_CANDIDATE","FILE_MATCH_CONFIRMED_OPERATION_OWNER_NOT_YET_TRACED","GitHub default-branch code search on dev SHA e6c3c77","REQUIRES_SERVICE_OWNER_MAPPING","REQUIRES_LOGIC_OWNER_MAPPING","Confirm actual callpath, table and actor/profile scope"
"src/Jularr.Web/Features/Ai/AiSentenceExplanationService.cs","FEATURE_OR_ENDPOINT","SaveChangesAsync","WRITE_CANDIDATE","FILE_MATCH_CONFIRMED_OPERATION_OWNER_NOT_YET_TRACED","GitHub default-branch code search on dev SHA e6c3c77","REQUIRES_SERVICE_OWNER_MAPPING","REQUIRES_LOGIC_OWNER_MAPPING","Confirm actual callpath, table and actor/profile scope"
"src/Jularr.Web/Features/Ai/AiUsageStore.cs","FEATURE_OR_ENDPOINT","DbConnection; BeginTransaction; ExecuteNonQueryAsync; ExecuteReaderAsync; BackgroundService","WRITE_CANDIDATE","FILE_MATCH_CONFIRMED_OPERATION_OWNER_NOT_YET_TRACED","GitHub default-branch code search on dev SHA e6c3c77","REQUIRES_SERVICE_OWNER_MAPPING","REQUIRES_LOGIC_OWNER_MAPPING","Confirm actual callpath, table and actor/profile scope"
"src/Jularr.Web/Features/Appearance/InstanceAppearanceSettingsStore.cs","FEATURE_OR_ENDPOINT","DbConnection; ExecuteNonQueryAsync; ExecuteReaderAsync","WRITE_CANDIDATE","FILE_MATCH_CONFIRMED_OPERATION_OWNER_NOT_YET_TRACED","GitHub default-branch code search on dev SHA e6c3c77","REQUIRES_SERVICE_OWNER_MAPPING","REQUIRES_LOGIC_OWNER_MAPPING","Confirm actual callpath, table and actor/profile scope"
"src/Jularr.Web/Features/Appearance/ProfileAppearanceStore.cs","FEATURE_OR_ENDPOINT","DbConnection; ExecuteNonQueryAsync; ExecuteReaderAsync","WRITE_CANDIDATE","FILE_MATCH_CONFIRMED_OPERATION_OWNER_NOT_YET_TRACED","GitHub default-branch code search on dev SHA e6c3c77","REQUIRES_SERVICE_OWNER_MAPPING","REQUIRES_LOGIC_OWNER_MAPPING","Confirm actual callpath, table and actor/profile scope"
"src/Jularr.Web/Features/Artwork/MediaArtworkAssetStore.cs","FEATURE_OR_ENDPOINT","DbConnection; ExecuteNonQueryAsync; ExecuteReaderAsync","WRITE_CANDIDATE","FILE_MATCH_CONFIRMED_OPERATION_OWNER_NOT_YET_TRACED","GitHub default-branch code search on dev SHA e6c3c77","REQUIRES_SERVICE_OWNER_MAPPING","REQUIRES_LOGIC_OWNER_MAPPING","Confirm actual callpath, table and actor/profile scope"
"src/Jularr.Web/Features/Audiobooks/AudiobookLibraryService.cs","FEATURE_OR_ENDPOINT","SaveChangesAsync","WRITE_CANDIDATE","FILE_MATCH_CONFIRMED_OPERATION_OWNER_NOT_YET_TRACED","GitHub default-branch code search on dev SHA e6c3c77","REQUIRES_SERVICE_OWNER_MAPPING","REQUIRES_LOGIC_OWNER_MAPPING","Confirm actual callpath, table and actor/profile scope"
"src/Jularr.Web/Features/Audiobooks/AudiobookMetadata.cs","FEATURE_OR_ENDPOINT","SaveChangesAsync","WRITE_CANDIDATE","FILE_MATCH_CONFIRMED_OPERATION_OWNER_NOT_YET_TRACED","GitHub default-branch code search on dev SHA e6c3c77","REQUIRES_SERVICE_OWNER_MAPPING","REQUIRES_LOGIC_OWNER_MAPPING","Confirm actual callpath, table and actor/profile scope"
"src/Jularr.Web/Features/Audiobooks/AudiobookProgress.cs","FEATURE_OR_ENDPOINT","SaveChangesAsync","WRITE_CANDIDATE","FILE_MATCH_CONFIRMED_OPERATION_OWNER_NOT_YET_TRACED","GitHub default-branch code search on dev SHA e6c3c77","REQUIRES_SERVICE_OWNER_MAPPING","REQUIRES_LOGIC_OWNER_MAPPING","Confirm actual callpath, table and actor/profile scope"
"src/Jularr.Web/Features/Auth/AdminAccountService.cs","FEATURE_OR_ENDPOINT","NpgsqlCommand; DbConnection; ExecuteReaderAsync","READ_CANDIDATE","FILE_MATCH_CONFIRMED_OPERATION_OWNER_NOT_YET_TRACED","GitHub default-branch code search on dev SHA e6c3c77","REQUIRES_SERVICE_OWNER_MAPPING","REQUIRES_LOGIC_OWNER_MAPPING","Confirm actual callpath, table and actor/profile scope"
"src/Jularr.Web/Features/Auth/OwnerAuthService.cs","FEATURE_OR_ENDPOINT","SaveChangesAsync; ExecuteSqlRaw; SqlQuery; BeginTransaction","WRITE_CANDIDATE","FILE_MATCH_CONFIRMED_OPERATION_OWNER_NOT_YET_TRACED","GitHub default-branch code search on dev SHA e6c3c77","REQUIRES_SERVICE_OWNER_MAPPING","REQUIRES_LOGIC_OWNER_MAPPING","Confirm actual callpath, table and actor/profile scope"
"src/Jularr.Web/Features/Books/BookCatalogPdf.cs","FEATURE_OR_ENDPOINT","SaveChangesAsync","WRITE_CANDIDATE","FILE_MATCH_CONFIRMED_OPERATION_OWNER_NOT_YET_TRACED","GitHub default-branch code search on dev SHA e6c3c77","REQUIRES_SERVICE_OWNER_MAPPING","REQUIRES_LOGIC_OWNER_MAPPING","Confirm actual callpath, table and actor/profile scope"
"src/Jularr.Web/Features/Books/BookCatalogPdfAnalysis.cs","FEATURE_OR_ENDPOINT","SaveChangesAsync; BeginTransaction","WRITE_CANDIDATE","FILE_MATCH_CONFIRMED_OPERATION_OWNER_NOT_YET_TRACED","GitHub default-branch code search on dev SHA e6c3c77","REQUIRES_SERVICE_OWNER_MAPPING","REQUIRES_LOGIC_OWNER_MAPPING","Confirm actual callpath, table and actor/profile scope"
"src/Jularr.Web/Features/Books/BookCatalogService.cs","FEATURE_OR_ENDPOINT","SaveChangesAsync; ExecuteUpdateAsync; ExecuteDeleteAsync","WRITE_CANDIDATE","FILE_MATCH_CONFIRMED_OPERATION_OWNER_NOT_YET_TRACED","GitHub default-branch code search on dev SHA e6c3c77","REQUIRES_SERVICE_OWNER_MAPPING","REQUIRES_LOGIC_OWNER_MAPPING","Confirm actual callpath, table and actor/profile scope"
"src/Jularr.Web/Features/Books/BookReaderAnnotations.cs","FEATURE_OR_ENDPOINT","SaveChangesAsync; ExecuteDeleteAsync","WRITE_CANDIDATE","FILE_MATCH_CONFIRMED_OPERATION_OWNER_NOT_YET_TRACED","GitHub default-branch code search on dev SHA e6c3c77","REQUIRES_SERVICE_OWNER_MAPPING","REQUIRES_LOGIC_OWNER_MAPPING","Confirm actual callpath, table and actor/profile scope"
"src/Jularr.Web/Features/Branding/BrandingEndpoints.cs","FEATURE_OR_ENDPOINT","MapGet","TRANSPORT_OR_JOB_CANDIDATE","FILE_MATCH_CONFIRMED_OPERATION_OWNER_NOT_YET_TRACED","GitHub default-branch code search on dev SHA e6c3c77","REQUIRES_SERVICE_OWNER_MAPPING","REQUIRES_LOGIC_OWNER_MAPPING","Confirm actual callpath, table and actor/profile scope"
"src/Jularr.Web/Features/Branding/InstanceBrandingStore.cs","FEATURE_OR_ENDPOINT","DbConnection; ExecuteNonQueryAsync; ExecuteReaderAsync","WRITE_CANDIDATE","FILE_MATCH_CONFIRMED_OPERATION_OWNER_NOT_YET_TRACED","GitHub default-branch code search on dev SHA e6c3c77","REQUIRES_SERVICE_OWNER_MAPPING","REQUIRES_LOGIC_OWNER_MAPPING","Confirm actual callpath, table and actor/profile scope"
"src/Jularr.Web/Features/Calendar/AniListReleaseEventSource.cs","FEATURE_OR_ENDPOINT","DbConnection; ExecuteReaderAsync","READ_CANDIDATE","FILE_MATCH_CONFIRMED_OPERATION_OWNER_NOT_YET_TRACED","GitHub default-branch code search on dev SHA e6c3c77","REQUIRES_SERVICE_OWNER_MAPPING","REQUIRES_LOGIC_OWNER_MAPPING","Confirm actual callpath, table and actor/profile scope"
"src/Jularr.Web/Features/Calendar/ReleaseCalendarCacheStore.cs","FEATURE_OR_ENDPOINT","DbConnection; BeginTransaction; ExecuteNonQueryAsync; ExecuteReaderAsync","WRITE_CANDIDATE","FILE_MATCH_CONFIRMED_OPERATION_OWNER_NOT_YET_TRACED","GitHub default-branch code search on dev SHA e6c3c77","REQUIRES_SERVICE_OWNER_MAPPING","REQUIRES_LOGIC_OWNER_MAPPING","Confirm actual callpath, table and actor/profile scope"
"src/Jularr.Web/Features/Calendar/ReleaseCalendarRefresh.cs","FEATURE_OR_ENDPOINT","BackgroundService","TRANSPORT_OR_JOB_CANDIDATE","FILE_MATCH_CONFIRMED_OPERATION_OWNER_NOT_YET_TRACED","GitHub default-branch code search on dev SHA e6c3c77","REQUIRES_SERVICE_OWNER_MAPPING","REQUIRES_LOGIC_OWNER_MAPPING","Confirm actual callpath, table and actor/profile scope"
"src/Jularr.Web/Features/Calendar/ReleaseCalendarRegistration.cs","FEATURE_OR_ENDPOINT","AddHostedService","TRANSPORT_OR_JOB_CANDIDATE","FILE_MATCH_CONFIRMED_OPERATION_OWNER_NOT_YET_TRACED","GitHub default-branch code search on dev SHA e6c3c77","REQUIRES_SERVICE_OWNER_MAPPING","REQUIRES_LOGIC_OWNER_MAPPING","Confirm actual callpath, table and actor/profile scope"
"src/Jularr.Web/Features/ChapterArtwork/ChapterArtworkAutoGenerator.cs","FEATURE_OR_ENDPOINT","BackgroundService","TRANSPORT_OR_JOB_CANDIDATE","FILE_MATCH_CONFIRMED_OPERATION_OWNER_NOT_YET_TRACED","GitHub default-branch code search on dev SHA e6c3c77","REQUIRES_SERVICE_OWNER_MAPPING","REQUIRES_LOGIC_OWNER_MAPPING","Confirm actual callpath, table and actor/profile scope"
"src/Jularr.Web/Features/ChapterArtwork/ChapterArtworkStore.cs","FEATURE_OR_ENDPOINT","DbConnection; ExecuteNonQueryAsync; ExecuteReaderAsync","WRITE_CANDIDATE","FILE_MATCH_CONFIRMED_OPERATION_OWNER_NOT_YET_TRACED","GitHub default-branch code search on dev SHA e6c3c77","REQUIRES_SERVICE_OWNER_MAPPING","REQUIRES_LOGIC_OWNER_MAPPING","Confirm actual callpath, table and actor/profile scope"
"src/Jularr.Web/Features/ClientApi/ClientApiEndpoints.cs","FEATURE_OR_ENDPOINT","MapGet; MapPost; MapPut; MapDelete","TRANSPORT_OR_JOB_CANDIDATE","FILE_MATCH_CONFIRMED_OPERATION_OWNER_NOT_YET_TRACED","GitHub default-branch code search on dev SHA e6c3c77","REQUIRES_SERVICE_OWNER_MAPPING","REQUIRES_LOGIC_OWNER_MAPPING","Confirm actual callpath, table and actor/profile scope"
"src/Jularr.Web/Features/ClientApi/ClientApiOfflineEndpoints.cs","FEATURE_OR_ENDPOINT","MapGet; MapPost","TRANSPORT_OR_JOB_CANDIDATE","FILE_MATCH_CONFIRMED_OPERATION_OWNER_NOT_YET_TRACED","GitHub default-branch code search on dev SHA e6c3c77","REQUIRES_SERVICE_OWNER_MAPPING","REQUIRES_LOGIC_OWNER_MAPPING","Confirm actual callpath, table and actor/profile scope"
"src/Jularr.Web/Features/ClientApi/ClientApiOfflineLibraryEndpoints.cs","FEATURE_OR_ENDPOINT","MapGet; MapPost","TRANSPORT_OR_JOB_CANDIDATE","FILE_MATCH_CONFIRMED_OPERATION_OWNER_NOT_YET_TRACED","GitHub default-branch code search on dev SHA e6c3c77","REQUIRES_SERVICE_OWNER_MAPPING","REQUIRES_LOGIC_OWNER_MAPPING","Confirm actual callpath, table and actor/profile scope"
"src/Jularr.Web/Features/ClientApi/ClientApiOfflineMediaPackageEndpoints.cs","FEATURE_OR_ENDPOINT","MapGet","TRANSPORT_OR_JOB_CANDIDATE","FILE_MATCH_CONFIRMED_OPERATION_OWNER_NOT_YET_TRACED","GitHub default-branch code search on dev SHA e6c3c77","REQUIRES_SERVICE_OWNER_MAPPING","REQUIRES_LOGIC_OWNER_MAPPING","Confirm actual callpath, table and actor/profile scope"
"src/Jularr.Web/Features/ClientApi/ClientApiOfflinePackageEndpoints.cs","FEATURE_OR_ENDPOINT","MapPost","TRANSPORT_OR_JOB_CANDIDATE","FILE_MATCH_CONFIRMED_OPERATION_OWNER_NOT_YET_TRACED","GitHub default-branch code search on dev SHA e6c3c77","REQUIRES_SERVICE_OWNER_MAPPING","REQUIRES_LOGIC_OWNER_MAPPING","Confirm actual callpath, table and actor/profile scope"
"src/Jularr.Web/Features/ClientApi/ClientApiOfflinePrefetch.cs","FEATURE_OR_ENDPOINT","MapGet; MapPost","TRANSPORT_OR_JOB_CANDIDATE","FILE_MATCH_CONFIRMED_OPERATION_OWNER_NOT_YET_TRACED","GitHub default-branch code search on dev SHA e6c3c77","REQUIRES_SERVICE_OWNER_MAPPING","REQUIRES_LOGIC_OWNER_MAPPING","Confirm actual callpath, table and actor/profile scope"
"src/Jularr.Web/Features/ClientApi/ClientApiPlaybackIntentEndpoints.cs","FEATURE_OR_ENDPOINT","MapGet; MapPost","TRANSPORT_OR_JOB_CANDIDATE","FILE_MATCH_CONFIRMED_OPERATION_OWNER_NOT_YET_TRACED","GitHub default-branch code search on dev SHA e6c3c77","REQUIRES_SERVICE_OWNER_MAPPING","REQUIRES_LOGIC_OWNER_MAPPING","Confirm actual callpath, table and actor/profile scope"
"src/Jularr.Web/Features/ClientApi/ClientApiPlaybackPlanEndpoints.cs","FEATURE_OR_ENDPOINT","MapGet; MapPost; MapPut; MapDelete","TRANSPORT_OR_JOB_CANDIDATE","FILE_MATCH_CONFIRMED_OPERATION_OWNER_NOT_YET_TRACED","GitHub default-branch code search on dev SHA e6c3c77","REQUIRES_SERVICE_OWNER_MAPPING","REQUIRES_LOGIC_OWNER_MAPPING","Confirm actual callpath, table and actor/profile scope"
"src/Jularr.Web/Features/Collections/CollectionStore.cs","FEATURE_OR_ENDPOINT","SaveChangesAsync","WRITE_CANDIDATE","FILE_MATCH_CONFIRMED_OPERATION_OWNER_NOT_YET_TRACED","GitHub default-branch code search on dev SHA e6c3c77","REQUIRES_SERVICE_OWNER_MAPPING","REQUIRES_LOGIC_OWNER_MAPPING","Confirm actual callpath, table and actor/profile scope"
"src/Jularr.Web/Features/Devices/KnownDeviceRegistry.cs","FEATURE_OR_ENDPOINT","ExecuteSqlRaw; SqlQuery","WRITE_CANDIDATE","FILE_MATCH_CONFIRMED_OPERATION_OWNER_NOT_YET_TRACED","GitHub default-branch code search on dev SHA e6c3c77","REQUIRES_SERVICE_OWNER_MAPPING","REQUIRES_LOGIC_OWNER_MAPPING","Confirm actual callpath, table and actor/profile scope"
"src/Jularr.Web/Features/Discovery/DiscoverySnapshotStore.cs","FEATURE_OR_ENDPOINT","SqlQuery; ExecuteSqlInterpolated","WRITE_CANDIDATE","FILE_MATCH_CONFIRMED_OPERATION_OWNER_NOT_YET_TRACED","GitHub default-branch code search on dev SHA e6c3c77","REQUIRES_SERVICE_OWNER_MAPPING","REQUIRES_LOGIC_OWNER_MAPPING","Confirm actual callpath, table and actor/profile scope"
"src/Jularr.Web/Features/Events/EventLogStore.cs","FEATURE_OR_ENDPOINT","DbConnection; ExecuteNonQueryAsync; ExecuteReaderAsync","WRITE_CANDIDATE","FILE_MATCH_CONFIRMED_OPERATION_OWNER_NOT_YET_TRACED","GitHub default-branch code search on dev SHA e6c3c77","REQUIRES_SERVICE_OWNER_MAPPING","REQUIRES_LOGIC_OWNER_MAPPING","Confirm actual callpath, table and actor/profile scope"
"src/Jularr.Web/Features/Franchises/FranchiseRefreshService.cs","FEATURE_OR_ENDPOINT","BackgroundService","TRANSPORT_OR_JOB_CANDIDATE","FILE_MATCH_CONFIRMED_OPERATION_OWNER_NOT_YET_TRACED","GitHub default-branch code search on dev SHA e6c3c77","REQUIRES_SERVICE_OWNER_MAPPING","REQUIRES_LOGIC_OWNER_MAPPING","Confirm actual callpath, table and actor/profile scope"
"src/Jularr.Web/Features/Franchises/FranchiseStore.cs","FEATURE_OR_ENDPOINT","DbConnection; ExecuteNonQueryAsync; ExecuteReaderAsync; SqlParams","WRITE_CANDIDATE","FILE_MATCH_CONFIRMED_OPERATION_OWNER_NOT_YET_TRACED","GitHub default-branch code search on dev SHA e6c3c77","REQUIRES_SERVICE_OWNER_MAPPING","REQUIRES_LOGIC_OWNER_MAPPING","Confirm actual callpath, table and actor/profile scope"
"src/Jularr.Web/Features/Franchises/MediaRelationStore.cs","FEATURE_OR_ENDPOINT","DbConnection; ExecuteNonQueryAsync; ExecuteReaderAsync","WRITE_CANDIDATE","FILE_MATCH_CONFIRMED_OPERATION_OWNER_NOT_YET_TRACED","GitHub default-branch code search on dev SHA e6c3c77","REQUIRES_SERVICE_OWNER_MAPPING","REQUIRES_LOGIC_OWNER_MAPPING","Confirm actual callpath, table and actor/profile scope"
"src/Jularr.Web/Features/Health/SystemHealthService.cs","FEATURE_OR_ENDPOINT","SqlQuery","READ_CANDIDATE","FILE_MATCH_CONFIRMED_OPERATION_OWNER_NOT_YET_TRACED","GitHub default-branch code search on dev SHA e6c3c77","REQUIRES_SERVICE_OWNER_MAPPING","REQUIRES_LOGIC_OWNER_MAPPING","Confirm actual callpath, table and actor/profile scope"
"src/Jularr.Web/Features/Home/HomeLayoutStore.cs","FEATURE_OR_ENDPOINT","DbConnection; ExecuteNonQueryAsync; ExecuteReaderAsync","WRITE_CANDIDATE","FILE_MATCH_CONFIRMED_OPERATION_OWNER_NOT_YET_TRACED","GitHub default-branch code search on dev SHA e6c3c77","REQUIRES_SERVICE_OWNER_MAPPING","REQUIRES_LOGIC_OWNER_MAPPING","Confirm actual callpath, table and actor/profile scope"
"src/Jularr.Web/Features/Kana/KanaLearningService.cs","FEATURE_OR_ENDPOINT","SaveChangesAsync","WRITE_CANDIDATE","FILE_MATCH_CONFIRMED_OPERATION_OWNER_NOT_YET_TRACED","GitHub default-branch code search on dev SHA e6c3c77","REQUIRES_SERVICE_OWNER_MAPPING","REQUIRES_LOGIC_OWNER_MAPPING","Confirm actual callpath, table and actor/profile scope"
"src/Jularr.Web/Features/Learning/Courses/LearningCourseStore.cs","FEATURE_OR_ENDPOINT","SaveChangesAsync; BeginTransaction","WRITE_CANDIDATE","FILE_MATCH_CONFIRMED_OPERATION_OWNER_NOT_YET_TRACED","GitHub default-branch code search on dev SHA e6c3c77","REQUIRES_SERVICE_OWNER_MAPPING","REQUIRES_LOGIC_OWNER_MAPPING","Confirm actual callpath, table and actor/profile scope"
"src/Jularr.Web/Features/Learning/Curriculum/CurriculumBlueprintService.cs","FEATURE_OR_ENDPOINT","SaveChangesAsync","WRITE_CANDIDATE","FILE_MATCH_CONFIRMED_OPERATION_OWNER_NOT_YET_TRACED","GitHub default-branch code search on dev SHA e6c3c77","REQUIRES_SERVICE_OWNER_MAPPING","REQUIRES_LOGIC_OWNER_MAPPING","Confirm actual callpath, table and actor/profile scope"
"src/Jularr.Web/Features/Learning/Curriculum/SharedCourseService.cs","FEATURE_OR_ENDPOINT","SaveChangesAsync","WRITE_CANDIDATE","FILE_MATCH_CONFIRMED_OPERATION_OWNER_NOT_YET_TRACED","GitHub default-branch code search on dev SHA e6c3c77","REQUIRES_SERVICE_OWNER_MAPPING","REQUIRES_LOGIC_OWNER_MAPPING","Confirm actual callpath, table and actor/profile scope"
"src/Jularr.Web/Features/Learning/LanguageAssistance/LanguageInspectorEndpoints.cs","FEATURE_OR_ENDPOINT","MapPost","TRANSPORT_OR_JOB_CANDIDATE","FILE_MATCH_CONFIRMED_OPERATION_OWNER_NOT_YET_TRACED","GitHub default-branch code search on dev SHA e6c3c77","REQUIRES_SERVICE_OWNER_MAPPING","REQUIRES_LOGIC_OWNER_MAPPING","Confirm actual callpath, table and actor/profile scope"
"src/Jularr.Web/Features/Learning/LanguageAssistance/LanguageInspectorService.cs","FEATURE_OR_ENDPOINT","SaveChangesAsync; SqlQuery","WRITE_CANDIDATE","FILE_MATCH_CONFIRMED_OPERATION_OWNER_NOT_YET_TRACED","GitHub default-branch code search on dev SHA e6c3c77","REQUIRES_SERVICE_OWNER_MAPPING","REQUIRES_LOGIC_OWNER_MAPPING","Confirm actual callpath, table and actor/profile scope"
"src/Jularr.Web/Features/Learning/LearningConfiguration.cs","FEATURE_OR_ENDPOINT","DbConnection; ExecuteNonQueryAsync; ExecuteReaderAsync","WRITE_CANDIDATE","FILE_MATCH_CONFIRMED_OPERATION_OWNER_NOT_YET_TRACED","GitHub default-branch code search on dev SHA e6c3c77","REQUIRES_SERVICE_OWNER_MAPPING","REQUIRES_LOGIC_OWNER_MAPPING","Confirm actual callpath, table and actor/profile scope"
"src/Jularr.Web/Features/Learning/LearningService.cs","FEATURE_OR_ENDPOINT","SaveChangesAsync","WRITE_CANDIDATE","FILE_MATCH_CONFIRMED_OPERATION_OWNER_NOT_YET_TRACED","GitHub default-branch code search on dev SHA e6c3c77","REQUIRES_SERVICE_OWNER_MAPPING","REQUIRES_LOGIC_OWNER_MAPPING","Confirm actual callpath, table and actor/profile scope"
"src/Jularr.Web/Features/Library/AnimeRepairService.cs","FEATURE_OR_ENDPOINT","SaveChangesAsync","WRITE_CANDIDATE","FILE_MATCH_CONFIRMED_OPERATION_OWNER_NOT_YET_TRACED","GitHub default-branch code search on dev SHA e6c3c77","REQUIRES_SERVICE_OWNER_MAPPING","REQUIRES_LOGIC_OWNER_MAPPING","Confirm actual callpath, table and actor/profile scope"
"src/Jularr.Web/Features/Library/CanonicalMediaStorage.cs","FEATURE_OR_ENDPOINT","SaveChangesAsync","WRITE_CANDIDATE","FILE_MATCH_CONFIRMED_OPERATION_OWNER_NOT_YET_TRACED","GitHub default-branch code search on dev SHA e6c3c77","REQUIRES_SERVICE_OWNER_MAPPING","REQUIRES_LOGIC_OWNER_MAPPING","Confirm actual callpath, table and actor/profile scope"
"src/Jularr.Web/Features/Library/HomeVideoQuery.cs","FEATURE_OR_ENDPOINT","SqlQuery","READ_CANDIDATE","FILE_MATCH_CONFIRMED_OPERATION_OWNER_NOT_YET_TRACED","GitHub default-branch code search on dev SHA e6c3c77","REQUIRES_SERVICE_OWNER_MAPPING","REQUIRES_LOGIC_OWNER_MAPPING","Confirm actual callpath, table and actor/profile scope"
"src/Jularr.Web/Features/Library/LibraryScanner.cs","FEATURE_OR_ENDPOINT","SaveChangesAsync","WRITE_CANDIDATE","FILE_MATCH_CONFIRMED_OPERATION_OWNER_NOT_YET_TRACED","GitHub default-branch code search on dev SHA e6c3c77","REQUIRES_SERVICE_OWNER_MAPPING","REQUIRES_LOGIC_OWNER_MAPPING","Confirm actual callpath, table and actor/profile scope"
"src/Jularr.Web/Features/Library/LibraryStartupScanService.cs","FEATURE_OR_ENDPOINT","BackgroundService","TRANSPORT_OR_JOB_CANDIDATE","FILE_MATCH_CONFIRMED_OPERATION_OWNER_NOT_YET_TRACED","GitHub default-branch code search on dev SHA e6c3c77","REQUIRES_SERVICE_OWNER_MAPPING","REQUIRES_LOGIC_OWNER_MAPPING","Confirm actual callpath, table and actor/profile scope"
"src/Jularr.Web/Features/Library/LibraryWatchService.cs","FEATURE_OR_ENDPOINT","BackgroundService","TRANSPORT_OR_JOB_CANDIDATE","FILE_MATCH_CONFIRMED_OPERATION_OWNER_NOT_YET_TRACED","GitHub default-branch code search on dev SHA e6c3c77","REQUIRES_SERVICE_OWNER_MAPPING","REQUIRES_LOGIC_OWNER_MAPPING","Confirm actual callpath, table and actor/profile scope"
"src/Jularr.Web/Features/Library/MediaInventoryService.cs","FEATURE_OR_ENDPOINT","SaveChangesAsync; ExecuteUpdateAsync; ExecuteDeleteAsync; BeginTransaction","WRITE_CANDIDATE","FILE_MATCH_CONFIRMED_OPERATION_OWNER_NOT_YET_TRACED","GitHub default-branch code search on dev SHA e6c3c77","REQUIRES_SERVICE_OWNER_MAPPING","REQUIRES_LOGIC_OWNER_MAPPING","Confirm actual callpath, table and actor/profile scope"
"src/Jularr.Web/Features/Localization/UiTranslationCatalogStore.cs","FEATURE_OR_ENDPOINT","DbConnection; BeginTransaction; ExecuteNonQueryAsync; ExecuteReaderAsync","WRITE_CANDIDATE","FILE_MATCH_CONFIRMED_OPERATION_OWNER_NOT_YET_TRACED","GitHub default-branch code search on dev SHA e6c3c77","REQUIRES_SERVICE_OWNER_MAPPING","REQUIRES_LOGIC_OWNER_MAPPING","Confirm actual callpath, table and actor/profile scope"
"src/Jularr.Web/Features/Manga/MangaArtworkFolders.cs","FEATURE_OR_ENDPOINT","SqlQuery","READ_CANDIDATE","FILE_MATCH_CONFIRMED_OPERATION_OWNER_NOT_YET_TRACED","GitHub default-branch code search on dev SHA e6c3c77","REQUIRES_SERVICE_OWNER_MAPPING","REQUIRES_LOGIC_OWNER_MAPPING","Confirm actual callpath, table and actor/profile scope"
"src/Jularr.Web/Features/Manga/MangaRepository.cs","FEATURE_OR_ENDPOINT","ExecuteSqlInterpolated; DbConnection; BeginTransaction; ExecuteReaderAsync","WRITE_CANDIDATE","FILE_MATCH_CONFIRMED_OPERATION_OWNER_NOT_YET_TRACED","GitHub default-branch code search on dev SHA e6c3c77","REQUIRES_SERVICE_OWNER_MAPPING","REQUIRES_LOGIC_OWNER_MAPPING","Confirm actual callpath, table and actor/profile scope"
"src/Jularr.Web/Features/Mapping/MappingAuditStore.cs","FEATURE_OR_ENDPOINT","DbConnection; ExecuteNonQueryAsync; ExecuteReaderAsync","WRITE_CANDIDATE","FILE_MATCH_CONFIRMED_OPERATION_OWNER_NOT_YET_TRACED","GitHub default-branch code search on dev SHA e6c3c77","REQUIRES_SERVICE_OWNER_MAPPING","REQUIRES_LOGIC_OWNER_MAPPING","Confirm actual callpath, table and actor/profile scope"
"src/Jularr.Web/Features/Mapping/ProviderRoleAssignmentStore.cs","FEATURE_OR_ENDPOINT","DbConnection; ExecuteNonQueryAsync; ExecuteReaderAsync","WRITE_CANDIDATE","FILE_MATCH_CONFIRMED_OPERATION_OWNER_NOT_YET_TRACED","GitHub default-branch code search on dev SHA e6c3c77","REQUIRES_SERVICE_OWNER_MAPPING","REQUIRES_LOGIC_OWNER_MAPPING","Confirm actual callpath, table and actor/profile scope"
"src/Jularr.Web/Features/Media/Optimization/MediaContainerOptimizer.cs","FEATURE_OR_ENDPOINT","SaveChangesAsync; BeginTransaction","WRITE_CANDIDATE","FILE_MATCH_CONFIRMED_OPERATION_OWNER_NOT_YET_TRACED","GitHub default-branch code search on dev SHA e6c3c77","REQUIRES_SERVICE_OWNER_MAPPING","REQUIRES_LOGIC_OWNER_MAPPING","Confirm actual callpath, table and actor/profile scope"
"src/Jularr.Web/Features/Media/Optimization/MediaOptimizationQueue.cs","FEATURE_OR_ENDPOINT","BackgroundService","TRANSPORT_OR_JOB_CANDIDATE","FILE_MATCH_CONFIRMED_OPERATION_OWNER_NOT_YET_TRACED","GitHub default-branch code search on dev SHA e6c3c77","REQUIRES_SERVICE_OWNER_MAPPING","REQUIRES_LOGIC_OWNER_MAPPING","Confirm actual callpath, table and actor/profile scope"
"src/Jularr.Web/Features/MediaCore/AudiobookEditions.cs","FEATURE_OR_ENDPOINT","SaveChangesAsync","WRITE_CANDIDATE","FILE_MATCH_CONFIRMED_OPERATION_OWNER_NOT_YET_TRACED","GitHub default-branch code search on dev SHA e6c3c77","REQUIRES_SERVICE_OWNER_MAPPING","REQUIRES_LOGIC_OWNER_MAPPING","Confirm actual callpath, table and actor/profile scope"
"src/Jularr.Web/Features/MediaCore/ReadingUnits.cs","FEATURE_OR_ENDPOINT","SaveChangesAsync; ExecuteDeleteAsync; SqlQuery","WRITE_CANDIDATE","FILE_MATCH_CONFIRMED_OPERATION_OWNER_NOT_YET_TRACED","GitHub default-branch code search on dev SHA e6c3c77","REQUIRES_SERVICE_OWNER_MAPPING","REQUIRES_LOGIC_OWNER_MAPPING","Confirm actual callpath, table and actor/profile scope"
"src/Jularr.Web/Features/MediaCore/WorkMetadataStore.cs","FEATURE_OR_ENDPOINT","SqlQuery; FromSql","READ_CANDIDATE","FILE_MATCH_CONFIRMED_OPERATION_OWNER_NOT_YET_TRACED","GitHub default-branch code search on dev SHA e6c3c77","REQUIRES_SERVICE_OWNER_MAPPING","REQUIRES_LOGIC_OWNER_MAPPING","Confirm actual callpath, table and actor/profile scope"
"src/Jularr.Web/Features/MediaCore/WorkService.cs","FEATURE_OR_ENDPOINT","SaveChangesAsync; ExecuteSqlInterpolated; BeginTransaction","WRITE_CANDIDATE","FILE_MATCH_CONFIRMED_OPERATION_OWNER_NOT_YET_TRACED","GitHub default-branch code search on dev SHA e6c3c77","REQUIRES_SERVICE_OWNER_MAPPING","REQUIRES_LOGIC_OWNER_MAPPING","Confirm actual callpath, table and actor/profile scope"
"src/Jularr.Web/Features/MediaCore/WorkStructureService.cs","FEATURE_OR_ENDPOINT","SaveChangesAsync","WRITE_CANDIDATE","FILE_MATCH_CONFIRMED_OPERATION_OWNER_NOT_YET_TRACED","GitHub default-branch code search on dev SHA e6c3c77","REQUIRES_SERVICE_OWNER_MAPPING","REQUIRES_LOGIC_OWNER_MAPPING","Confirm actual callpath, table and actor/profile scope"
"src/Jularr.Web/Features/MediaFacts/MediaFactsService.cs","FEATURE_OR_ENDPOINT","SqlQuery","READ_CANDIDATE","FILE_MATCH_CONFIRMED_OPERATION_OWNER_NOT_YET_TRACED","GitHub default-branch code search on dev SHA e6c3c77","REQUIRES_SERVICE_OWNER_MAPPING","REQUIRES_LOGIC_OWNER_MAPPING","Confirm actual callpath, table and actor/profile scope"
"src/Jularr.Web/Features/MediaSegments/MediaSegmentService.cs","FEATURE_OR_ENDPOINT","SaveChangesAsync; ExecuteDeleteAsync","WRITE_CANDIDATE","FILE_MATCH_CONFIRMED_OPERATION_OWNER_NOT_YET_TRACED","GitHub default-branch code search on dev SHA e6c3c77","REQUIRES_SERVICE_OWNER_MAPPING","REQUIRES_LOGIC_OWNER_MAPPING","Confirm actual callpath, table and actor/profile scope"
"src/Jularr.Web/Features/MediaSegments/MediaSegmentSidecar.cs","FEATURE_OR_ENDPOINT","SaveChangesAsync","WRITE_CANDIDATE","FILE_MATCH_CONFIRMED_OPERATION_OWNER_NOT_YET_TRACED","GitHub default-branch code search on dev SHA e6c3c77","REQUIRES_SERVICE_OWNER_MAPPING","REQUIRES_LOGIC_OWNER_MAPPING","Confirm actual callpath, table and actor/profile scope"
"src/Jularr.Web/Features/Metadata/AnimeMetadataService.cs","FEATURE_OR_ENDPOINT","SaveChangesAsync; ExecuteDeleteAsync","WRITE_CANDIDATE","FILE_MATCH_CONFIRMED_OPERATION_OWNER_NOT_YET_TRACED","GitHub default-branch code search on dev SHA e6c3c77","REQUIRES_SERVICE_OWNER_MAPPING","REQUIRES_LOGIC_OWNER_MAPPING","Confirm actual callpath, table and actor/profile scope"
"src/Jularr.Web/Features/Metadata/WorkMetadataRefresher.cs","FEATURE_OR_ENDPOINT","BeginTransaction","TRANSACTION_OWNER_CANDIDATE","FILE_MATCH_CONFIRMED_OPERATION_OWNER_NOT_YET_TRACED","GitHub default-branch code search on dev SHA e6c3c77","REQUIRES_SERVICE_OWNER_MAPPING","REQUIRES_LOGIC_OWNER_MAPPING","Confirm actual callpath, table and actor/profile scope"
"src/Jularr.Web/Features/Metadata/WorkMetadataRefreshService.cs","FEATURE_OR_ENDPOINT","BackgroundService","TRANSPORT_OR_JOB_CANDIDATE","FILE_MATCH_CONFIRMED_OPERATION_OWNER_NOT_YET_TRACED","GitHub default-branch code search on dev SHA e6c3c77","REQUIRES_SERVICE_OWNER_MAPPING","REQUIRES_LOGIC_OWNER_MAPPING","Confirm actual callpath, table and actor/profile scope"
"src/Jularr.Web/Features/Monitoring/MonitoringCommands.cs","FEATURE_OR_ENDPOINT","SaveChangesAsync; ExecuteSqlRaw; SqlQuery; ExecuteSqlInterpolated","WRITE_CANDIDATE","FILE_MATCH_CONFIRMED_OPERATION_OWNER_NOT_YET_TRACED","GitHub default-branch code search on dev SHA e6c3c77","REQUIRES_SERVICE_OWNER_MAPPING","REQUIRES_LOGIC_OWNER_MAPPING","Confirm actual callpath, table and actor/profile scope"
"src/Jularr.Web/Features/Monitoring/MonitoringEndpoints.cs","FEATURE_OR_ENDPOINT","MapGet; MapPost; MapPut; MapDelete","TRANSPORT_OR_JOB_CANDIDATE","FILE_MATCH_CONFIRMED_OPERATION_OWNER_NOT_YET_TRACED","GitHub default-branch code search on dev SHA e6c3c77","REQUIRES_SERVICE_OWNER_MAPPING","REQUIRES_LOGIC_OWNER_MAPPING","Confirm actual callpath, table and actor/profile scope"
"src/Jularr.Web/Features/Monitoring/MonitoringResolver.cs","FEATURE_OR_ENDPOINT","SqlQuery","READ_CANDIDATE","FILE_MATCH_CONFIRMED_OPERATION_OWNER_NOT_YET_TRACED","GitHub default-branch code search on dev SHA e6c3c77","REQUIRES_SERVICE_OWNER_MAPPING","REQUIRES_LOGIC_OWNER_MAPPING","Confirm actual callpath, table and actor/profile scope"
"src/Jularr.Web/Features/Movies/MovieLibraryService.cs","FEATURE_OR_ENDPOINT","SaveChangesAsync","WRITE_CANDIDATE","FILE_MATCH_CONFIRMED_OPERATION_OWNER_NOT_YET_TRACED","GitHub default-branch code search on dev SHA e6c3c77","REQUIRES_SERVICE_OWNER_MAPPING","REQUIRES_LOGIC_OWNER_MAPPING","Confirm actual callpath, table and actor/profile scope"
"src/Jularr.Web/Features/Music/MusicCompletedDownloadImportAdapter.cs","FEATURE_OR_ENDPOINT","SaveChangesAsync","WRITE_CANDIDATE","FILE_MATCH_CONFIRMED_OPERATION_OWNER_NOT_YET_TRACED","GitHub default-branch code search on dev SHA e6c3c77","REQUIRES_SERVICE_OWNER_MAPPING","REQUIRES_LOGIC_OWNER_MAPPING","Confirm actual callpath, table and actor/profile scope"
"src/Jularr.Web/Features/Music/MusicLibraryService.cs","FEATURE_OR_ENDPOINT","SaveChangesAsync; ExecuteSqlInterpolated","WRITE_CANDIDATE","FILE_MATCH_CONFIRMED_OPERATION_OWNER_NOT_YET_TRACED","GitHub default-branch code search on dev SHA e6c3c77","REQUIRES_SERVICE_OWNER_MAPPING","REQUIRES_LOGIC_OWNER_MAPPING","Confirm actual callpath, table and actor/profile scope"
"src/Jularr.Web/Features/Music/MusicQuery.cs","FEATURE_OR_ENDPOINT","SqlQuery","READ_CANDIDATE","FILE_MATCH_CONFIRMED_OPERATION_OWNER_NOT_YET_TRACED","GitHub default-branch code search on dev SHA e6c3c77","REQUIRES_SERVICE_OWNER_MAPPING","REQUIRES_LOGIC_OWNER_MAPPING","Confirm actual callpath, table and actor/profile scope"
"src/Jularr.Web/Features/Music/MusicWantedSource.cs","FEATURE_OR_ENDPOINT","SqlQuery","READ_CANDIDATE","FILE_MATCH_CONFIRMED_OPERATION_OWNER_NOT_YET_TRACED","GitHub default-branch code search on dev SHA e6c3c77","REQUIRES_SERVICE_OWNER_MAPPING","REQUIRES_LOGIC_OWNER_MAPPING","Confirm actual callpath, table and actor/profile scope"
"src/Jularr.Web/Features/Notifications/NotificationStore.cs","FEATURE_OR_ENDPOINT","DbConnection; ExecuteNonQueryAsync; ExecuteReaderAsync","WRITE_CANDIDATE","FILE_MATCH_CONFIRMED_OPERATION_OWNER_NOT_YET_TRACED","GitHub default-branch code search on dev SHA e6c3c77","REQUIRES_SERVICE_OWNER_MAPPING","REQUIRES_LOGIC_OWNER_MAPPING","Confirm actual callpath, table and actor/profile scope"
"src/Jularr.Web/Features/Notifications/NotificationSubscriptionStore.cs","FEATURE_OR_ENDPOINT","DbConnection; ExecuteNonQueryAsync; ExecuteReaderAsync","WRITE_CANDIDATE","FILE_MATCH_CONFIRMED_OPERATION_OWNER_NOT_YET_TRACED","GitHub default-branch code search on dev SHA e6c3c77","REQUIRES_SERVICE_OWNER_MAPPING","REQUIRES_LOGIC_OWNER_MAPPING","Confirm actual callpath, table and actor/profile scope"
"src/Jularr.Web/Features/Novels/NovelAiServices.cs","FEATURE_OR_ENDPOINT","SaveChangesAsync; ExecuteDeleteAsync","WRITE_CANDIDATE","FILE_MATCH_CONFIRMED_OPERATION_OWNER_NOT_YET_TRACED","GitHub default-branch code search on dev SHA e6c3c77","REQUIRES_SERVICE_OWNER_MAPPING","REQUIRES_LOGIC_OWNER_MAPPING","Confirm actual callpath, table and actor/profile scope"
"src/Jularr.Web/Features/Novels/NovelAnnotationService.cs","FEATURE_OR_ENDPOINT","SaveChangesAsync; ExecuteDeleteAsync","WRITE_CANDIDATE","FILE_MATCH_CONFIRMED_OPERATION_OWNER_NOT_YET_TRACED","GitHub default-branch code search on dev SHA e6c3c77","REQUIRES_SERVICE_OWNER_MAPPING","REQUIRES_LOGIC_OWNER_MAPPING","Confirm actual callpath, table and actor/profile scope"
"src/Jularr.Web/Features/Novels/NovelEpubImportService.cs","FEATURE_OR_ENDPOINT","SaveChangesAsync; BeginTransaction","WRITE_CANDIDATE","FILE_MATCH_CONFIRMED_OPERATION_OWNER_NOT_YET_TRACED","GitHub default-branch code search on dev SHA e6c3c77","REQUIRES_SERVICE_OWNER_MAPPING","REQUIRES_LOGIC_OWNER_MAPPING","Confirm actual callpath, table and actor/profile scope"
"src/Jularr.Web/Features/Novels/NovelImportService.cs","FEATURE_OR_ENDPOINT","SaveChangesAsync","WRITE_CANDIDATE","FILE_MATCH_CONFIRMED_OPERATION_OWNER_NOT_YET_TRACED","GitHub default-branch code search on dev SHA e6c3c77","REQUIRES_SERVICE_OWNER_MAPPING","REQUIRES_LOGIC_OWNER_MAPPING","Confirm actual callpath, table and actor/profile scope"
"src/Jularr.Web/Features/Novels/NovelMetadataService.cs","FEATURE_OR_ENDPOINT","SaveChangesAsync","WRITE_CANDIDATE","FILE_MATCH_CONFIRMED_OPERATION_OWNER_NOT_YET_TRACED","GitHub default-branch code search on dev SHA e6c3c77","REQUIRES_SERVICE_OWNER_MAPPING","REQUIRES_LOGIC_OWNER_MAPPING","Confirm actual callpath, table and actor/profile scope"
"src/Jularr.Web/Features/Novels/NovelProgressService.cs","FEATURE_OR_ENDPOINT","SaveChangesAsync","WRITE_CANDIDATE","FILE_MATCH_CONFIRMED_OPERATION_OWNER_NOT_YET_TRACED","GitHub default-branch code search on dev SHA e6c3c77","REQUIRES_SERVICE_OWNER_MAPPING","REQUIRES_LOGIC_OWNER_MAPPING","Confirm actual callpath, table and actor/profile scope"
"src/Jularr.Web/Features/Novels/NovelVolumeContent.cs","FEATURE_OR_ENDPOINT","SaveChangesAsync; ExecuteUpdateAsync; BeginTransaction","WRITE_CANDIDATE","FILE_MATCH_CONFIRMED_OPERATION_OWNER_NOT_YET_TRACED","GitHub default-branch code search on dev SHA e6c3c77","REQUIRES_SERVICE_OWNER_MAPPING","REQUIRES_LOGIC_OWNER_MAPPING","Confirm actual callpath, table and actor/profile scope"
"src/Jularr.Web/Features/OfflineLibrary/OfflineLibrarySync.cs","FEATURE_OR_ENDPOINT","SaveChangesAsync","WRITE_CANDIDATE","FILE_MATCH_CONFIRMED_OPERATION_OWNER_NOT_YET_TRACED","GitHub default-branch code search on dev SHA e6c3c77","REQUIRES_SERVICE_OWNER_MAPPING","REQUIRES_LOGIC_OWNER_MAPPING","Confirm actual callpath, table and actor/profile scope"
"src/Jularr.Web/Features/Operations/OperationStore.cs","FEATURE_OR_ENDPOINT","DbConnection; ExecuteNonQueryAsync; ExecuteReaderAsync","WRITE_CANDIDATE","FILE_MATCH_CONFIRMED_OPERATION_OWNER_NOT_YET_TRACED","GitHub default-branch code search on dev SHA e6c3c77","REQUIRES_SERVICE_OWNER_MAPPING","REQUIRES_LOGIC_OWNER_MAPPING","Confirm actual callpath, table and actor/profile scope"
"src/Jularr.Web/Features/Operations/SabnzbdOperationMonitor.cs","FEATURE_OR_ENDPOINT","BackgroundService","TRANSPORT_OR_JOB_CANDIDATE","FILE_MATCH_CONFIRMED_OPERATION_OWNER_NOT_YET_TRACED","GitHub default-branch code search on dev SHA e6c3c77","REQUIRES_SERVICE_OWNER_MAPPING","REQUIRES_LOGIC_OWNER_MAPPING","Confirm actual callpath, table and actor/profile scope"
"src/Jularr.Web/Features/Pairing/DevicePairingEndpoints.cs","FEATURE_OR_ENDPOINT","MapPost","TRANSPORT_OR_JOB_CANDIDATE","FILE_MATCH_CONFIRMED_OPERATION_OWNER_NOT_YET_TRACED","GitHub default-branch code search on dev SHA e6c3c77","REQUIRES_SERVICE_OWNER_MAPPING","REQUIRES_LOGIC_OWNER_MAPPING","Confirm actual callpath, table and actor/profile scope"
"src/Jularr.Web/Features/Pairing/DiscoveryBeaconService.cs","FEATURE_OR_ENDPOINT","BackgroundService","TRANSPORT_OR_JOB_CANDIDATE","FILE_MATCH_CONFIRMED_OPERATION_OWNER_NOT_YET_TRACED","GitHub default-branch code search on dev SHA e6c3c77","REQUIRES_SERVICE_OWNER_MAPPING","REQUIRES_LOGIC_OWNER_MAPPING","Confirm actual callpath, table and actor/profile scope"
"src/Jularr.Web/Features/Pairing/DiscoveryEndpoints.cs","FEATURE_OR_ENDPOINT","MapGet","TRANSPORT_OR_JOB_CANDIDATE","FILE_MATCH_CONFIRMED_OPERATION_OWNER_NOT_YET_TRACED","GitHub default-branch code search on dev SHA e6c3c77","REQUIRES_SERVICE_OWNER_MAPPING","REQUIRES_LOGIC_OWNER_MAPPING","Confirm actual callpath, table and actor/profile scope"
"src/Jularr.Web/Features/Performance/DatabaseDiagnostics.cs","FEATURE_OR_ENDPOINT","DbConnection; BeginTransaction; ExecuteNonQueryAsync; ExecuteReaderAsync","WRITE_CANDIDATE","FILE_MATCH_CONFIRMED_OPERATION_OWNER_NOT_YET_TRACED","GitHub default-branch code search on dev SHA e6c3c77","REQUIRES_SERVICE_OWNER_MAPPING","REQUIRES_LOGIC_OWNER_MAPPING","Confirm actual callpath, table and actor/profile scope"
"src/Jularr.Web/Features/Playback/Decision/PlaybackDecisionRegistration.cs","FEATURE_OR_ENDPOINT","AddHostedService","TRANSPORT_OR_JOB_CANDIDATE","FILE_MATCH_CONFIRMED_OPERATION_OWNER_NOT_YET_TRACED","GitHub default-branch code search on dev SHA e6c3c77","REQUIRES_SERVICE_OWNER_MAPPING","REQUIRES_LOGIC_OWNER_MAPPING","Confirm actual callpath, table and actor/profile scope"
"src/Jularr.Web/Features/Playback/Transcoding/PlaybackServerResourceService.cs","FEATURE_OR_ENDPOINT","BackgroundService","TRANSPORT_OR_JOB_CANDIDATE","FILE_MATCH_CONFIRMED_OPERATION_OWNER_NOT_YET_TRACED","GitHub default-branch code search on dev SHA e6c3c77","REQUIRES_SERVICE_OWNER_MAPPING","REQUIRES_LOGIC_OWNER_MAPPING","Confirm actual callpath, table and actor/profile scope"
"src/Jularr.Web/Features/PlaybackSessions/PlaybackSessionEndpoints.cs","FEATURE_OR_ENDPOINT","MapGet; MapPost; MapPut; MapDelete","TRANSPORT_OR_JOB_CANDIDATE","FILE_MATCH_CONFIRMED_OPERATION_OWNER_NOT_YET_TRACED","GitHub default-branch code search on dev SHA e6c3c77","REQUIRES_SERVICE_OWNER_MAPPING","REQUIRES_LOGIC_OWNER_MAPPING","Confirm actual callpath, table and actor/profile scope"
"src/Jularr.Web/Features/Presentation/PresentationGroupStore.cs","FEATURE_OR_ENDPOINT","DbConnection; BeginTransaction; ExecuteNonQueryAsync; ExecuteReaderAsync","WRITE_CANDIDATE","FILE_MATCH_CONFIRMED_OPERATION_OWNER_NOT_YET_TRACED","GitHub default-branch code search on dev SHA e6c3c77","REQUIRES_SERVICE_OWNER_MAPPING","REQUIRES_LOGIC_OWNER_MAPPING","Confirm actual callpath, table and actor/profile scope"
"src/Jularr.Web/Features/Progress/ActiveSession.cs","FEATURE_OR_ENDPOINT","ExecuteSqlRaw; SqlQuery","WRITE_CANDIDATE","FILE_MATCH_CONFIRMED_OPERATION_OWNER_NOT_YET_TRACED","GitHub default-branch code search on dev SHA e6c3c77","REQUIRES_SERVICE_OWNER_MAPPING","REQUIRES_LOGIC_OWNER_MAPPING","Confirm actual callpath, table and actor/profile scope"
"src/Jularr.Web/Features/Progress/EpisodeProgress.cs","FEATURE_OR_ENDPOINT","SaveChangesAsync","WRITE_CANDIDATE","FILE_MATCH_CONFIRMED_OPERATION_OWNER_NOT_YET_TRACED","GitHub default-branch code search on dev SHA e6c3c77","REQUIRES_SERVICE_OWNER_MAPPING","REQUIRES_LOGIC_OWNER_MAPPING","Confirm actual callpath, table and actor/profile scope"
"src/Jularr.Web/Features/Progress/VideoProgress.cs","FEATURE_OR_ENDPOINT","SaveChangesAsync; ExecuteDeleteAsync; ExecuteSqlRaw; SqlQuery","WRITE_CANDIDATE","FILE_MATCH_CONFIRMED_OPERATION_OWNER_NOT_YET_TRACED","GitHub default-branch code search on dev SHA e6c3c77","REQUIRES_SERVICE_OWNER_MAPPING","REQUIRES_LOGIC_OWNER_MAPPING","Confirm actual callpath, table and actor/profile scope"
"src/Jularr.Web/Features/ReaderPreferences/ReaderPreferences.cs","FEATURE_OR_ENDPOINT","SaveChangesAsync","WRITE_CANDIDATE","FILE_MATCH_CONFIRMED_OPERATION_OWNER_NOT_YET_TRACED","GitHub default-branch code search on dev SHA e6c3c77","REQUIRES_SERVICE_OWNER_MAPPING","REQUIRES_LOGIC_OWNER_MAPPING","Confirm actual callpath, table and actor/profile scope"
"src/Jularr.Web/Features/ReaderThemes/ReaderThemeEndpoints.cs","FEATURE_OR_ENDPOINT","MapGet","TRANSPORT_OR_JOB_CANDIDATE","FILE_MATCH_CONFIRMED_OPERATION_OWNER_NOT_YET_TRACED","GitHub default-branch code search on dev SHA e6c3c77","REQUIRES_SERVICE_OWNER_MAPPING","REQUIRES_LOGIC_OWNER_MAPPING","Confirm actual callpath, table and actor/profile scope"
"src/Jularr.Web/Features/Reading/ContinueReadingQuery.cs","FEATURE_OR_ENDPOINT","SqlQuery","READ_CANDIDATE","FILE_MATCH_CONFIRMED_OPERATION_OWNER_NOT_YET_TRACED","GitHub default-branch code search on dev SHA e6c3c77","REQUIRES_SERVICE_OWNER_MAPPING","REQUIRES_LOGIC_OWNER_MAPPING","Confirm actual callpath, table and actor/profile scope"
"src/Jularr.Web/Features/ReadingAcquisition/MangaVersions.cs","FEATURE_OR_ENDPOINT","SqlQuery; ExecuteSqlInterpolated","WRITE_CANDIDATE","FILE_MATCH_CONFIRMED_OPERATION_OWNER_NOT_YET_TRACED","GitHub default-branch code search on dev SHA e6c3c77","REQUIRES_SERVICE_OWNER_MAPPING","REQUIRES_LOGIC_OWNER_MAPPING","Confirm actual callpath, table and actor/profile scope"
"src/Jularr.Web/Features/ReadingAcquisition/ReadingCompletedDownloadAdapters.cs","FEATURE_OR_ENDPOINT","SqlQuery","READ_CANDIDATE","FILE_MATCH_CONFIRMED_OPERATION_OWNER_NOT_YET_TRACED","GitHub default-branch code search on dev SHA e6c3c77","REQUIRES_SERVICE_OWNER_MAPPING","REQUIRES_LOGIC_OWNER_MAPPING","Confirm actual callpath, table and actor/profile scope"
"src/Jularr.Web/Features/ReadingAcquisition/ReadingCoverage.cs","FEATURE_OR_ENDPOINT","SqlQuery","READ_CANDIDATE","FILE_MATCH_CONFIRMED_OPERATION_OWNER_NOT_YET_TRACED","GitHub default-branch code search on dev SHA e6c3c77","REQUIRES_SERVICE_OWNER_MAPPING","REQUIRES_LOGIC_OWNER_MAPPING","Confirm actual callpath, table and actor/profile scope"
"src/Jularr.Web/Features/ReadingAcquisition/ReadingWorkAdmin.cs","FEATURE_OR_ENDPOINT","SqlQuery","READ_CANDIDATE","FILE_MATCH_CONFIRMED_OPERATION_OWNER_NOT_YET_TRACED","GitHub default-branch code search on dev SHA e6c3c77","REQUIRES_SERVICE_OWNER_MAPPING","REQUIRES_LOGIC_OWNER_MAPPING","Confirm actual callpath, table and actor/profile scope"
"src/Jularr.Web/Features/Search/MediaSearchFactsLoader.cs","FEATURE_OR_ENDPOINT","SqlQuery","READ_CANDIDATE","FILE_MATCH_CONFIRMED_OPERATION_OWNER_NOT_YET_TRACED","GitHub default-branch code search on dev SHA e6c3c77","REQUIRES_SERVICE_OWNER_MAPPING","REQUIRES_LOGIC_OWNER_MAPPING","Confirm actual callpath, table and actor/profile scope"
"src/Jularr.Web/Features/Search/MediaSearchQuery.cs","FEATURE_OR_ENDPOINT","DbConnection; ExecuteReaderAsync","READ_CANDIDATE","FILE_MATCH_CONFIRMED_OPERATION_OWNER_NOT_YET_TRACED","GitHub default-branch code search on dev SHA e6c3c77","REQUIRES_SERVICE_OWNER_MAPPING","REQUIRES_LOGIC_OWNER_MAPPING","Confirm actual callpath, table and actor/profile scope"
"src/Jularr.Web/Features/Speech/TtsPreferencesService.cs","FEATURE_OR_ENDPOINT","SaveChangesAsync","WRITE_CANDIDATE","FILE_MATCH_CONFIRMED_OPERATION_OWNER_NOT_YET_TRACED","GitHub default-branch code search on dev SHA e6c3c77","REQUIRES_SERVICE_OWNER_MAPPING","REQUIRES_LOGIC_OWNER_MAPPING","Confirm actual callpath, table and actor/profile scope"
"src/Jularr.Web/Features/Storage/FolderBrowse/FolderBrowseEndpoints.cs","FEATURE_OR_ENDPOINT","MapGet; MapPost","TRANSPORT_OR_JOB_CANDIDATE","FILE_MATCH_CONFIRMED_OPERATION_OWNER_NOT_YET_TRACED","GitHub default-branch code search on dev SHA e6c3c77","REQUIRES_SERVICE_OWNER_MAPPING","REQUIRES_LOGIC_OWNER_MAPPING","Confirm actual callpath, table and actor/profile scope"
"src/Jularr.Web/Features/Storage/Insights/StorageUsageService.cs","FEATURE_OR_ENDPOINT","SqlQuery","READ_CANDIDATE","FILE_MATCH_CONFIRMED_OPERATION_OWNER_NOT_YET_TRACED","GitHub default-branch code search on dev SHA e6c3c77","REQUIRES_SERVICE_OWNER_MAPPING","REQUIRES_LOGIC_OWNER_MAPPING","Confirm actual callpath, table and actor/profile scope"
"src/Jularr.Web/Features/Storage/LibraryRootRoutingService.cs","FEATURE_OR_ENDPOINT","SaveChangesAsync; ExecuteUpdateAsync; BeginTransaction","WRITE_CANDIDATE","FILE_MATCH_CONFIRMED_OPERATION_OWNER_NOT_YET_TRACED","GitHub default-branch code search on dev SHA e6c3c77","REQUIRES_SERVICE_OWNER_MAPPING","REQUIRES_LOGIC_OWNER_MAPPING","Confirm actual callpath, table and actor/profile scope"
"src/Jularr.Web/Features/Storage/Reconciliation/LibraryReconciliationPlanService.cs","FEATURE_OR_ENDPOINT","SaveChangesAsync; BeginTransaction","WRITE_CANDIDATE","FILE_MATCH_CONFIRMED_OPERATION_OWNER_NOT_YET_TRACED","GitHub default-branch code search on dev SHA e6c3c77","REQUIRES_SERVICE_OWNER_MAPPING","REQUIRES_LOGIC_OWNER_MAPPING","Confirm actual callpath, table and actor/profile scope"
"src/Jularr.Web/Features/Subtitles/SubtitleImportService.cs","FEATURE_OR_ENDPOINT","SaveChangesAsync; ExecuteUpdateAsync; ExecuteDeleteAsync; ExecuteSqlInterpolated; BeginTransaction","WRITE_CANDIDATE","FILE_MATCH_CONFIRMED_OPERATION_OWNER_NOT_YET_TRACED","GitHub default-branch code search on dev SHA e6c3c77","REQUIRES_SERVICE_OWNER_MAPPING","REQUIRES_LOGIC_OWNER_MAPPING","Confirm actual callpath, table and actor/profile scope"
"src/Jularr.Web/Features/Subtitles/SubtitleLanguageProfileService.cs","FEATURE_OR_ENDPOINT","SaveChangesAsync; ExecuteDeleteAsync","WRITE_CANDIDATE","FILE_MATCH_CONFIRMED_OPERATION_OWNER_NOT_YET_TRACED","GitHub default-branch code search on dev SHA e6c3c77","REQUIRES_SERVICE_OWNER_MAPPING","REQUIRES_LOGIC_OWNER_MAPPING","Confirm actual callpath, table and actor/profile scope"
"src/Jularr.Web/Features/Tracking/AniListSyncCheckpoints.cs","FEATURE_OR_ENDPOINT","SqlQuery","READ_CANDIDATE","FILE_MATCH_CONFIRMED_OPERATION_OWNER_NOT_YET_TRACED","GitHub default-branch code search on dev SHA e6c3c77","REQUIRES_SERVICE_OWNER_MAPPING","REQUIRES_LOGIC_OWNER_MAPPING","Confirm actual callpath, table and actor/profile scope"
"src/Jularr.Web/Features/Tracking/AniListSyncService.cs","FEATURE_OR_ENDPOINT","BackgroundService","TRANSPORT_OR_JOB_CANDIDATE","FILE_MATCH_CONFIRMED_OPERATION_OWNER_NOT_YET_TRACED","GitHub default-branch code search on dev SHA e6c3c77","REQUIRES_SERVICE_OWNER_MAPPING","REQUIRES_LOGIC_OWNER_MAPPING","Confirm actual callpath, table and actor/profile scope"
"src/Jularr.Web/Features/Tv/TvLibraryService.cs","FEATURE_OR_ENDPOINT","SaveChangesAsync","WRITE_CANDIDATE","FILE_MATCH_CONFIRMED_OPERATION_OWNER_NOT_YET_TRACED","GitHub default-branch code search on dev SHA e6c3c77","REQUIRES_SERVICE_OWNER_MAPPING","REQUIRES_LOGIC_OWNER_MAPPING","Confirm actual callpath, table and actor/profile scope"
"src/Jularr.Web/Features/Vocabulary/VocabularyService.cs","FEATURE_OR_ENDPOINT","SaveChangesAsync; ExecuteDeleteAsync","WRITE_CANDIDATE","FILE_MATCH_CONFIRMED_OPERATION_OWNER_NOT_YET_TRACED","GitHub default-branch code search on dev SHA e6c3c77","REQUIRES_SERVICE_OWNER_MAPPING","REQUIRES_LOGIC_OWNER_MAPPING","Confirm actual callpath, table and actor/profile scope"
"src/Jularr.Web/Features/Watchlist/WatchlistStore.cs","FEATURE_OR_ENDPOINT","DbConnection; ExecuteNonQueryAsync; ExecuteReaderAsync; SqlParams","WRITE_CANDIDATE","FILE_MATCH_CONFIRMED_OPERATION_OWNER_NOT_YET_TRACED","GitHub default-branch code search on dev SHA e6c3c77","REQUIRES_SERVICE_OWNER_MAPPING","REQUIRES_LOGIC_OWNER_MAPPING","Confirm actual callpath, table and actor/profile scope"
"src/Jularr.Web/Infrastructure/BackgroundJobQueue.cs","OTHER","BackgroundService","TRANSPORT_OR_JOB_CANDIDATE","FILE_MATCH_CONFIRMED_OPERATION_OWNER_NOT_YET_TRACED","GitHub default-branch code search on dev SHA e6c3c77","REQUIRES_SERVICE_OWNER_MAPPING","REQUIRES_LOGIC_OWNER_MAPPING","Confirm actual callpath, table and actor/profile scope"
"src/Jularr.Web/Pages/Account/Plex.cshtml.cs","RAZOR_CONSUMER","SaveChangesAsync; ExecuteDeleteAsync","WRITE_CANDIDATE","FILE_MATCH_CONFIRMED_OPERATION_OWNER_NOT_YET_TRACED","GitHub default-branch code search on dev SHA e6c3c77","REQUIRES_SERVICE_OWNER_MAPPING","REQUIRES_LOGIC_OWNER_MAPPING","Direct Razor data mutation; target replace with authorized Service"
"src/Jularr.Web/Pages/Admin/Capabilities/Manual.cshtml.cs","RAZOR_CONSUMER","BeginTransaction","TRANSACTION_OWNER_CANDIDATE","FILE_MATCH_CONFIRMED_OPERATION_OWNER_NOT_YET_TRACED","GitHub default-branch code search on dev SHA e6c3c77","REQUIRES_SERVICE_OWNER_MAPPING","REQUIRES_LOGIC_OWNER_MAPPING","Confirm actual callpath, table and actor/profile scope"
"src/Jularr.Web/Pages/Admin/System.cshtml.cs","RAZOR_CONSUMER","SaveChangesAsync","WRITE_CANDIDATE","FILE_MATCH_CONFIRMED_OPERATION_OWNER_NOT_YET_TRACED","GitHub default-branch code search on dev SHA e6c3c77","REQUIRES_SERVICE_OWNER_MAPPING","REQUIRES_LOGIC_OWNER_MAPPING","Direct Razor data mutation; target replace with authorized Service"
"src/Jularr.Web/Program.cs","OTHER","SaveChangesAsync; AddHostedService; BackgroundService","WRITE_CANDIDATE","FILE_MATCH_CONFIRMED_OPERATION_OWNER_NOT_YET_TRACED","GitHub default-branch code search on dev SHA e6c3c77","REQUIRES_SERVICE_OWNER_MAPPING","REQUIRES_LOGIC_OWNER_MAPPING","Confirm actual callpath, table and actor/profile scope"
