MigrationFile,UpCreates,UpDrops,UpRenames,UpOperationCounts,UpRawSqlCalls,UpRawSqlPreview,SourceBytes,Evidence
"20260929013145_Epoch4PostgresBaseline.cs","AcquisitionApiKeys; AiSentenceExplanationCache; Anime; LearningCourses; LearningPreferences; LibraryRoots; NovelWorks; OwnerAccounts; ProfilePlaybackPreferences; SubtitleLanguageProfiles; Terms; AcquisitionHistory; AnimeLocalMetadata; AnimeMetadata; Episodes; BookEditions; NovelAnimeMappings; NovelBookmarkTombstones; NovelVolumes; ReaderPreferences; SubtitleLanguageProfileItems; SubtitleProfileAssignments; LearningUnits; EpisodeMediaSegments; EpisodePlaybackHistory; EpisodeProgress; EpisodeSegmentDetectionStates; EpisodeTerms; MediaFiles; SubtitleTracks; BookFiles; NovelChapters; LearningCards; LearningContexts; LearningVariants; MediaAnalyses; SubtitleCues; NovelBookmarks; NovelHighlights; NovelProgress; NovelTranslations; LearningCardReviews; MediaAnalysisStreams","","","CreateTable:43; CreateIndex:73; Sql:1","1"," CREATE TABLE """"AccountSessionStates"""" ( """"AccountId"""" TEXT NOT NULL CONSTRAINT ""","123266","src/Jularr.Web/Data/Migrations/20260929013145_Epoch4PostgresBaseline.cs"
"20260929041524_MediaCoreFoundation.cs","Works; WorkEditions; WorkExternalIdentities; WorkFieldProvenance; WorkRelations; WorkSeasons; WorkSourceLinks; WorkTitles; WorkVolumes; WorkVersions; WorkEpisodes; WorkChapters","","","CreateTable:12; CreateIndex:23","0","","24036","src/Jularr.Web/Data/Migrations/20260929041524_MediaCoreFoundation.cs"
"20260929092936_WorkIdentityChanges.cs","WorkIdentityChanges","","","CreateTable:1; CreateIndex:3","0","","2530","src/Jularr.Web/Data/Migrations/20260929092936_WorkIdentityChanges.cs"
"20260929115624_MovieTvFoundation.cs","Movies; TvSeries","","","CreateTable:2; CreateIndex:2; Sql:5","5","ALTER TABLE """"AcquisitionAccessPolicies"""" DROP COLUMN IF EXISTS """"UserAddMode"""";""); ","6566","src/Jularr.Web/Data/Migrations/20260929115624_MovieTvFoundation.cs"
"20260929124445_LearningV3CurriculumFoundation.cs","CurriculumBlueprints; CurriculumLevels; SharedCourseInstances; CurriculumChapters; LearnerCourses; CurriculumLessons; LearnerCourseItemDeltas; LearnerCourseProgress; CurriculumExercises","","","CreateTable:9; CreateIndex:18","0","","18139","src/Jularr.Web/Data/Migrations/20260929124445_LearningV3CurriculumFoundation.cs"
"20260929150053_AudiobookFoundation.cs","Audiobooks; AudiobookFiles; AudiobookProgress","","","CreateTable:3; CreateIndex:5; Sql:4","4","","8904","src/Jularr.Web/Data/Migrations/20260929150053_AudiobookFoundation.cs"
"20260929171337_CollectionsFoundation.cs","Collections; CollectionItems","","","CreateTable:2; CreateIndex:4","0","","4329","src/Jularr.Web/Data/Migrations/20260929171337_CollectionsFoundation.cs"
"20260930111106_OperationActorAndHistoryIndex.cs","","","","Sql:1","1"," ALTER TABLE ""Operations"" ADD COLUMN IF NOT EXISTS ""ActorProfileId"" T","1342","src/Jularr.Web/Data/Migrations/20260930111106_OperationActorAndHistoryIndex.cs"
"20260930163000_AddOperationPriority.cs","","","","Sql:1","1"," ALTER TABLE ""Operations"" ADD COLUMN IF NOT EXISTS ""Priority"" bigint ","992","src/Jularr.Web/Data/Migrations/20260930163000_AddOperationPriority.cs"
"20261002062139_AddLibraryReconciliationPlans.cs","LibraryReconciliationPlans; LibraryReconciliationPlanItems","","","CreateTable:2; CreateIndex:3","0","","5101","src/Jularr.Web/Data/Migrations/20261002062139_AddLibraryReconciliationPlans.cs"
"20261002080402_AddExplicitlyIgnoredReconciliationItems.cs","","","","","0","","855","src/Jularr.Web/Data/Migrations/20261002080402_AddExplicitlyIgnoredReconciliationItems.cs"
"20261002090725_AddReconciliationEpisodeAssignments.cs","","","","CreateIndex:1; AddForeignKey:1","0","","1760","src/Jularr.Web/Data/Migrations/20261002090725_AddReconciliationEpisodeAssignments.cs"
"20261002100802_AddReconciliationVolumeAssignments.cs","","","","CreateIndex:1; AddForeignKey:1","0","","1752","src/Jularr.Web/Data/Migrations/20261002100802_AddReconciliationVolumeAssignments.cs"
"20261002110504_AddReconciliationChapterAssignments.cs","","","","CreateIndex:1; AddForeignKey:1","0","","1760","src/Jularr.Web/Data/Migrations/20261002110504_AddReconciliationChapterAssignments.cs"
"20261002110834_AddReconciliationOrganizationMode.cs","","","","","0","","830","src/Jularr.Web/Data/Migrations/20261002110834_AddReconciliationOrganizationMode.cs"
"20261002112130_AddReconciliationFileLinks.cs","LibraryReconciliationFileLinks","","","CreateTable:1; CreateIndex:7","0","","5518","src/Jularr.Web/Data/Migrations/20261002112130_AddReconciliationFileLinks.cs"
"20261002113129_AddReconciliationLogicalGroups.cs","LibraryReconciliationLogicalGroups","","","CreateTable:1; CreateIndex:2; AddForeignKey:1","0","","3123","src/Jularr.Web/Data/Migrations/20261002113129_AddReconciliationLogicalGroups.cs"
"20261002113620_AddReconciliationReleaseMetadata.cs","","","","CreateIndex:4; AddForeignKey:4","0","","8684","src/Jularr.Web/Data/Migrations/20261002113620_AddReconciliationReleaseMetadata.cs"
"20261002114518_AddReconciliationObservedFileState.cs","","","","","0","","1176","src/Jularr.Web/Data/Migrations/20261002114518_AddReconciliationObservedFileState.cs"
"20261002153437_AddReconciliationExecutionOperation.cs","","","","","0","","818","src/Jularr.Web/Data/Migrations/20261002153437_AddReconciliationExecutionOperation.cs"
"20261002153945_AddReconciliationFilenameEvidenceOption.cs","","","","","0","","854","src/Jularr.Web/Data/Migrations/20261002153945_AddReconciliationFilenameEvidenceOption.cs"
"20261003041810_AddReconciliationSourceFolderCleanup.cs","","","","","0","","854","src/Jularr.Web/Data/Migrations/20261003041810_AddReconciliationSourceFolderCleanup.cs"
"20261003175500_GamesFoundation.cs","GamePlatforms; Games; GameArtworks; GameExternalIdentities; GameTitles; GameReleases; GameReleaseFiles; GameReleaseHashes","","","CreateTable:8; CreateIndex:12","0","","13618","src/Jularr.Web/Data/Migrations/20261003175500_GamesFoundation.cs"
"20261003190000_CanonicalVideoStorage.cs","MediaAssets","","MediaFiles->StoredFiles; MediaAnalyses->MediaTechnicalAnalyses; MediaAnalysisStreams->MediaTracks","CreateTable:1; RenameTable:3; RenameColumn:2; CreateIndex:4; AddForeignKey:4; DropForeignKey:3","0","","9326","src/Jularr.Web/Data/Migrations/20261003190000_CanonicalVideoStorage.cs"
"20261004060000_CanonicalVideoProgress.cs","MediaProgress; MediaPlaybackHistory; ActiveSessions","","","CreateTable:3; CreateIndex:14","0","","9517","src/Jularr.Web/Data/Migrations/20261004060000_CanonicalVideoProgress.cs"
"20261004152000_ReaderImagePreferences.cs","","","","","0","","3063","src/Jularr.Web/Data/Migrations/20261004152000_ReaderImagePreferences.cs"
"20261004153500_ReaderPreferenceScopeIdentity.cs","","","","DropColumn:1; DropIndex:1; DropForeignKey:1","0","","2259","src/Jularr.Web/Data/Migrations/20261004153500_ReaderPreferenceScopeIdentity.cs"
"20261004154500_CanonicalMangaReaderPreferenceScopes.cs","","","","Sql:5","5"," INSERT INTO ""Works"" ( ""Id"", ""MediaType"", ""CanonicalTitle;  INSERT INTO ""WorkSourceLinks"" ( ""Id"", ""WorkId"", ""SourceK;  UPDATE ""ReaderPreferences"" AS Target SET ""Re;  UPDATE ""ReaderPreferences"" AS Target SET ""Re;  UPDATE ""ReaderPreferences"" AS Preference SET ""ScopeKey"" = 'w","8733","src/Jularr.Web/Data/Migrations/20261004154500_CanonicalMangaReaderPreferenceScopes.cs"
"20261004202500_LibraryRootContentRouting.cs","LibraryRootContentAssignments","","","CreateTable:1; CreateIndex:2","0","","2710","src/Jularr.Web/Data/Migrations/20261004202500_LibraryRootContentRouting.cs"
"20261006002056_AddWorkMetadataAndArtwork.cs","WorkArtwork; WorkCredits; WorkLocalizedValues; WorkMetadataFacts; WorkMetadataRefreshes","","","CreateTable:5; CreateIndex:8","0","","14171","src/Jularr.Web/Data/Migrations/20261006002056_AddWorkMetadataAndArtwork.cs"
"20261007090000_ProfileAdminShortcutPreference.cs","","","","Sql:1","1","ALTER TABLE \""UiProfileThemes\"" ADD COLUMN \""ShowAdminShortcut\"" boolean NOT NULL DEF","990","src/Jularr.Web/Data/Migrations/20261007090000_ProfileAdminShortcutPreference.cs"
"20261007120000_MusicFoundation.cs","MusicArtists; WorkTracks; MusicAlbums","","","CreateTable:3; CreateIndex:6; AddForeignKey:1","0","","7877","src/Jularr.Web/Data/Migrations/20261007120000_MusicFoundation.cs"
"20261007121000_MusicArtistAddedBy.cs","","","","","0","","801","src/Jularr.Web/Data/Migrations/20261007121000_MusicArtistAddedBy.cs"
"20261007122000_MusicAcquisitionKind.cs","","","","Sql:2","2","","2279","src/Jularr.Web/Data/Migrations/20261007122000_MusicAcquisitionKind.cs"
"20261007130000_InstanceBranding.cs","","","","Sql:1","1"," CREATE TABLE ""InstanceBranding"" ( ""Id"" integer NOT NULL ","1925","src/Jularr.Web/Data/Migrations/20261007130000_InstanceBranding.cs"
"20261007140000_InstanceBrandingLogoRecolour.cs","","","","Sql:1","1"," ALTER TABLE ""InstanceBranding"" ADD COLUMN ""RecolourLogo""","1177","src/Jularr.Web/Data/Migrations/20261007140000_InstanceBrandingLogoRecolour.cs"
"20261008090000_HomeLayoutPreferences.cs","","","","Sql:1","1"," CREATE TABLE ""InstanceHomeDefaults"" ( ""Id"" integer NOT N","2854","src/Jularr.Web/Data/Migrations/20261008090000_HomeLayoutPreferences.cs"
"20261008110000_AcquisitionRequestWorkBinding.cs","","","","Sql:1","1"," ALTER TABLE ""AcquisitionRequests"" ADD COLUMN ""WorkId"" TEXT NULL; ","1347","src/Jularr.Web/Data/Migrations/20261008110000_AcquisitionRequestWorkBinding.cs"
"20261008130000_DiscoverySnapshots.cs","","","","Sql:1","1"," CREATE TABLE ""DiscoverySnapshots"" ( ""Key"" TEXT NOT NULL,","1481","src/Jularr.Web/Data/Migrations/20261008130000_DiscoverySnapshots.cs"
"20261008140000_CanonicalMonitoring.cs","","","","Sql:3","3"," CREATE TABLE ""WorkMonitoring"" ( ""Id"" BIGINT GENERATED BY;  CREATE TEMP TABLE ""_VideoMonitoring"" ON COMMIT DROP AS SELEC;  INSERT INTO ""WorkMonitoringSources"" (""Kind"", ""SourceKey"", ""Label"", ""Role","8096","src/Jularr.Web/Data/Migrations/20261008140000_CanonicalMonitoring.cs"
"20261008162431_DropMusicMonitoringColumns.cs","","","","DropColumn:3; CreateIndex:1; DropIndex:1","0","","2194","src/Jularr.Web/Data/Migrations/20261008162431_DropMusicMonitoringColumns.cs"
"20261008182603_WantedItems.cs","WantedItems","","","CreateTable:1; CreateIndex:2","0","","2254","src/Jularr.Web/Data/Migrations/20261008182603_WantedItems.cs"
"20261008190000_RequestTargets.cs","","","","Sql:1","1"," CREATE TABLE ""RequestTargets"" ( ""Id"" BIGINT GENERATED BY","2850","src/Jularr.Web/Data/Migrations/20261008190000_RequestTargets.cs"
"20261009100000_RequestTargetsRepair.cs","","","","Sql:1","1"," DELETE FROM ""RequestTargets"" target WHERE EXISTS (SELECT 1 F","3704","src/Jularr.Web/Data/Migrations/20261009100000_RequestTargetsRepair.cs"
"20261009130000_AudiobookEditionIntent.cs","","","","Sql:1","1"," ALTER TABLE ""WorkMonitoring"" DROP CONSTRAINT ""CK_WorkMonitoring_Kind""; ","2569","src/Jularr.Web/Data/Migrations/20261009130000_AudiobookEditionIntent.cs"
"20261009131500_ProfileSubtitleDisplayPreferences.cs","","","","","0","","1978","src/Jularr.Web/Data/Migrations/20261009131500_ProfileSubtitleDisplayPreferences.cs"
"20261009140000_ReadingUnitIdentity.cs","WorkUnitBindings","","","CreateTable:1; CreateIndex:6","0","","6665","src/Jularr.Web/Data/Migrations/20261009140000_ReadingUnitIdentity.cs"
"20261009150000_AccountLoginIdentities.cs","AccountLoginIdentities; PlexLoginAttempts","","","CreateTable:2; CreateIndex:3","0","","3737","src/Jularr.Web/Data/Migrations/20261009150000_AccountLoginIdentities.cs"
"20261009150000_MusicRecordings.cs","MusicRecordings","","","CreateTable:1; DropColumn:1; CreateIndex:2; AddForeignKey:1; Sql:1","1"," INSERT INTO ""MusicRecordings"" (""Id"", ""MusicBrainzId"", ""Title"", ""Crea","4404","src/Jularr.Web/Data/Migrations/20261009150000_MusicRecordings.cs"
"20261009160000_AudiobookEditionMetadata.cs","AudiobookEditionMetadata","","","CreateTable:1","0","","2284","src/Jularr.Web/Data/Migrations/20261009160000_AudiobookEditionMetadata.cs"
"20261009170000_WorkAnimeClassification.cs","","","","CreateIndex:1; Sql:1","1"," UPDATE ""Works"" SET ""MediaType"" = 1, ""IsAnime"" = TRUE WHERE ""MediaTyp","2079","src/Jularr.Web/Data/Migrations/20261009170000_WorkAnimeClassification.cs"
"20261009194000_RequestSubmissionUsage.cs","","","","Sql:1","1"," CREATE TABLE ""RequestSubmissionUsage"" ( ""Id"" BIGINT GENE","1415","src/Jularr.Web/Data/Migrations/20261009194000_RequestSubmissionUsage.cs"
"20261010000000_WorkIdInt64.cs","","","","Sql:7","7"," CREATE TABLE ""WorkIdMigrationMap"" ( ""OldId"" uuid;  CREATE FUNCTION pg_temp.retype_work_column(tbl text, col text, toler;  DO $$ DECLARE saved record; BEGIN ;  SELECT pg_temp.retype_work_column('AcquisitionRequests', 'WorkId', t;  ALTER TABLE ""WorkMonitoring"" ALTER COLUMN ""TargetId"" DROP NOT NULL; ;  UPDATE ""AcquisitionRequests"" SET ""PayloadJson"" = pg_temp.remap_work_","21630","src/Jularr.Web/Data/Migrations/20261010000000_WorkIdInt64.cs"
"20261010100000_ReadingUnitBindingsCoverMany.cs","","","","CreateIndex:3; DropIndex:1","0","","2164","src/Jularr.Web/Data/Migrations/20261010100000_ReadingUnitBindingsCoverMany.cs"
"20261010200000_MangaChapterVersions.cs","","","","Sql:1","1"," ALTER TABLE ""MangaChapters"" ADD COLUMN ""SupersededById"" TEXT NULL ","932","src/Jularr.Web/Data/Migrations/20261010200000_MangaChapterVersions.cs"
"20261010300000_NovelVolumeEditions.cs","NovelVolumeEditions","","","CreateTable:1; CreateIndex:1","0","","2172","src/Jularr.Web/Data/Migrations/20261010300000_NovelVolumeEditions.cs"
