NativeConsumer,RouteSymbol,CurrentPathExpression,SourceLine,TargetServiceOperation,TargetRoute,MigrationGate,Notes
"clients/android/core-api/src/main/kotlin/de/juloc/jularr/core/api/ClientApiRoutes.kt","ApiVersion","2","4","UNMAPPED_SERVICE_USER_OR_PUBLIC_AUTH","TO_DEFINE_ONLY_AFTER_CLIENT_ENDPOINT_AUDIT","OLD_ROUTE_MUST_NOT_BE_REMOVED_BEFORE_NATIVE_UPDATE","Protocol version 2 despite /api/client/v1 URL"
"clients/android/core-api/src/main/kotlin/de/juloc/jularr/core/api/ClientApiRoutes.kt","Base","""/api/client/v1""","5","UNMAPPED_SERVICE_USER_OR_PUBLIC_AUTH","TO_DEFINE_ONLY_AFTER_CLIENT_ENDPOINT_AUDIT","OLD_ROUTE_MUST_NOT_BE_REMOVED_BEFORE_NATIVE_UPDATE","Native API prefix separate from planned /api/v1"
"clients/android/core-api/src/main/kotlin/de/juloc/jularr/core/api/ClientApiRoutes.kt","Capabilities","""$Base/capabilities""","6","UNMAPPED_SERVICE_USER_OR_PUBLIC_AUTH","TO_DEFINE_ONLY_AFTER_CLIENT_ENDPOINT_AUDIT","OLD_ROUTE_MUST_NOT_BE_REMOVED_BEFORE_NATIVE_UPDATE",""
"clients/android/core-api/src/main/kotlin/de/juloc/jularr/core/api/ClientApiRoutes.kt","Login","""$Base/session/login""","7","UNMAPPED_SERVICE_USER_OR_PUBLIC_AUTH","TO_DEFINE_ONLY_AFTER_CLIENT_ENDPOINT_AUDIT","OLD_ROUTE_MUST_NOT_BE_REMOVED_BEFORE_NATIVE_UPDATE",""
"clients/android/core-api/src/main/kotlin/de/juloc/jularr/core/api/ClientApiRoutes.kt","Logout","""$Base/session/logout""","8","UNMAPPED_SERVICE_USER_OR_PUBLIC_AUTH","TO_DEFINE_ONLY_AFTER_CLIENT_ENDPOINT_AUDIT","OLD_ROUTE_MUST_NOT_BE_REMOVED_BEFORE_NATIVE_UPDATE",""
"clients/android/core-api/src/main/kotlin/de/juloc/jularr/core/api/ClientApiRoutes.kt","Me","""$Base/me""","9","UNMAPPED_SERVICE_USER_OR_PUBLIC_AUTH","TO_DEFINE_ONLY_AFTER_CLIENT_ENDPOINT_AUDIT","OLD_ROUTE_MUST_NOT_BE_REMOVED_BEFORE_NATIVE_UPDATE",""
"clients/android/core-api/src/main/kotlin/de/juloc/jularr/core/api/ClientApiRoutes.kt","Library","""$Base/library""","10","UNMAPPED_SERVICE_USER_OR_PUBLIC_AUTH","TO_DEFINE_ONLY_AFTER_CLIENT_ENDPOINT_AUDIT","OLD_ROUTE_MUST_NOT_BE_REMOVED_BEFORE_NATIVE_UPDATE",""
"clients/android/core-api/src/main/kotlin/de/juloc/jularr/core/api/ClientApiRoutes.kt","ContinueWatching","""$Base/continue-watching""","11","UNMAPPED_SERVICE_USER_OR_PUBLIC_AUTH","TO_DEFINE_ONLY_AFTER_CLIENT_ENDPOINT_AUDIT","OLD_ROUTE_MUST_NOT_BE_REMOVED_BEFORE_NATIVE_UPDATE",""
"clients/android/core-api/src/main/kotlin/de/juloc/jularr/core/api/ClientApiRoutes.kt","PlaybackHistory","""$Base/me/playback-history""","12","UNMAPPED_SERVICE_USER_OR_PUBLIC_AUTH","TO_DEFINE_ONLY_AFTER_CLIENT_ENDPOINT_AUDIT","OLD_ROUTE_MUST_NOT_BE_REMOVED_BEFORE_NATIVE_UPDATE",""
"clients/android/core-api/src/main/kotlin/de/juloc/jularr/core/api/ClientApiRoutes.kt","Watchlist","""$Base/watchlist""","13","UNMAPPED_SERVICE_USER_OR_PUBLIC_AUTH","TO_DEFINE_ONLY_AFTER_CLIENT_ENDPOINT_AUDIT","OLD_ROUTE_MUST_NOT_BE_REMOVED_BEFORE_NATIVE_UPDATE",""
"clients/android/core-api/src/main/kotlin/de/juloc/jularr/core/api/ClientApiRoutes.kt","watchlistPage","block function constructs query","15","UNMAPPED_SERVICE_USER_OR_PUBLIC_AUTH","TO_DEFINE_ONLY_AFTER_CLIENT_ENDPOINT_AUDIT","OLD_ROUTE_MUST_NOT_BE_REMOVED_BEFORE_NATIVE_UPDATE",""
"clients/android/core-api/src/main/kotlin/de/juloc/jularr/core/api/ClientApiRoutes.kt","anime","""$Base/anime/$animeId""","20","UNMAPPED_SERVICE_USER_OR_PUBLIC_AUTH","TO_DEFINE_ONLY_AFTER_CLIENT_ENDPOINT_AUDIT","OLD_ROUTE_MUST_NOT_BE_REMOVED_BEFORE_NATIVE_UPDATE",""
"clients/android/core-api/src/main/kotlin/de/juloc/jularr/core/api/ClientApiRoutes.kt","episode","""$Base/episodes/$episodeId""","21","UNMAPPED_SERVICE_USER_OR_PUBLIC_AUTH","TO_DEFINE_ONLY_AFTER_CLIENT_ENDPOINT_AUDIT","OLD_ROUTE_MUST_NOT_BE_REMOVED_BEFORE_NATIVE_UPDATE",""
"clients/android/core-api/src/main/kotlin/de/juloc/jularr/core/api/ClientApiRoutes.kt","progress","""$Base/episodes/$episodeId/progress""","22","UNMAPPED_SERVICE_USER_OR_PUBLIC_AUTH","TO_DEFINE_ONLY_AFTER_CLIENT_ENDPOINT_AUDIT","OLD_ROUTE_MUST_NOT_BE_REMOVED_BEFORE_NATIVE_UPDATE",""
"clients/android/core-api/src/main/kotlin/de/juloc/jularr/core/api/ClientApiRoutes.kt","player","""$Base/episodes/$episodeId/player""","23","UNMAPPED_SERVICE_USER_OR_PUBLIC_AUTH","TO_DEFINE_ONLY_AFTER_CLIENT_ENDPOINT_AUDIT","OLD_ROUTE_MUST_NOT_BE_REMOVED_BEFORE_NATIVE_UPDATE",""
"clients/android/core-api/src/main/kotlin/de/juloc/jularr/core/api/ClientApiRoutes.kt","offlineDownload","""$Base/episodes/$episodeId/offline-download""","24","UNMAPPED_SERVICE_USER_OR_PUBLIC_AUTH","TO_DEFINE_ONLY_AFTER_CLIENT_ENDPOINT_AUDIT","OLD_ROUTE_MUST_NOT_BE_REMOVED_BEFORE_NATIVE_UPDATE",""
"clients/android/core-api/src/main/kotlin/de/juloc/jularr/core/api/ClientApiRoutes.kt","OfflineProgress","""$Base/offline/progress""","25","UNMAPPED_SERVICE_USER_OR_PUBLIC_AUTH","TO_DEFINE_ONLY_AFTER_CLIENT_ENDPOINT_AUDIT","OLD_ROUTE_MUST_NOT_BE_REMOVED_BEFORE_NATIVE_UPDATE",""
"clients/android/core-api/src/main/kotlin/de/juloc/jularr/core/api/ClientApiRoutes.kt","offlineLibraryManifest","""$Base/offline-library/works/$workId/manifest""","27","UNMAPPED_SERVICE_USER_OR_PUBLIC_AUTH","TO_DEFINE_ONLY_AFTER_CLIENT_ENDPOINT_AUDIT","OLD_ROUTE_MUST_NOT_BE_REMOVED_BEFORE_NATIVE_UPDATE",""
"clients/android/core-api/src/main/kotlin/de/juloc/jularr/core/api/ClientApiRoutes.kt","offlineLibraryChapter","""$Base/offline-library/chapters/$chapterId""","28","UNMAPPED_SERVICE_USER_OR_PUBLIC_AUTH","TO_DEFINE_ONLY_AFTER_CLIENT_ENDPOINT_AUDIT","OLD_ROUTE_MUST_NOT_BE_REMOVED_BEFORE_NATIVE_UPDATE",""
"clients/android/core-api/src/main/kotlin/de/juloc/jularr/core/api/ClientApiRoutes.kt","offlineLibraryAsset","","29","UNMAPPED_SERVICE_USER_OR_PUBLIC_AUTH","TO_DEFINE_ONLY_AFTER_CLIENT_ENDPOINT_AUDIT","OLD_ROUTE_MUST_NOT_BE_REMOVED_BEFORE_NATIVE_UPDATE",""
"clients/android/core-api/src/main/kotlin/de/juloc/jularr/core/api/ClientApiRoutes.kt","OfflineLibrarySync","""$Base/offline-library/sync""","31","UNMAPPED_SERVICE_USER_OR_PUBLIC_AUTH","TO_DEFINE_ONLY_AFTER_CLIENT_ENDPOINT_AUDIT","OLD_ROUTE_MUST_NOT_BE_REMOVED_BEFORE_NATIVE_UPDATE",""
"clients/android/core-api/src/main/kotlin/de/juloc/jularr/core/api/ClientApiRoutes.kt","cues","block function constructs query","33","UNMAPPED_SERVICE_USER_OR_PUBLIC_AUTH","TO_DEFINE_ONLY_AFTER_CLIENT_ENDPOINT_AUDIT","OLD_ROUTE_MUST_NOT_BE_REMOVED_BEFORE_NATIVE_UPDATE",""
"clients/android/core-api/src/main/kotlin/de/juloc/jularr/core/api/ClientApiRoutes.kt","media","""$Base/media/$mediaFileId/content""","49","UNMAPPED_SERVICE_USER_OR_PUBLIC_AUTH","TO_DEFINE_ONLY_AFTER_CLIENT_ENDPOINT_AUDIT","OLD_ROUTE_MUST_NOT_BE_REMOVED_BEFORE_NATIVE_UPDATE",""
"clients/android/core-api/src/main/kotlin/de/juloc/jularr/core/api/ClientApiRoutes.kt","mediaAvailability","","50","UNMAPPED_SERVICE_USER_OR_PUBLIC_AUTH","TO_DEFINE_ONLY_AFTER_CLIENT_ENDPOINT_AUDIT","OLD_ROUTE_MUST_NOT_BE_REMOVED_BEFORE_NATIVE_UPDATE",""
"clients/android/core-api/src/main/kotlin/de/juloc/jularr/core/api/ClientApiRoutes.kt","term","""$Base/terms/$termId""","59","UNMAPPED_SERVICE_USER_OR_PUBLIC_AUTH","TO_DEFINE_ONLY_AFTER_CLIENT_ENDPOINT_AUDIT","OLD_ROUTE_MUST_NOT_BE_REMOVED_BEFORE_NATIVE_UPDATE",""
"clients/android/core-api/src/main/kotlin/de/juloc/jularr/core/api/ClientApiRoutes.kt","rootAvailability","""$Base/library-roots/$rootId/availability""","60","UNMAPPED_SERVICE_USER_OR_PUBLIC_AUTH","TO_DEFINE_ONLY_AFTER_CLIENT_ENDPOINT_AUDIT","OLD_ROUTE_MUST_NOT_BE_REMOVED_BEFORE_NATIVE_UPDATE",""
"clients/android/core-api/src/main/kotlin/de/juloc/jularr/core/api/ClientApiRoutes.kt","testRoot","""$Base/library-roots/$rootId/test""","61","UNMAPPED_SERVICE_USER_OR_PUBLIC_AUTH","TO_DEFINE_ONLY_AFTER_CLIENT_ENDPOINT_AUDIT","OLD_ROUTE_MUST_NOT_BE_REMOVED_BEFORE_NATIVE_UPDATE",""
"clients/android/core-api/src/main/kotlin/de/juloc/jularr/core/api/ClientApiRoutes.kt","wakeRoot","""$Base/library-roots/$rootId/wake""","62","UNMAPPED_SERVICE_USER_OR_PUBLIC_AUTH","TO_DEFINE_ONLY_AFTER_CLIENT_ENDPOINT_AUDIT","OLD_ROUTE_MUST_NOT_BE_REMOVED_BEFORE_NATIVE_UPDATE",""
"clients/android/core-api/src/main/kotlin/de/juloc/jularr/core/api/ClientApiRoutes.kt","TtsPreferences","""$Base/me/tts-preferences""","64","UNMAPPED_SERVICE_USER_OR_PUBLIC_AUTH","TO_DEFINE_ONLY_AFTER_CLIENT_ENDPOINT_AUDIT","OLD_ROUTE_MUST_NOT_BE_REMOVED_BEFORE_NATIVE_UPDATE",""
"clients/android/core-api/src/main/kotlin/de/juloc/jularr/core/api/ClientApiRoutes.kt","SpeechModels","""$Base/speech/models""","65","UNMAPPED_SERVICE_USER_OR_PUBLIC_AUTH","TO_DEFINE_ONLY_AFTER_CLIENT_ENDPOINT_AUDIT","OLD_ROUTE_MUST_NOT_BE_REMOVED_BEFORE_NATIVE_UPDATE",""
"clients/android/core-api/src/main/kotlin/de/juloc/jularr/core/api/ClientApiRoutes.kt","PairingStart","""$Base/pairing/start""","67","UNMAPPED_SERVICE_USER_OR_PUBLIC_AUTH","TO_DEFINE_ONLY_AFTER_CLIENT_ENDPOINT_AUDIT","OLD_ROUTE_MUST_NOT_BE_REMOVED_BEFORE_NATIVE_UPDATE",""
"clients/android/core-api/src/main/kotlin/de/juloc/jularr/core/api/ClientApiRoutes.kt","PairingPoll","""$Base/pairing/poll""","68","UNMAPPED_SERVICE_USER_OR_PUBLIC_AUTH","TO_DEFINE_ONLY_AFTER_CLIENT_ENDPOINT_AUDIT","OLD_ROUTE_MUST_NOT_BE_REMOVED_BEFORE_NATIVE_UPDATE",""
"clients/android/core-session/src/main/kotlin/de/juloc/jularr/core/session/PlaybackSessionClient.kt","PlaybackSessions","/api/client/v1/playback-sessions","16","UNMAPPED_SERVICE_USER_OR_PUBLIC_AUTH","TO_DEFINE_ONLY_AFTER_CLIENT_ENDPOINT_AUDIT","OLD_ROUTE_MUST_NOT_BE_REMOVED_BEFORE_NATIVE_UPDATE",""
