TargetTable,AreaCandidate,ColumnCount,ColumnsAndPgTypes,ReferencedTargetTables,Source,DesignStatus,RequiredBeforeGateB
"UiLocales","Accounts / Auth / External","5","Id:bigint; Locale:varchar(32); Name:text; IsEnabled:boolean; IsRightToLeft:boolean","","docs/DATABASE_CUTOVER_PHASE_B_01_CORE_DRAFT.sql","DRAFT_NOT_SIGNED","REVIEW_REAL_FUNCTION_ENUMS_AND_POSTGRESQL_TEST"
"AccountRoleTypes","Accounts / Auth / External","2","Id:smallint; Key:text","","docs/DATABASE_CUTOVER_PHASE_B_01_CORE_DRAFT.sql","DRAFT_NOT_SIGNED","REVIEW_REAL_FUNCTION_ENUMS_AND_POSTGRESQL_TEST"
"Accounts","Accounts / Auth / External","8","Id:bigint; Email:citext; DisplayName:text; AccountRoleTypeId:smallint; IsEnabled:boolean; EmailVerifiedAt:timestamptz; CreatedAt:timestamptz; UpdatedAt:timestamptz","AccountRoleTypes","docs/DATABASE_CUTOVER_PHASE_B_01_CORE_DRAFT.sql","DRAFT_NOT_SIGNED","REVIEW_REAL_FUNCTION_ENUMS_AND_POSTGRESQL_TEST"
"Profiles","Accounts / Auth / External","7","Id:bigint; OwnerAccountId:bigint; DisplayName:text; UiLocaleId:bigint; PinHash:text; CreatedAt:timestamptz; UpdatedAt:timestamptz","Accounts; UiLocales; AccountProfiles","docs/DATABASE_CUTOVER_PHASE_B_01_CORE_DRAFT.sql","DRAFT_NOT_SIGNED","REVIEW_REAL_FUNCTION_ENUMS_AND_POSTGRESQL_TEST"
"AccountProfiles","Accounts / Auth / External","3","AccountId:bigint; ProfileId:bigint; CreatedAt:timestamptz","Accounts; Profiles","docs/DATABASE_CUTOVER_PHASE_B_01_CORE_DRAFT.sql","DRAFT_NOT_SIGNED","REVIEW_REAL_FUNCTION_ENUMS_AND_POSTGRESQL_TEST"
"AccountPasswords","Accounts / Auth / External","3","AccountId:bigint; PasswordHash:text; ChangedAt:timestamptz","Accounts","docs/DATABASE_CUTOVER_PHASE_B_01_CORE_DRAFT.sql","DRAFT_NOT_SIGNED","REVIEW_REAL_FUNCTION_ENUMS_AND_POSTGRESQL_TEST"
"AccountPasskeys","Accounts / Auth / External","7","Id:bigint; AccountId:bigint; CredentialId:bytea; PublicKey:bytea; SignatureCounter:bigint; CreatedAt:timestamptz; LastUsedAt:timestamptz","Accounts","docs/DATABASE_CUTOVER_PHASE_B_01_CORE_DRAFT.sql","DRAFT_NOT_SIGNED","REVIEW_REAL_FUNCTION_ENUMS_AND_POSTGRESQL_TEST"
"AccountTotpFactors","Accounts / Auth / External","5","Id:bigint; AccountId:bigint; EncryptedSecret:bytea; CreatedAt:timestamptz; ConfirmedAt:timestamptz","Accounts","docs/DATABASE_CUTOVER_PHASE_B_01_CORE_DRAFT.sql","DRAFT_NOT_SIGNED","REVIEW_REAL_FUNCTION_ENUMS_AND_POSTGRESQL_TEST"
"AccountRecoveryCodes","Accounts / Auth / External","5","Id:bigint; AccountId:bigint; CodeHash:bytea; CreatedAt:timestamptz; UsedAt:timestamptz","Accounts","docs/DATABASE_CUTOVER_PHASE_B_01_CORE_DRAFT.sql","DRAFT_NOT_SIGNED","REVIEW_REAL_FUNCTION_ENUMS_AND_POSTGRESQL_TEST"
"Providers","Accounts / Auth / External","3","Id:bigint; Key:text; IsEnabled:boolean","","docs/DATABASE_CUTOVER_PHASE_B_01_CORE_DRAFT.sql","DRAFT_NOT_SIGNED","REVIEW_REAL_FUNCTION_ENUMS_AND_POSTGRESQL_TEST"
"AccountExternalLogins","Accounts / Auth / External","5","Id:bigint; AccountId:bigint; ProviderId:bigint; ExternalAccountId:text; CreatedAt:timestamptz","Accounts; Providers","docs/DATABASE_CUTOVER_PHASE_B_01_CORE_DRAFT.sql","DRAFT_NOT_SIGNED","REVIEW_REAL_FUNCTION_ENUMS_AND_POSTGRESQL_TEST"
"AccountAuthChallenges","Accounts / Auth / External","7","Id:bigint; AccountId:bigint; ChallengeKey:text; TokenHash:bytea; ExpiresAt:timestamptz; ConsumedAt:timestamptz; CreatedAt:timestamptz","Accounts","docs/DATABASE_CUTOVER_PHASE_B_01_CORE_DRAFT.sql","DRAFT_NOT_SIGNED","REVIEW_REAL_FUNCTION_ENUMS_AND_POSTGRESQL_TEST"
"AccountSessions","Accounts / Auth / External","8","Id:bigint; AccountId:bigint; ActiveProfileId:bigint; TokenHash:bytea; ExpiresAt:timestamptz; RevokedAt:timestamptz; CreatedAt:timestamptz; LastSeenAt:timestamptz","Accounts; AccountProfiles","docs/DATABASE_CUTOVER_PHASE_B_01_CORE_DRAFT.sql","DRAFT_NOT_SIGNED","REVIEW_REAL_FUNCTION_ENUMS_AND_POSTGRESQL_TEST"
"MediaTypes","Works / Metadata / Units","2","Id:smallint; Key:text","","docs/DATABASE_CUTOVER_PHASE_B_01_CORE_DRAFT.sql","DRAFT_NOT_SIGNED","REVIEW_REAL_FUNCTION_ENUMS_AND_POSTGRESQL_TEST"
"Works","Works / Metadata / Units","5","Id:bigint; MediaTypeId:smallint; CanonicalTitle:text; CreatedAt:timestamptz; UpdatedAt:timestamptz","MediaTypes","docs/DATABASE_CUTOVER_PHASE_B_01_CORE_DRAFT.sql","DRAFT_NOT_SIGNED","REVIEW_REAL_FUNCTION_ENUMS_AND_POSTGRESQL_TEST"
"WorkTitles","Works / Metadata / Units","7","Id:bigint; WorkId:bigint; UiLocaleId:bigint; Title:text; IsOriginal:boolean; IsPreferred:boolean; CreatedAt:timestamptz","Works; UiLocales","docs/DATABASE_CUTOVER_PHASE_B_01_CORE_DRAFT.sql","DRAFT_NOT_SIGNED","REVIEW_REAL_FUNCTION_ENUMS_AND_POSTGRESQL_TEST"
"WorkExternalIdentities","Works / Metadata / Units","7","Id:bigint; WorkId:bigint; ProviderId:bigint; ProviderNamespace:text; ExternalId:text; Evidence:jsonb; CreatedAt:timestamptz","Works; Providers","docs/DATABASE_CUTOVER_PHASE_B_01_CORE_DRAFT.sql","DRAFT_NOT_SIGNED","REVIEW_REAL_FUNCTION_ENUMS_AND_POSTGRESQL_TEST"
"WorkMetadataFacts","Works / Metadata / Units","5","WorkId:bigint; FirstPublishedOn:date; RuntimeMs:bigint; OriginalLanguage:varchar(32); UpdatedAt:timestamptz","Works","docs/DATABASE_CUTOVER_PHASE_B_01_CORE_DRAFT.sql","DRAFT_NOT_SIGNED","REVIEW_REAL_FUNCTION_ENUMS_AND_POSTGRESQL_TEST"
"WorkLocalizedValues","Works / Metadata / Units","4","WorkId:bigint; UiLocaleId:bigint; Description:text; Tagline:text","Works; UiLocales","docs/DATABASE_CUTOVER_PHASE_B_01_CORE_DRAFT.sql","DRAFT_NOT_SIGNED","REVIEW_REAL_FUNCTION_ENUMS_AND_POSTGRESQL_TEST"
"WorkFactTypes","Works / Metadata / Units","2","Id:smallint; Key:text","","docs/DATABASE_CUTOVER_PHASE_B_01_CORE_DRAFT.sql","DRAFT_NOT_SIGNED","REVIEW_REAL_FUNCTION_ENUMS_AND_POSTGRESQL_TEST"
"WorkFieldProvenance","Works / Metadata / Units","6","WorkId:bigint; WorkFactTypeId:smallint; ProviderId:bigint; SourceReference:text; IsManualOverride:boolean; UpdatedAt:timestamptz","Works; WorkFactTypes; Providers","docs/DATABASE_CUTOVER_PHASE_B_01_CORE_DRAFT.sql","DRAFT_NOT_SIGNED","REVIEW_REAL_FUNCTION_ENUMS_AND_POSTGRESQL_TEST"
"WorkRelationTypes","Works / Metadata / Units","2","Id:smallint; Key:text","","docs/DATABASE_CUTOVER_PHASE_B_01_CORE_DRAFT.sql","DRAFT_NOT_SIGNED","REVIEW_REAL_FUNCTION_ENUMS_AND_POSTGRESQL_TEST"
"WorkRelations","Works / Metadata / Units","3","SourceWorkId:bigint; TargetWorkId:bigint; WorkRelationTypeId:smallint","Works; Works; WorkRelationTypes","docs/DATABASE_CUTOVER_PHASE_B_01_CORE_DRAFT.sql","DRAFT_NOT_SIGNED","REVIEW_REAL_FUNCTION_ENUMS_AND_POSTGRESQL_TEST"
"Franchises","Works / Metadata / Units","2","Id:bigint; Name:text","","docs/DATABASE_CUTOVER_PHASE_B_01_CORE_DRAFT.sql","DRAFT_NOT_SIGNED","REVIEW_REAL_FUNCTION_ENUMS_AND_POSTGRESQL_TEST"
"FranchiseWorks","Works / Metadata / Units","2","FranchiseId:bigint; WorkId:bigint","Franchises; Works","docs/DATABASE_CUTOVER_PHASE_B_01_CORE_DRAFT.sql","DRAFT_NOT_SIGNED","REVIEW_REAL_FUNCTION_ENUMS_AND_POSTGRESQL_TEST"
"WorkMediaClassificationTypes","Works / Metadata / Units","2","Id:smallint; Key:text","","docs/DATABASE_CUTOVER_PHASE_B_01_CORE_DRAFT.sql","DRAFT_NOT_SIGNED","REVIEW_REAL_FUNCTION_ENUMS_AND_POSTGRESQL_TEST"
"WorkMediaClassifications","Works / Metadata / Units","2","WorkId:bigint; WorkMediaClassificationTypeId:smallint","Works; WorkMediaClassificationTypes","docs/DATABASE_CUTOVER_PHASE_B_01_CORE_DRAFT.sql","DRAFT_NOT_SIGNED","REVIEW_REAL_FUNCTION_ENUMS_AND_POSTGRESQL_TEST"
"WorkSeasons","Works / Metadata / Units","4","Id:bigint; WorkId:bigint; SeasonNumber:integer; DisplayName:text","Works","docs/DATABASE_CUTOVER_PHASE_B_01_CORE_DRAFT.sql","DRAFT_NOT_SIGNED","REVIEW_REAL_FUNCTION_ENUMS_AND_POSTGRESQL_TEST"
"WorkEpisodes","Works / Metadata / Units","6","Id:bigint; WorkId:bigint; WorkSeasonId:bigint; EpisodeNumber:numeric(9,3); OrderIndex:integer; DisplayName:text","Works; WorkSeasons","docs/DATABASE_CUTOVER_PHASE_B_01_CORE_DRAFT.sql","DRAFT_NOT_SIGNED","REVIEW_REAL_FUNCTION_ENUMS_AND_POSTGRESQL_TEST"
"WorkVolumes","Works / Metadata / Units","4","Id:bigint; WorkId:bigint; OrderIndex:integer; DisplayName:text","Works","docs/DATABASE_CUTOVER_PHASE_B_01_CORE_DRAFT.sql","DRAFT_NOT_SIGNED","REVIEW_REAL_FUNCTION_ENUMS_AND_POSTGRESQL_TEST"
"WorkChapters","Works / Metadata / Units","6","Id:bigint; WorkId:bigint; WorkVolumeId:bigint; ChapterNumber:numeric(9,3); OrderIndex:integer; DisplayName:text","Works; WorkVolumes","docs/DATABASE_CUTOVER_PHASE_B_01_CORE_DRAFT.sql","DRAFT_NOT_SIGNED","REVIEW_REAL_FUNCTION_ENUMS_AND_POSTGRESQL_TEST"
"WorkTracks","Works / Metadata / Units","4","Id:bigint; WorkId:bigint; OrderIndex:integer; DisplayName:text","Works","docs/DATABASE_CUTOVER_PHASE_B_01_CORE_DRAFT.sql","DRAFT_NOT_SIGNED","REVIEW_REAL_FUNCTION_ENUMS_AND_POSTGRESQL_TEST"
"WorkEditions","Works / Metadata / Units","5","Id:bigint; WorkId:bigint; Name:text; Region:varchar(16); CreatedAt:timestamptz","Works","docs/DATABASE_CUTOVER_PHASE_B_01_CORE_DRAFT.sql","DRAFT_NOT_SIGNED","REVIEW_REAL_FUNCTION_ENUMS_AND_POSTGRESQL_TEST"
"WorkVersions","Works / Metadata / Units","5","Id:bigint; WorkId:bigint; WorkEditionId:bigint; VersionLabel:text; CreatedAt:timestamptz","WorkEditions","docs/DATABASE_CUTOVER_PHASE_B_01_CORE_DRAFT.sql","DRAFT_NOT_SIGNED","REVIEW_REAL_FUNCTION_ENUMS_AND_POSTGRESQL_TEST"
"MediaAssetTypes","Library / Storage / Games","2","Id:smallint; Key:text","","docs/DATABASE_CUTOVER_PHASE_B_01_CORE_DRAFT.sql","DRAFT_NOT_SIGNED","REVIEW_REAL_FUNCTION_ENUMS_AND_POSTGRESQL_TEST"
"MediaAssets","Library / Storage / Games","4","Id:bigint; WorkVersionId:bigint; MediaAssetTypeId:smallint; CreatedAt:timestamptz","WorkVersions; MediaAssetTypes","docs/DATABASE_CUTOVER_PHASE_B_01_CORE_DRAFT.sql","DRAFT_NOT_SIGNED","REVIEW_REAL_FUNCTION_ENUMS_AND_POSTGRESQL_TEST"
"LibraryRoots","Library / Storage / Games","6","Id:bigint; DisplayName:text; RootPath:text; IsEnabled:boolean; IsOnline:boolean; LastCheckedAt:timestamptz","","docs/DATABASE_CUTOVER_PHASE_B_01_CORE_DRAFT.sql","DRAFT_NOT_SIGNED","REVIEW_REAL_FUNCTION_ENUMS_AND_POSTGRESQL_TEST"
"StoredFiles","Library / Storage / Games","7","Id:bigint; LibraryRootId:bigint; MediaAssetId:bigint; NormalizedRelativePath:text; SizeBytes:bigint; IsPresent:boolean; LastSeenAt:timestamptz","LibraryRoots; MediaAssets","docs/DATABASE_CUTOVER_PHASE_B_01_CORE_DRAFT.sql","DRAFT_NOT_SIGNED","REVIEW_REAL_FUNCTION_ENUMS_AND_POSTGRESQL_TEST"
"MediaTrackTypes","Library / Storage / Games","2","Id:smallint; Key:text","","docs/DATABASE_CUTOVER_PHASE_B_01_CORE_DRAFT.sql","DRAFT_NOT_SIGNED","REVIEW_REAL_FUNCTION_ENUMS_AND_POSTGRESQL_TEST"
"MediaTracks","Library / Storage / Games","6","Id:bigint; StoredFileId:bigint; MediaTrackTypeId:smallint; StreamIndex:integer; Language:varchar(32); Codec:text","StoredFiles; MediaTrackTypes","docs/DATABASE_CUTOVER_PHASE_B_01_CORE_DRAFT.sql","DRAFT_NOT_SIGNED","REVIEW_REAL_FUNCTION_ENUMS_AND_POSTGRESQL_TEST"
"GamePlatforms","Library / Storage / Games","3","Id:bigint; Key:text; Name:text","","docs/DATABASE_CUTOVER_PHASE_B_01_CORE_DRAFT.sql","DRAFT_NOT_SIGNED","REVIEW_REAL_FUNCTION_ENUMS_AND_POSTGRESQL_TEST"
"GameReleases","Library / Storage / Games","5","WorkVersionId:bigint; GamePlatformId:bigint; Region:varchar(16); RevisionLabel:text; LauncherMetadata:jsonb","WorkVersions; GamePlatforms","docs/DATABASE_CUTOVER_PHASE_B_01_CORE_DRAFT.sql","DRAFT_NOT_SIGNED","REVIEW_REAL_FUNCTION_ENUMS_AND_POSTGRESQL_TEST"
"GameReleaseFileRoleTypes","Library / Storage / Games","2","Id:smallint; Key:text","","docs/DATABASE_CUTOVER_PHASE_B_01_CORE_DRAFT.sql","DRAFT_NOT_SIGNED","REVIEW_REAL_FUNCTION_ENUMS_AND_POSTGRESQL_TEST"
"GameReleaseStoredFiles","Library / Storage / Games","5","WorkVersionId:bigint; StoredFileId:bigint; DiscNumber:integer; SequenceNumber:integer; GameReleaseFileRoleTypeId:smallint","GameReleases; StoredFiles; GameReleaseFileRoleTypes","docs/DATABASE_CUTOVER_PHASE_B_01_CORE_DRAFT.sql","DRAFT_NOT_SIGNED","REVIEW_REAL_FUNCTION_ENUMS_AND_POSTGRESQL_TEST"
"StoredFileHashes","Library / Storage / Games","4","StoredFileId:bigint; AlgorithmKey:text; HashValue:text; VerifiedAt:timestamptz","StoredFiles","docs/DATABASE_CUTOVER_PHASE_B_01_CORE_DRAFT.sql","DRAFT_NOT_SIGNED","REVIEW_REAL_FUNCTION_ENUMS_AND_POSTGRESQL_TEST"
"ProgressPositionTypes","Progress / Personal","2","Id:smallint; Key:text","","docs/DATABASE_CUTOVER_PHASE_B_02_PROGRESS_MEDIA_DRAFT.sql","DRAFT_NOT_SIGNED","REVIEW_REAL_FUNCTION_ENUMS_AND_POSTGRESQL_TEST"
"MediaProgress","Progress / Personal","15","Id:bigint; ProfileId:bigint; WorkId:bigint; WorkEpisodeId:bigint; WorkChapterId:bigint; WorkTrackId:bigint; WorkEditionId:bigint; ProgressPositionTypeId:smallint; TimePositionId:bigint; ReadingPositionId:bigint; GamePositionId:bigint; IsCompleted:boolean; Revision:bigint; LastActivityAt:timestamptz; CreatedAt:timestamptz","Profiles; Works; WorkEpisodes; WorkChapters; WorkTracks; WorkEditions; ProgressPositionTypes; TimeProgressPositions; ReadingProgressPositions; GameProgressPositions","docs/DATABASE_CUTOVER_PHASE_B_02_PROGRESS_MEDIA_DRAFT.sql","DRAFT_NOT_SIGNED","REVIEW_REAL_FUNCTION_ENUMS_AND_POSTGRESQL_TEST"
"TimeProgressPositions","Progress / Personal","4","MediaProgressId:bigint; ProgressPositionTypeId:smallint; PositionMs:bigint; DurationMs:bigint","MediaProgress","docs/DATABASE_CUTOVER_PHASE_B_02_PROGRESS_MEDIA_DRAFT.sql","DRAFT_NOT_SIGNED","REVIEW_REAL_FUNCTION_ENUMS_AND_POSTGRESQL_TEST"
"ReadingProgressPositions","Progress / Personal","6","MediaProgressId:bigint; ProgressPositionTypeId:smallint; ReaderContentId:bigint; PageIndex:integer; TextLocator:jsonb; ProgressPermille:smallint","MediaProgress; ReaderContent","docs/DATABASE_CUTOVER_PHASE_B_02_PROGRESS_MEDIA_DRAFT.sql","DRAFT_NOT_SIGNED","REVIEW_REAL_FUNCTION_ENUMS_AND_POSTGRESQL_TEST"
"GameProgressPositions","Library / Storage / Games","4","MediaProgressId:bigint; ProgressPositionTypeId:smallint; PlayedMs:bigint; ProgressPercent:numeric(5,2)","MediaProgress","docs/DATABASE_CUTOVER_PHASE_B_02_PROGRESS_MEDIA_DRAFT.sql","DRAFT_NOT_SIGNED","REVIEW_REAL_FUNCTION_ENUMS_AND_POSTGRESQL_TEST"
"WatchlistEntries","Progress / Personal","3","ProfileId:bigint; WorkId:bigint; AddedAt:timestamptz","Profiles; Works","docs/DATABASE_CUTOVER_PHASE_B_02_PROGRESS_MEDIA_DRAFT.sql","DRAFT_NOT_SIGNED","REVIEW_REAL_FUNCTION_ENUMS_AND_POSTGRESQL_TEST"
"Collections","Progress / Personal","4","Id:bigint; ProfileId:bigint; Name:text; CreatedAt:timestamptz","Profiles","docs/DATABASE_CUTOVER_PHASE_B_02_PROGRESS_MEDIA_DRAFT.sql","DRAFT_NOT_SIGNED","REVIEW_REAL_FUNCTION_ENUMS_AND_POSTGRESQL_TEST"
"CollectionWorks","Progress / Personal","3","CollectionId:bigint; WorkId:bigint; AddedAt:timestamptz","Collections; Works","docs/DATABASE_CUTOVER_PHASE_B_02_PROGRESS_MEDIA_DRAFT.sql","DRAFT_NOT_SIGNED","REVIEW_REAL_FUNCTION_ENUMS_AND_POSTGRESQL_TEST"
"ProfileRatings","Accounts / Auth / External","4","ProfileId:bigint; WorkId:bigint; Rating:numeric(4,2); UpdatedAt:timestamptz","Profiles; Works","docs/DATABASE_CUTOVER_PHASE_B_02_PROGRESS_MEDIA_DRAFT.sql","DRAFT_NOT_SIGNED","REVIEW_REAL_FUNCTION_ENUMS_AND_POSTGRESQL_TEST"
"MediaPlaybackHistory","Progress / Personal","6","Id:bigint; ProfileId:bigint; WorkId:bigint; MediaAssetId:bigint; StartedAt:timestamptz; EndedAt:timestamptz","Profiles; Works; MediaAssets","docs/DATABASE_CUTOVER_PHASE_B_02_PROGRESS_MEDIA_DRAFT.sql","DRAFT_NOT_SIGNED","REVIEW_REAL_FUNCTION_ENUMS_AND_POSTGRESQL_TEST"
"PlaybackSessions","Acquisition / Jobs / Notifications","10","Id:bigint; ProfileId:bigint; WorkId:bigint; MediaAssetId:bigint; StoredFileId:bigint; DeviceKey:text; PlaybackModeKey:text; StartedAt:timestamptz; LastActiveAt:timestamptz; EndedAt:timestamptz","Profiles; Works; MediaAssets; StoredFiles","docs/DATABASE_CUTOVER_PHASE_B_02_PROGRESS_MEDIA_DRAFT.sql","DRAFT_NOT_SIGNED","REVIEW_REAL_FUNCTION_ENUMS_AND_POSTGRESQL_TEST"
"ImageTypes","Images / Reader / Timeline","2","Id:smallint; Key:text","","docs/DATABASE_CUTOVER_PHASE_B_02_PROGRESS_MEDIA_DRAFT.sql","DRAFT_NOT_SIGNED","REVIEW_REAL_FUNCTION_ENUMS_AND_POSTGRESQL_TEST"
"ImageTargetKindTypes","Images / Reader / Timeline","2","Id:smallint; Key:text","","docs/DATABASE_CUTOVER_PHASE_B_02_PROGRESS_MEDIA_DRAFT.sql","DRAFT_NOT_SIGNED","REVIEW_REAL_FUNCTION_ENUMS_AND_POSTGRESQL_TEST"
"ImageTypeTargets","Images / Reader / Timeline","2","ImageTypeId:smallint; ImageTargetKindTypeId:smallint","ImageTypes; ImageTargetKindTypes","docs/DATABASE_CUTOVER_PHASE_B_02_PROGRESS_MEDIA_DRAFT.sql","DRAFT_NOT_SIGNED","REVIEW_REAL_FUNCTION_ENUMS_AND_POSTGRESQL_TEST"
"Images","Images / Reader / Timeline","7","Id:bigint; StorageKey:text; Sha256:bytea; MimeType:text; Width:integer; Height:integer; CreatedAt:timestamptz","","docs/DATABASE_CUTOVER_PHASE_B_02_PROGRESS_MEDIA_DRAFT.sql","DRAFT_NOT_SIGNED","REVIEW_REAL_FUNCTION_ENUMS_AND_POSTGRESQL_TEST"
"MediaChapters","Images / Reader / Timeline","6","Id:bigint; MediaAssetId:bigint; StartMs:bigint; EndMs:bigint; OrderIndex:integer; DisplayName:text","MediaAssets","docs/DATABASE_CUTOVER_PHASE_B_02_PROGRESS_MEDIA_DRAFT.sql","DRAFT_NOT_SIGNED","REVIEW_REAL_FUNCTION_ENUMS_AND_POSTGRESQL_TEST"
"ImageAssignments","Images / Reader / Timeline","12","Id:bigint; ImageId:bigint; ImageTypeId:smallint; ImageTargetKindTypeId:smallint; WorkId:bigint; WorkChapterId:bigint; MediaChapterId:bigint; UiLocaleId:bigint; Region:varchar(16); Priority:integer; IsManual:boolean; CreatedAt:timestamptz","Images; ImageTypeTargets; Works; WorkChapters; MediaChapters; UiLocales","docs/DATABASE_CUTOVER_PHASE_B_02_PROGRESS_MEDIA_DRAFT.sql","DRAFT_NOT_SIGNED","REVIEW_REAL_FUNCTION_ENUMS_AND_POSTGRESQL_TEST"
"MediaSegmentTypes","Images / Reader / Timeline","2","Id:smallint; Key:text","","docs/DATABASE_CUTOVER_PHASE_B_02_PROGRESS_MEDIA_DRAFT.sql","DRAFT_NOT_SIGNED","REVIEW_REAL_FUNCTION_ENUMS_AND_POSTGRESQL_TEST"
"MediaSegmentSourceTypes","Images / Reader / Timeline","2","Id:smallint; Key:text","","docs/DATABASE_CUTOVER_PHASE_B_02_PROGRESS_MEDIA_DRAFT.sql","DRAFT_NOT_SIGNED","REVIEW_REAL_FUNCTION_ENUMS_AND_POSTGRESQL_TEST"
"MediaSegments","Images / Reader / Timeline","8","Id:bigint; MediaAssetId:bigint; MediaSegmentTypeId:smallint; MediaSegmentSourceTypeId:smallint; StartMs:bigint; EndMs:bigint; IsManualOverride:boolean; CreatedAt:timestamptz","MediaAssets; MediaSegmentTypes; MediaSegmentSourceTypes","docs/DATABASE_CUTOVER_PHASE_B_02_PROGRESS_MEDIA_DRAFT.sql","DRAFT_NOT_SIGNED","REVIEW_REAL_FUNCTION_ENUMS_AND_POSTGRESQL_TEST"
"MediaDetectionTypes","Images / Reader / Timeline","2","Id:smallint; Key:text","","docs/DATABASE_CUTOVER_PHASE_B_02_PROGRESS_MEDIA_DRAFT.sql","DRAFT_NOT_SIGNED","REVIEW_REAL_FUNCTION_ENUMS_AND_POSTGRESQL_TEST"
"MediaDetectionStatusTypes","Images / Reader / Timeline","2","Id:smallint; Key:text","","docs/DATABASE_CUTOVER_PHASE_B_02_PROGRESS_MEDIA_DRAFT.sql","DRAFT_NOT_SIGNED","REVIEW_REAL_FUNCTION_ENUMS_AND_POSTGRESQL_TEST"
"MediaDetectionRuns","Images / Reader / Timeline","10","Id:bigint; MediaAssetId:bigint; MediaDetectionTypeId:smallint; MediaDetectionStatusTypeId:smallint; InputFingerprint:text; DetectorVersion:text; MatchCount:integer; StartedAt:timestamptz; FinishedAt:timestamptz; ErrorCode:text","MediaAssets; MediaDetectionTypes; MediaDetectionStatusTypes","docs/DATABASE_CUTOVER_PHASE_B_02_PROGRESS_MEDIA_DRAFT.sql","DRAFT_NOT_SIGNED","REVIEW_REAL_FUNCTION_ENUMS_AND_POSTGRESQL_TEST"
"ReaderContent","Images / Reader / Timeline","5","Id:bigint; WorkEditionId:bigint; ContentRevision:integer; StorageKey:text; CreatedAt:timestamptz","WorkEditions","docs/DATABASE_CUTOVER_PHASE_B_02_PROGRESS_MEDIA_DRAFT.sql","DRAFT_NOT_SIGNED","REVIEW_REAL_FUNCTION_ENUMS_AND_POSTGRESQL_TEST"
"ReaderPages","Images / Reader / Timeline","4","Id:bigint; ReaderContentId:bigint; PageIndex:integer; TextAnchor:text","ReaderContent","docs/DATABASE_CUTOVER_PHASE_B_02_PROGRESS_MEDIA_DRAFT.sql","DRAFT_NOT_SIGNED","REVIEW_REAL_FUNCTION_ENUMS_AND_POSTGRESQL_TEST"
"ReaderBookmarks","Images / Reader / Timeline","5","Id:bigint; ProfileId:bigint; ReaderContentId:bigint; TextLocator:jsonb; CreatedAt:timestamptz","Profiles; ReaderContent","docs/DATABASE_CUTOVER_PHASE_B_02_PROGRESS_MEDIA_DRAFT.sql","DRAFT_NOT_SIGNED","REVIEW_REAL_FUNCTION_ENUMS_AND_POSTGRESQL_TEST"
"ReaderHighlights","Images / Reader / Timeline","7","Id:bigint; ProfileId:bigint; ReaderContentId:bigint; StartLocator:jsonb; EndLocator:jsonb; Note:text; CreatedAt:timestamptz","Profiles; ReaderContent","docs/DATABASE_CUTOVER_PHASE_B_02_PROGRESS_MEDIA_DRAFT.sql","DRAFT_NOT_SIGNED","REVIEW_REAL_FUNCTION_ENUMS_AND_POSTGRESQL_TEST"
"UiTranslationMessages","Acquisition / Jobs / Notifications","2","Id:bigint; Key:text","","docs/DATABASE_CUTOVER_PHASE_B_02_PROGRESS_MEDIA_DRAFT.sql","DRAFT_NOT_SIGNED","REVIEW_REAL_FUNCTION_ENUMS_AND_POSTGRESQL_TEST"
"UiTranslations","Acquisition / Jobs / Notifications","4","UiTranslationMessageId:bigint; UiLocaleId:bigint; Text:text; IsReviewed:boolean","UiTranslationMessages; UiLocales","docs/DATABASE_CUTOVER_PHASE_B_02_PROGRESS_MEDIA_DRAFT.sql","DRAFT_NOT_SIGNED","REVIEW_REAL_FUNCTION_ENUMS_AND_POSTGRESQL_TEST"
"OperationStatusTypes","Acquisition / Jobs / Notifications","2","Id:smallint; Key:text","","docs/DATABASE_CUTOVER_PHASE_B_02_PROGRESS_MEDIA_DRAFT.sql","DRAFT_NOT_SIGNED","REVIEW_REAL_FUNCTION_ENUMS_AND_POSTGRESQL_TEST"
"Operations","Acquisition / Jobs / Notifications","12","Id:bigint; OperationKindKey:text; OperationStatusTypeId:smallint; IdempotencyKey:text; Input:jsonb; AttemptCount:integer; NextAttemptAt:timestamptz; ClaimedBy:text; ClaimedUntil:timestamptz; CreatedAt:timestamptz; StartedAt:timestamptz; FinishedAt:timestamptz","OperationStatusTypes","docs/DATABASE_CUTOVER_PHASE_B_02_PROGRESS_MEDIA_DRAFT.sql","DRAFT_NOT_SIGNED","REVIEW_REAL_FUNCTION_ENUMS_AND_POSTGRESQL_TEST"
"OperationLogs","Acquisition / Jobs / Notifications","5","Id:bigint; OperationId:bigint; EventKey:text; SafeMessage:text; CreatedAt:timestamptz","Operations","docs/DATABASE_CUTOVER_PHASE_B_02_PROGRESS_MEDIA_DRAFT.sql","DRAFT_NOT_SIGNED","REVIEW_REAL_FUNCTION_ENUMS_AND_POSTGRESQL_TEST"
"ImageGenerationRequests","Images / Reader / Timeline","6","Id:bigint; ProfileId:bigint; OperationId:bigint; Prompt:text; AcceptedImageId:bigint; CreatedAt:timestamptz","Profiles; Operations; Images","docs/DATABASE_CUTOVER_PHASE_B_02_PROGRESS_MEDIA_DRAFT.sql","DRAFT_NOT_SIGNED","REVIEW_REAL_FUNCTION_ENUMS_AND_POSTGRESQL_TEST"
"AcquisitionRequestStatusTypes","Acquisition / Jobs / Notifications","2","Id:smallint; Key:text","","docs/DATABASE_CUTOVER_PHASE_B_02_PROGRESS_MEDIA_DRAFT.sql","DRAFT_NOT_SIGNED","REVIEW_REAL_FUNCTION_ENUMS_AND_POSTGRESQL_TEST"
"AcquisitionRequests","Acquisition / Jobs / Notifications","6","Id:bigint; ProfileId:bigint; WorkId:bigint; AcquisitionRequestStatusTypeId:smallint; OperationId:bigint; CreatedAt:timestamptz","Profiles; Works; AcquisitionRequestStatusTypes; Operations","docs/DATABASE_CUTOVER_PHASE_B_02_PROGRESS_MEDIA_DRAFT.sql","DRAFT_NOT_SIGNED","REVIEW_REAL_FUNCTION_ENUMS_AND_POSTGRESQL_TEST"
"Notifications","Acquisition / Jobs / Notifications","6","Id:bigint; AccountId:bigint; MessageKey:text; Data:jsonb; CreatedAt:timestamptz; ReadAt:timestamptz","Accounts","docs/DATABASE_CUTOVER_PHASE_B_02_PROGRESS_MEDIA_DRAFT.sql","DRAFT_NOT_SIGNED","REVIEW_REAL_FUNCTION_ENUMS_AND_POSTGRESQL_TEST"
"EditionExternalIdentities","Works / Metadata / Units","5","Id:bigint; WorkEditionId:bigint; ProviderId:bigint; ProviderNamespace:text; ExternalId:text","WorkEditions; Providers","docs/DATABASE_CUTOVER_PHASE_B_03_MEDIA_DETAILS_DRAFT.sql","DRAFT_NOT_SIGNED","REVIEW_REAL_FUNCTION_ENUMS_AND_POSTGRESQL_TEST"
"People","Works / Metadata / Units","2","Id:bigint; DisplayName:text","","docs/DATABASE_CUTOVER_PHASE_B_03_MEDIA_DETAILS_DRAFT.sql","DRAFT_NOT_SIGNED","REVIEW_REAL_FUNCTION_ENUMS_AND_POSTGRESQL_TEST"
"WorkCreditRoleTypes","Works / Metadata / Units","2","Id:smallint; Key:text","","docs/DATABASE_CUTOVER_PHASE_B_03_MEDIA_DETAILS_DRAFT.sql","DRAFT_NOT_SIGNED","REVIEW_REAL_FUNCTION_ENUMS_AND_POSTGRESQL_TEST"
"WorkCredits","Works / Metadata / Units","4","WorkEditionId:bigint; PersonId:bigint; WorkCreditRoleTypeId:smallint; CreditOrder:integer","WorkEditions; People; WorkCreditRoleTypes","docs/DATABASE_CUTOVER_PHASE_B_03_MEDIA_DETAILS_DRAFT.sql","DRAFT_NOT_SIGNED","REVIEW_REAL_FUNCTION_ENUMS_AND_POSTGRESQL_TEST"
"MediaTechnicalAnalyses","Library / Storage / Games","7","MediaAssetId:bigint; AnalyzedAt:timestamptz; DurationMs:bigint; Width:integer; Height:integer; BitRateBps:bigint; SourceFingerprint:text","MediaAssets","docs/DATABASE_CUTOVER_PHASE_B_03_MEDIA_DETAILS_DRAFT.sql","DRAFT_NOT_SIGNED","REVIEW_REAL_FUNCTION_ENUMS_AND_POSTGRESQL_TEST"
"MusicArtists","Music","2","Id:bigint; DisplayName:text","","docs/DATABASE_CUTOVER_PHASE_B_03_MEDIA_DETAILS_DRAFT.sql","DRAFT_NOT_SIGNED","REVIEW_REAL_FUNCTION_ENUMS_AND_POSTGRESQL_TEST"
"MusicRecordings","Music","3","Id:bigint; DisplayName:text; DurationMs:bigint","","docs/DATABASE_CUTOVER_PHASE_B_03_MEDIA_DETAILS_DRAFT.sql","DRAFT_NOT_SIGNED","REVIEW_REAL_FUNCTION_ENUMS_AND_POSTGRESQL_TEST"
"MusicRecordingArtists","Music","2","MusicRecordingId:bigint; MusicArtistId:bigint","MusicRecordings; MusicArtists","docs/DATABASE_CUTOVER_PHASE_B_03_MEDIA_DETAILS_DRAFT.sql","DRAFT_NOT_SIGNED","REVIEW_REAL_FUNCTION_ENUMS_AND_POSTGRESQL_TEST"
"WorkTrackRecordings","Works / Metadata / Units","2","WorkTrackId:bigint; MusicRecordingId:bigint","WorkTracks; MusicRecordings","docs/DATABASE_CUTOVER_PHASE_B_03_MEDIA_DETAILS_DRAFT.sql","DRAFT_NOT_SIGNED","REVIEW_REAL_FUNCTION_ENUMS_AND_POSTGRESQL_TEST"
"WorkMusicArtists","Works / Metadata / Units","2","WorkId:bigint; MusicArtistId:bigint","Works; MusicArtists","docs/DATABASE_CUTOVER_PHASE_B_03_MEDIA_DETAILS_DRAFT.sql","DRAFT_NOT_SIGNED","REVIEW_REAL_FUNCTION_ENUMS_AND_POSTGRESQL_TEST"
"WorkMonitoringDecisions","Works / Metadata / Units","9","Id:bigint; WorkId:bigint; WorkSeasonId:bigint; WorkEpisodeId:bigint; WorkVolumeId:bigint; WorkChapterId:bigint; WorkTrackId:bigint; WorkEditionId:bigint; IsMonitored:boolean","Works; WorkSeasons; WorkEpisodes; WorkVolumes; WorkChapters; WorkTracks; WorkEditions","docs/DATABASE_CUTOVER_PHASE_B_04_MONITORING_NOTIFICATIONS_DRAFT.sql","DRAFT_NOT_SIGNED","REVIEW_REAL_FUNCTION_ENUMS_AND_POSTGRESQL_TEST"
"AcquisitionRequestTargets","Acquisition / Jobs / Notifications","9","Id:bigint; AcquisitionRequestId:bigint; WorkId:bigint; WorkSeasonId:bigint; WorkEpisodeId:bigint; WorkVolumeId:bigint; WorkChapterId:bigint; WorkTrackId:bigint; WorkEditionId:bigint","AcquisitionRequests; WorkSeasons; WorkEpisodes; WorkVolumes; WorkChapters; WorkTracks; WorkEditions","docs/DATABASE_CUTOVER_PHASE_B_04_MONITORING_NOTIFICATIONS_DRAFT.sql","DRAFT_NOT_SIGNED","REVIEW_REAL_FUNCTION_ENUMS_AND_POSTGRESQL_TEST"
"WantedItems","Acquisition / Jobs / Notifications","9","Id:bigint; WorkId:bigint; WorkSeasonId:bigint; WorkEpisodeId:bigint; WorkVolumeId:bigint; WorkChapterId:bigint; WorkTrackId:bigint; WorkEditionId:bigint; CreatedAt:timestamptz","Works; WorkSeasons; WorkEpisodes; WorkVolumes; WorkChapters; WorkTracks; WorkEditions","docs/DATABASE_CUTOVER_PHASE_B_04_MONITORING_NOTIFICATIONS_DRAFT.sql","DRAFT_NOT_SIGNED","REVIEW_REAL_FUNCTION_ENUMS_AND_POSTGRESQL_TEST"
"NotificationEventCategoryTypes","Acquisition / Jobs / Notifications","2","Id:smallint; Key:text","","docs/DATABASE_CUTOVER_PHASE_B_04_MONITORING_NOTIFICATIONS_DRAFT.sql","DRAFT_NOT_SIGNED","REVIEW_REAL_FUNCTION_ENUMS_AND_POSTGRESQL_TEST"
"NotificationChannelTypes","Acquisition / Jobs / Notifications","2","Id:smallint; Key:text","","docs/DATABASE_CUTOVER_PHASE_B_04_MONITORING_NOTIFICATIONS_DRAFT.sql","DRAFT_NOT_SIGNED","REVIEW_REAL_FUNCTION_ENUMS_AND_POSTGRESQL_TEST"
"NotificationTimingTypes","Acquisition / Jobs / Notifications","2","Id:smallint; Key:text","","docs/DATABASE_CUTOVER_PHASE_B_04_MONITORING_NOTIFICATIONS_DRAFT.sql","DRAFT_NOT_SIGNED","REVIEW_REAL_FUNCTION_ENUMS_AND_POSTGRESQL_TEST"
"NotificationSubscriptions","Acquisition / Jobs / Notifications","5","ProfileId:bigint; NotificationEventCategoryTypeId:smallint; IsEnabled:boolean; NotificationTimingTypeId:smallint; UpdatedAt:timestamptz","Profiles; NotificationEventCategoryTypes; NotificationTimingTypes","docs/DATABASE_CUTOVER_PHASE_B_04_MONITORING_NOTIFICATIONS_DRAFT.sql","DRAFT_NOT_SIGNED","REVIEW_REAL_FUNCTION_ENUMS_AND_POSTGRESQL_TEST"
"NotificationSubscriptionChannels","Acquisition / Jobs / Notifications","3","ProfileId:bigint; NotificationEventCategoryTypeId:smallint; NotificationChannelTypeId:smallint","NotificationSubscriptions; NotificationChannelTypes","docs/DATABASE_CUTOVER_PHASE_B_04_MONITORING_NOTIFICATIONS_DRAFT.sql","DRAFT_NOT_SIGNED","REVIEW_REAL_FUNCTION_ENUMS_AND_POSTGRESQL_TEST"
"NotificationProfileChannels","Acquisition / Jobs / Notifications","4","ProfileId:bigint; NotificationChannelTypeId:smallint; IsEnabled:boolean; UpdatedAt:timestamptz","Profiles; NotificationChannelTypes","docs/DATABASE_CUTOVER_PHASE_B_04_MONITORING_NOTIFICATIONS_DRAFT.sql","DRAFT_NOT_SIGNED","REVIEW_REAL_FUNCTION_ENUMS_AND_POSTGRESQL_TEST"
"CurriculumBlueprints","Learning","4","Id:uuid; Key:text; Version:integer; IsPublished:boolean","","docs/DATABASE_CUTOVER_PHASE_B_05_LEARNING_DRAFT.sql","DRAFT_NOT_SIGNED","REVIEW_REAL_FUNCTION_ENUMS_AND_POSTGRESQL_TEST"
"CurriculumLevels","Learning","3","Id:uuid; CurriculumBlueprintId:uuid; Ordinal:integer","CurriculumBlueprints","docs/DATABASE_CUTOVER_PHASE_B_05_LEARNING_DRAFT.sql","DRAFT_NOT_SIGNED","REVIEW_REAL_FUNCTION_ENUMS_AND_POSTGRESQL_TEST"
"CurriculumChapters","Learning","3","Id:uuid; CurriculumLevelId:uuid; Ordinal:integer","CurriculumLevels","docs/DATABASE_CUTOVER_PHASE_B_05_LEARNING_DRAFT.sql","DRAFT_NOT_SIGNED","REVIEW_REAL_FUNCTION_ENUMS_AND_POSTGRESQL_TEST"
"CurriculumLessons","Learning","3","Id:uuid; CurriculumChapterId:uuid; Ordinal:integer","CurriculumChapters","docs/DATABASE_CUTOVER_PHASE_B_05_LEARNING_DRAFT.sql","DRAFT_NOT_SIGNED","REVIEW_REAL_FUNCTION_ENUMS_AND_POSTGRESQL_TEST"
"CurriculumExerciseKindTypes","Learning","2","Id:smallint; Key:text","","docs/DATABASE_CUTOVER_PHASE_B_05_LEARNING_DRAFT.sql","DRAFT_NOT_SIGNED","REVIEW_REAL_FUNCTION_ENUMS_AND_POSTGRESQL_TEST"
"CurriculumExercisePhaseTypes","Learning","2","Id:smallint; Key:text","","docs/DATABASE_CUTOVER_PHASE_B_05_LEARNING_DRAFT.sql","DRAFT_NOT_SIGNED","REVIEW_REAL_FUNCTION_ENUMS_AND_POSTGRESQL_TEST"
"CurriculumExercises","Learning","7","Id:uuid; CurriculumLessonId:uuid; Key:text; Ordinal:integer; CurriculumExerciseKindTypeId:smallint; CurriculumExercisePhaseTypeId:smallint; IsRequired:boolean","CurriculumLessons; CurriculumExerciseKindTypes; CurriculumExercisePhaseTypes","docs/DATABASE_CUTOVER_PHASE_B_05_LEARNING_DRAFT.sql","DRAFT_NOT_SIGNED","REVIEW_REAL_FUNCTION_ENUMS_AND_POSTGRESQL_TEST"
"CurriculumObjectiveSkillTypes","Learning","2","Id:smallint; Key:text","","docs/DATABASE_CUTOVER_PHASE_B_05_LEARNING_DRAFT.sql","DRAFT_NOT_SIGNED","REVIEW_REAL_FUNCTION_ENUMS_AND_POSTGRESQL_TEST"
"CurriculumLessonObjectives","Learning","5","Id:bigint; CurriculumLessonId:uuid; Key:varchar(120); CurriculumObjectiveSkillTypeId:smallint; Ordinal:integer","CurriculumLessons; CurriculumObjectiveSkillTypes","docs/DATABASE_CUTOVER_PHASE_B_05_LEARNING_DRAFT.sql","DRAFT_NOT_SIGNED","REVIEW_REAL_FUNCTION_ENUMS_AND_POSTGRESQL_TEST"
"CurriculumExerciseObjectives","Learning","3","CurriculumExerciseId:uuid; CurriculumLessonObjectiveId:bigint; CurriculumLessonId:uuid","CurriculumExercises; CurriculumLessonObjectives","docs/DATABASE_CUTOVER_PHASE_B_05_LEARNING_DRAFT.sql","DRAFT_NOT_SIGNED","REVIEW_REAL_FUNCTION_ENUMS_AND_POSTGRESQL_TEST"
"SharedCourseInstances","Learning","8","Id:uuid; CurriculumBlueprintId:uuid; SourceLanguage:varchar(35); TargetLanguage:varchar(35); Title:text; ContentVersion:integer; ContentFingerprint:varchar(64); IsPublished:boolean","CurriculumBlueprints","docs/DATABASE_CUTOVER_PHASE_B_05_LEARNING_DRAFT.sql","DRAFT_NOT_SIGNED","REVIEW_REAL_FUNCTION_ENUMS_AND_POSTGRESQL_TEST"
"SharedCourseExerciseContent","Learning","7","Id:bigint; SharedCourseInstanceId:uuid; CurriculumExerciseId:uuid; SchemaVersion:integer; Payload:jsonb; ContentFingerprint:varchar(64); CreatedAt:timestamptz","SharedCourseInstances; CurriculumExercises","docs/DATABASE_CUTOVER_PHASE_B_05_LEARNING_DRAFT.sql","DRAFT_NOT_SIGNED","REVIEW_REAL_FUNCTION_ENUMS_AND_POSTGRESQL_TEST"
"LearnerCourses","Learning","4","Id:uuid; ProfileId:bigint; SharedCourseInstanceId:uuid; EnrolledAt:timestamptz","Profiles; SharedCourseInstances","docs/DATABASE_CUTOVER_PHASE_B_05_LEARNING_DRAFT.sql","DRAFT_NOT_SIGNED","REVIEW_REAL_FUNCTION_ENUMS_AND_POSTGRESQL_TEST"
"LearnerProgressStatusTypes","Learning","2","Id:smallint; Key:text","","docs/DATABASE_CUTOVER_PHASE_B_05_LEARNING_DRAFT.sql","DRAFT_NOT_SIGNED","REVIEW_REAL_FUNCTION_ENUMS_AND_POSTGRESQL_TEST"
"LearnerProgressSkipReasonTypes","Learning","2","Id:smallint; Key:text","","docs/DATABASE_CUTOVER_PHASE_B_05_LEARNING_DRAFT.sql","DRAFT_NOT_SIGNED","REVIEW_REAL_FUNCTION_ENUMS_AND_POSTGRESQL_TEST"
"LearnerCourseProgress","Learning","14","Id:bigint; LearnerCourseId:uuid; CurriculumLevelId:uuid; CurriculumChapterId:uuid; CurriculumLessonId:uuid; CurriculumExerciseId:uuid; LearnerProgressStatusTypeId:smallint; CompletedCount:integer; LastScore:numeric(5,4); FirstStartedAt:timestamptz; FirstCompletedAt:timestamptz; LastCompletedAt:timestamptz; LearnerProgressSkipReasonTypeId:smallint; UpdatedAt:timestamptz","LearnerCourses; CurriculumLevels; CurriculumChapters; CurriculumLessons; CurriculumExercises; LearnerProgressStatusTypes; LearnerProgressSkipReasonTypes","docs/DATABASE_CUTOVER_PHASE_B_05_LEARNING_DRAFT.sql","DRAFT_NOT_SIGNED","REVIEW_REAL_FUNCTION_ENUMS_AND_POSTGRESQL_TEST"
"LearnerExerciseOutcomeTypes","Learning","2","Id:smallint; Key:text","","docs/DATABASE_CUTOVER_PHASE_B_05_LEARNING_DRAFT.sql","DRAFT_NOT_SIGNED","REVIEW_REAL_FUNCTION_ENUMS_AND_POSTGRESQL_TEST"
"LearnerExerciseAttempts","Learning","10","Id:bigint; LearnerCourseId:uuid; CurriculumExerciseId:uuid; ClientEventId:uuid; LearnerExerciseOutcomeTypeId:smallint; Score:numeric(5,4); UsedHint:boolean; RevealedAnswer:boolean; ResponseDurationMs:bigint; OccurredAt:timestamptz","LearnerCourses; CurriculumExercises; LearnerExerciseOutcomeTypes","docs/DATABASE_CUTOVER_PHASE_B_05_LEARNING_DRAFT.sql","DRAFT_NOT_SIGNED","REVIEW_REAL_FUNCTION_ENUMS_AND_POSTGRESQL_TEST"
"MediaProgressCheckpointEvents","Progress / Personal","7","Id:bigint; ProfileId:bigint; MediaProgressId:bigint; ClientEventId:uuid; AcceptedRevision:bigint; ClientOccurredAt:timestamptz; AcceptedAt:timestamptz","MediaProgress; Profiles","docs/DATABASE_CUTOVER_PHASE_B_06_OFFLINE_PROVIDER_DRAFT.sql","DRAFT_NOT_SIGNED","REVIEW_REAL_FUNCTION_ENUMS_AND_POSTGRESQL_TEST"
"ProviderMediaConnections","Accounts / Auth / External","10","Id:bigint; ProfileId:bigint; ProviderId:bigint; ExternalAccountId:text; ConsentedAt:timestamptz; CredentialsStorageKey:text; IsEnabled:boolean; IsWatchlistSyncEnabled:boolean; IsProgressSyncEnabled:boolean; UpdatedAt:timestamptz","Profiles; Providers","docs/DATABASE_CUTOVER_PHASE_B_06_OFFLINE_PROVIDER_DRAFT.sql","DRAFT_NOT_SIGNED","REVIEW_REAL_FUNCTION_ENUMS_AND_POSTGRESQL_TEST"
"ProviderServerGrants","Accounts / Auth / External","8","Id:bigint; ProviderId:bigint; ExternalServerId:text; DisplayName:text; CredentialsStorageKey:text; ApprovedByAccountId:bigint; ApprovedAt:timestamptz; IsEnabled:boolean","Providers; Accounts","docs/DATABASE_CUTOVER_PHASE_B_06_OFFLINE_PROVIDER_DRAFT.sql","DRAFT_NOT_SIGNED","REVIEW_REAL_FUNCTION_ENUMS_AND_POSTGRESQL_TEST"
"ProviderGrantLibrarySections","Accounts / Auth / External","3","ProviderServerGrantId:bigint; ExternalSectionId:text; IsEnabled:boolean","ProviderServerGrants","docs/DATABASE_CUTOVER_PHASE_B_06_OFFLINE_PROVIDER_DRAFT.sql","DRAFT_NOT_SIGNED","REVIEW_REAL_FUNCTION_ENUMS_AND_POSTGRESQL_TEST"
"ProviderCatalogCheckpoints","Accounts / Auth / External","7","ProviderServerGrantId:bigint; ExternalSectionId:text; GenerationId:uuid; NextStart:integer; PageSize:integer; PagesScanned:integer; UpdatedAt:timestamptz","ProviderGrantLibrarySections","docs/DATABASE_CUTOVER_PHASE_B_06_OFFLINE_PROVIDER_DRAFT.sql","DRAFT_NOT_SIGNED","REVIEW_REAL_FUNCTION_ENUMS_AND_POSTGRESQL_TEST"
"AcquisitionQualityProfiles","Acquisition / Jobs / Notifications","9","Id:bigint; Key:varchar(120); Name:text; IsUpgradeAllowed:boolean; UpgradeCutoffQuality:text; UpgradeMinimumQualitySteps:integer; MinimumSizeBytes:bigint; MaximumSizeBytes:bigint; AllowAmbiguousIdentity:boolean","","docs/DATABASE_CUTOVER_PHASE_B_07_ACQUISITION_DRAFT.sql","DRAFT_NOT_SIGNED","REVIEW_REAL_FUNCTION_ENUMS_AND_POSTGRESQL_TEST"
"AcquisitionQualityProfileQualities","Acquisition / Jobs / Notifications","4","AcquisitionQualityProfileId:bigint; QualityKey:text; IsAllowed:boolean; QualityOrder:integer","AcquisitionQualityProfiles","docs/DATABASE_CUTOVER_PHASE_B_07_ACQUISITION_DRAFT.sql","DRAFT_NOT_SIGNED","REVIEW_REAL_FUNCTION_ENUMS_AND_POSTGRESQL_TEST"
"AcquisitionQualityProfileLanguages","Acquisition / Jobs / Notifications","3","AcquisitionQualityProfileId:bigint; LanguageTag:varchar(35); Ordinal:integer","AcquisitionQualityProfiles","docs/DATABASE_CUTOVER_PHASE_B_07_ACQUISITION_DRAFT.sql","DRAFT_NOT_SIGNED","REVIEW_REAL_FUNCTION_ENUMS_AND_POSTGRESQL_TEST"
"AcquisitionRuleFieldTypes","Acquisition / Jobs / Notifications","2","Id:smallint; Key:text","","docs/DATABASE_CUTOVER_PHASE_B_07_ACQUISITION_DRAFT.sql","DRAFT_NOT_SIGNED","REVIEW_REAL_FUNCTION_ENUMS_AND_POSTGRESQL_TEST"
"AcquisitionRuleMatchTypes","Acquisition / Jobs / Notifications","2","Id:smallint; Key:text","","docs/DATABASE_CUTOVER_PHASE_B_07_ACQUISITION_DRAFT.sql","DRAFT_NOT_SIGNED","REVIEW_REAL_FUNCTION_ENUMS_AND_POSTGRESQL_TEST"
"AcquisitionRuleEffectTypes","Acquisition / Jobs / Notifications","2","Id:smallint; Key:text","","docs/DATABASE_CUTOVER_PHASE_B_07_ACQUISITION_DRAFT.sql","DRAFT_NOT_SIGNED","REVIEW_REAL_FUNCTION_ENUMS_AND_POSTGRESQL_TEST"
"AcquisitionQualityProfileRules","Acquisition / Jobs / Notifications","9","Id:bigint; AcquisitionQualityProfileId:bigint; Ordinal:integer; Name:text; AcquisitionRuleFieldTypeId:smallint; AcquisitionRuleMatchTypeId:smallint; AcquisitionRuleEffectTypeId:smallint; MatchValue:text; Score:integer","AcquisitionQualityProfiles; AcquisitionRuleFieldTypes; AcquisitionRuleMatchTypes; AcquisitionRuleEffectTypes","docs/DATABASE_CUTOVER_PHASE_B_07_ACQUISITION_DRAFT.sql","DRAFT_NOT_SIGNED","REVIEW_REAL_FUNCTION_ENUMS_AND_POSTGRESQL_TEST"
"AcquisitionKindTypes","Acquisition / Jobs / Notifications","2","Id:smallint; Key:text","","docs/DATABASE_CUTOVER_PHASE_B_07_ACQUISITION_DRAFT.sql","DRAFT_NOT_SIGNED","REVIEW_REAL_FUNCTION_ENUMS_AND_POSTGRESQL_TEST"
"AcquisitionKindDefaultProfiles","Acquisition / Jobs / Notifications","2","AcquisitionKindTypeId:smallint; AcquisitionQualityProfileId:bigint","AcquisitionKindTypes; AcquisitionQualityProfiles","docs/DATABASE_CUTOVER_PHASE_B_07_ACQUISITION_DRAFT.sql","DRAFT_NOT_SIGNED","REVIEW_REAL_FUNCTION_ENUMS_AND_POSTGRESQL_TEST"
"WorkAcquisitionQualityProfiles","Works / Metadata / Units","2","WorkId:bigint; AcquisitionQualityProfileId:bigint","Works; AcquisitionQualityProfiles","docs/DATABASE_CUTOVER_PHASE_B_07_ACQUISITION_DRAFT.sql","DRAFT_NOT_SIGNED","REVIEW_REAL_FUNCTION_ENUMS_AND_POSTGRESQL_TEST"
"AcquisitionIndexerTypeTypes","Acquisition / Jobs / Notifications","2","Id:smallint; Key:text","","docs/DATABASE_CUTOVER_PHASE_B_07_ACQUISITION_DRAFT.sql","DRAFT_NOT_SIGNED","REVIEW_REAL_FUNCTION_ENUMS_AND_POSTGRESQL_TEST"
"AcquisitionIndexers","Acquisition / Jobs / Notifications","13","Id:uuid; DisplayName:text; AcquisitionIndexerTypeId:smallint; BaseUrl:text; CredentialStorageKey:text; IsEnabled:boolean; AutomaticSearch:boolean; InteractiveSearch:boolean; Priority:integer; SearchLimit:integer; LastVerifiedAt:timestamptz; CapabilitiesVersion:integer; Capabilities:jsonb","AcquisitionIndexerTypeTypes","docs/DATABASE_CUTOVER_PHASE_B_07_ACQUISITION_DRAFT.sql","DRAFT_NOT_SIGNED","REVIEW_REAL_FUNCTION_ENUMS_AND_POSTGRESQL_TEST"
"AcquisitionIndexerKinds","Acquisition / Jobs / Notifications","2","AcquisitionIndexerId:uuid; AcquisitionKindTypeId:smallint","AcquisitionIndexers; AcquisitionKindTypes","docs/DATABASE_CUTOVER_PHASE_B_07_ACQUISITION_DRAFT.sql","DRAFT_NOT_SIGNED","REVIEW_REAL_FUNCTION_ENUMS_AND_POSTGRESQL_TEST"
"AcquisitionProfileIndexers","Acquisition / Jobs / Notifications","5","AcquisitionQualityProfileId:bigint; AcquisitionIndexerId:uuid; IsAllowed:boolean; IsPreferred:boolean; IsFallbackOnly:boolean","AcquisitionQualityProfiles; AcquisitionIndexers","docs/DATABASE_CUTOVER_PHASE_B_07_ACQUISITION_DRAFT.sql","DRAFT_NOT_SIGNED","REVIEW_REAL_FUNCTION_ENUMS_AND_POSTGRESQL_TEST"
"AcquisitionDownloadClients","Acquisition / Jobs / Notifications","6","Id:uuid; DisplayName:text; BaseUrl:text; CredentialStorageKey:text; IsEnabled:boolean; Priority:integer","","docs/DATABASE_CUTOVER_PHASE_B_07_ACQUISITION_DRAFT.sql","DRAFT_NOT_SIGNED","REVIEW_REAL_FUNCTION_ENUMS_AND_POSTGRESQL_TEST"
"AcquisitionDownloadClientCategories","Acquisition / Jobs / Notifications","3","AcquisitionDownloadClientId:uuid; AcquisitionKindTypeId:smallint; Category:text","AcquisitionDownloadClients; AcquisitionKindTypes","docs/DATABASE_CUTOVER_PHASE_B_07_ACQUISITION_DRAFT.sql","DRAFT_NOT_SIGNED","REVIEW_REAL_FUNCTION_ENUMS_AND_POSTGRESQL_TEST"
"AcquisitionDownloadBindings","Acquisition / Jobs / Notifications","10","Id:bigint; OperationId:bigint; AcquisitionDownloadClientId:uuid; ExternalDownloadId:text; AcquisitionKindTypeId:smallint; AcquisitionRequestId:bigint; WorkId:bigint; ImportStateKey:text; LastImportResultCode:text; UpdatedAt:timestamptz","Operations; AcquisitionDownloadClients; AcquisitionKindTypes; AcquisitionRequests; Works","docs/DATABASE_CUTOVER_PHASE_B_07_ACQUISITION_DRAFT.sql","DRAFT_NOT_SIGNED","REVIEW_REAL_FUNCTION_ENUMS_AND_POSTGRESQL_TEST"
