File,Area,Reason,Disposition,Confidence
"src/Jularr.Web/Data/AppDbContext.cs","Data","AppDbContext source reference","MIGRATE_READ_TO_SERVICE_OR_MUTATION_TO_LOGIC_AFTER_CALLPATH_VERIFICATION","SOURCE_MATCH_NOT_SEMANTIC_EXECUTION_PROOF"
"src/Jularr.Web/Data/AppDbContextDesignTimeFactory.cs","Data","AppDbContext source reference","MIGRATE_READ_TO_SERVICE_OR_MUTATION_TO_LOGIC_AFTER_CALLPATH_VERIFICATION","SOURCE_MATCH_NOT_SEMANTIC_EXECUTION_PROOF"
"src/Jularr.Web/Data/DatabaseMigrationBridge.cs","Data","AppDbContext source reference","MIGRATE_READ_TO_SERVICE_OR_MUTATION_TO_LOGIC_AFTER_CALLPATH_VERIFICATION","SOURCE_MATCH_NOT_SEMANTIC_EXECUTION_PROOF"
"src/Jularr.Web/Data/Migrations/20260929013145_Epoch4PostgresBaseline.Designer.cs","Data","AppDbContext source reference","MIGRATE_READ_TO_SERVICE_OR_MUTATION_TO_LOGIC_AFTER_CALLPATH_VERIFICATION","SOURCE_MATCH_NOT_SEMANTIC_EXECUTION_PROOF"
"src/Jularr.Web/Data/Migrations/20260929041524_MediaCoreFoundation.Designer.cs","Data","AppDbContext source reference","MIGRATE_READ_TO_SERVICE_OR_MUTATION_TO_LOGIC_AFTER_CALLPATH_VERIFICATION","SOURCE_MATCH_NOT_SEMANTIC_EXECUTION_PROOF"
"src/Jularr.Web/Data/Migrations/20260929092936_WorkIdentityChanges.Designer.cs","Data","AppDbContext source reference","MIGRATE_READ_TO_SERVICE_OR_MUTATION_TO_LOGIC_AFTER_CALLPATH_VERIFICATION","SOURCE_MATCH_NOT_SEMANTIC_EXECUTION_PROOF"
"src/Jularr.Web/Data/Migrations/20260929115624_MovieTvFoundation.Designer.cs","Data","AppDbContext source reference","MIGRATE_READ_TO_SERVICE_OR_MUTATION_TO_LOGIC_AFTER_CALLPATH_VERIFICATION","SOURCE_MATCH_NOT_SEMANTIC_EXECUTION_PROOF"
"src/Jularr.Web/Data/Migrations/20260929124445_LearningV3CurriculumFoundation.Designer.cs","Data","AppDbContext source reference","MIGRATE_READ_TO_SERVICE_OR_MUTATION_TO_LOGIC_AFTER_CALLPATH_VERIFICATION","SOURCE_MATCH_NOT_SEMANTIC_EXECUTION_PROOF"
"src/Jularr.Web/Data/Migrations/20260929150053_AudiobookFoundation.Designer.cs","Data","AppDbContext source reference","MIGRATE_READ_TO_SERVICE_OR_MUTATION_TO_LOGIC_AFTER_CALLPATH_VERIFICATION","SOURCE_MATCH_NOT_SEMANTIC_EXECUTION_PROOF"
"src/Jularr.Web/Data/Migrations/20260929171337_CollectionsFoundation.Designer.cs","Data","AppDbContext source reference","MIGRATE_READ_TO_SERVICE_OR_MUTATION_TO_LOGIC_AFTER_CALLPATH_VERIFICATION","SOURCE_MATCH_NOT_SEMANTIC_EXECUTION_PROOF"
"src/Jularr.Web/Data/Migrations/20260930111106_OperationActorAndHistoryIndex.Designer.cs","Data","AppDbContext source reference","MIGRATE_READ_TO_SERVICE_OR_MUTATION_TO_LOGIC_AFTER_CALLPATH_VERIFICATION","SOURCE_MATCH_NOT_SEMANTIC_EXECUTION_PROOF"
"src/Jularr.Web/Data/Migrations/20260930163000_AddOperationPriority.Designer.cs","Data","AppDbContext source reference","MIGRATE_READ_TO_SERVICE_OR_MUTATION_TO_LOGIC_AFTER_CALLPATH_VERIFICATION","SOURCE_MATCH_NOT_SEMANTIC_EXECUTION_PROOF"
"src/Jularr.Web/Data/Migrations/20261002062139_AddLibraryReconciliationPlans.Designer.cs","Data","AppDbContext source reference","MIGRATE_READ_TO_SERVICE_OR_MUTATION_TO_LOGIC_AFTER_CALLPATH_VERIFICATION","SOURCE_MATCH_NOT_SEMANTIC_EXECUTION_PROOF"
"src/Jularr.Web/Data/Migrations/20261002080402_AddExplicitlyIgnoredReconciliationItems.Designer.cs","Data","AppDbContext source reference","MIGRATE_READ_TO_SERVICE_OR_MUTATION_TO_LOGIC_AFTER_CALLPATH_VERIFICATION","SOURCE_MATCH_NOT_SEMANTIC_EXECUTION_PROOF"
"src/Jularr.Web/Data/Migrations/20261002090725_AddReconciliationEpisodeAssignments.Designer.cs","Data","AppDbContext source reference","MIGRATE_READ_TO_SERVICE_OR_MUTATION_TO_LOGIC_AFTER_CALLPATH_VERIFICATION","SOURCE_MATCH_NOT_SEMANTIC_EXECUTION_PROOF"
"src/Jularr.Web/Data/Migrations/20261002100802_AddReconciliationVolumeAssignments.Designer.cs","Data","AppDbContext source reference","MIGRATE_READ_TO_SERVICE_OR_MUTATION_TO_LOGIC_AFTER_CALLPATH_VERIFICATION","SOURCE_MATCH_NOT_SEMANTIC_EXECUTION_PROOF"
"src/Jularr.Web/Data/Migrations/20261002110504_AddReconciliationChapterAssignments.Designer.cs","Data","AppDbContext source reference","MIGRATE_READ_TO_SERVICE_OR_MUTATION_TO_LOGIC_AFTER_CALLPATH_VERIFICATION","SOURCE_MATCH_NOT_SEMANTIC_EXECUTION_PROOF"
"src/Jularr.Web/Data/Migrations/20261002110834_AddReconciliationOrganizationMode.Designer.cs","Data","AppDbContext source reference","MIGRATE_READ_TO_SERVICE_OR_MUTATION_TO_LOGIC_AFTER_CALLPATH_VERIFICATION","SOURCE_MATCH_NOT_SEMANTIC_EXECUTION_PROOF"
"src/Jularr.Web/Data/Migrations/20261002112130_AddReconciliationFileLinks.Designer.cs","Data","AppDbContext source reference","MIGRATE_READ_TO_SERVICE_OR_MUTATION_TO_LOGIC_AFTER_CALLPATH_VERIFICATION","SOURCE_MATCH_NOT_SEMANTIC_EXECUTION_PROOF"
"src/Jularr.Web/Data/Migrations/20261002113129_AddReconciliationLogicalGroups.Designer.cs","Data","AppDbContext source reference","MIGRATE_READ_TO_SERVICE_OR_MUTATION_TO_LOGIC_AFTER_CALLPATH_VERIFICATION","SOURCE_MATCH_NOT_SEMANTIC_EXECUTION_PROOF"
"src/Jularr.Web/Data/Migrations/20261002113620_AddReconciliationReleaseMetadata.Designer.cs","Data","AppDbContext source reference","MIGRATE_READ_TO_SERVICE_OR_MUTATION_TO_LOGIC_AFTER_CALLPATH_VERIFICATION","SOURCE_MATCH_NOT_SEMANTIC_EXECUTION_PROOF"
"src/Jularr.Web/Data/Migrations/20261002114518_AddReconciliationObservedFileState.Designer.cs","Data","AppDbContext source reference","MIGRATE_READ_TO_SERVICE_OR_MUTATION_TO_LOGIC_AFTER_CALLPATH_VERIFICATION","SOURCE_MATCH_NOT_SEMANTIC_EXECUTION_PROOF"
"src/Jularr.Web/Data/Migrations/20261002153437_AddReconciliationExecutionOperation.Designer.cs","Data","AppDbContext source reference","MIGRATE_READ_TO_SERVICE_OR_MUTATION_TO_LOGIC_AFTER_CALLPATH_VERIFICATION","SOURCE_MATCH_NOT_SEMANTIC_EXECUTION_PROOF"
"src/Jularr.Web/Data/Migrations/20261002153945_AddReconciliationFilenameEvidenceOption.Designer.cs","Data","AppDbContext source reference","MIGRATE_READ_TO_SERVICE_OR_MUTATION_TO_LOGIC_AFTER_CALLPATH_VERIFICATION","SOURCE_MATCH_NOT_SEMANTIC_EXECUTION_PROOF"
"src/Jularr.Web/Data/Migrations/20261003041810_AddReconciliationSourceFolderCleanup.Designer.cs","Data","AppDbContext source reference","MIGRATE_READ_TO_SERVICE_OR_MUTATION_TO_LOGIC_AFTER_CALLPATH_VERIFICATION","SOURCE_MATCH_NOT_SEMANTIC_EXECUTION_PROOF"
"src/Jularr.Web/Data/Migrations/20261003175500_GamesFoundation.Designer.cs","Data","AppDbContext source reference","MIGRATE_READ_TO_SERVICE_OR_MUTATION_TO_LOGIC_AFTER_CALLPATH_VERIFICATION","SOURCE_MATCH_NOT_SEMANTIC_EXECUTION_PROOF"
"src/Jularr.Web/Data/Migrations/20261003190000_CanonicalVideoStorage.cs","Data","AppDbContext source reference","MIGRATE_READ_TO_SERVICE_OR_MUTATION_TO_LOGIC_AFTER_CALLPATH_VERIFICATION","SOURCE_MATCH_NOT_SEMANTIC_EXECUTION_PROOF"
"src/Jularr.Web/Data/Migrations/20261004060000_CanonicalVideoProgress.cs","Data","AppDbContext source reference","MIGRATE_READ_TO_SERVICE_OR_MUTATION_TO_LOGIC_AFTER_CALLPATH_VERIFICATION","SOURCE_MATCH_NOT_SEMANTIC_EXECUTION_PROOF"
"src/Jularr.Web/Data/Migrations/20261004152000_ReaderImagePreferences.cs","Data","AppDbContext source reference","MIGRATE_READ_TO_SERVICE_OR_MUTATION_TO_LOGIC_AFTER_CALLPATH_VERIFICATION","SOURCE_MATCH_NOT_SEMANTIC_EXECUTION_PROOF"
"src/Jularr.Web/Data/Migrations/20261004153500_ReaderPreferenceScopeIdentity.cs","Data","AppDbContext source reference","MIGRATE_READ_TO_SERVICE_OR_MUTATION_TO_LOGIC_AFTER_CALLPATH_VERIFICATION","SOURCE_MATCH_NOT_SEMANTIC_EXECUTION_PROOF"
"src/Jularr.Web/Data/Migrations/20261004154500_CanonicalMangaReaderPreferenceScopes.cs","Data","AppDbContext source reference","MIGRATE_READ_TO_SERVICE_OR_MUTATION_TO_LOGIC_AFTER_CALLPATH_VERIFICATION","SOURCE_MATCH_NOT_SEMANTIC_EXECUTION_PROOF"
"src/Jularr.Web/Data/Migrations/20261004202500_LibraryRootContentRouting.cs","Data","AppDbContext source reference","MIGRATE_READ_TO_SERVICE_OR_MUTATION_TO_LOGIC_AFTER_CALLPATH_VERIFICATION","SOURCE_MATCH_NOT_SEMANTIC_EXECUTION_PROOF"
"src/Jularr.Web/Data/Migrations/20261006002056_AddWorkMetadataAndArtwork.cs","Data","AppDbContext source reference","MIGRATE_READ_TO_SERVICE_OR_MUTATION_TO_LOGIC_AFTER_CALLPATH_VERIFICATION","SOURCE_MATCH_NOT_SEMANTIC_EXECUTION_PROOF"
"src/Jularr.Web/Data/Migrations/20261007090000_ProfileAdminShortcutPreference.cs","Data","AppDbContext source reference","MIGRATE_READ_TO_SERVICE_OR_MUTATION_TO_LOGIC_AFTER_CALLPATH_VERIFICATION","SOURCE_MATCH_NOT_SEMANTIC_EXECUTION_PROOF"
"src/Jularr.Web/Data/Migrations/20261007120000_MusicFoundation.Designer.cs","Data","AppDbContext source reference","MIGRATE_READ_TO_SERVICE_OR_MUTATION_TO_LOGIC_AFTER_CALLPATH_VERIFICATION","SOURCE_MATCH_NOT_SEMANTIC_EXECUTION_PROOF"
"src/Jularr.Web/Data/Migrations/20261007121000_MusicArtistAddedBy.Designer.cs","Data","AppDbContext source reference","MIGRATE_READ_TO_SERVICE_OR_MUTATION_TO_LOGIC_AFTER_CALLPATH_VERIFICATION","SOURCE_MATCH_NOT_SEMANTIC_EXECUTION_PROOF"
"src/Jularr.Web/Data/Migrations/20261007122000_MusicAcquisitionKind.cs","Data","AppDbContext source reference","MIGRATE_READ_TO_SERVICE_OR_MUTATION_TO_LOGIC_AFTER_CALLPATH_VERIFICATION","SOURCE_MATCH_NOT_SEMANTIC_EXECUTION_PROOF"
"src/Jularr.Web/Data/Migrations/20261007130000_InstanceBranding.cs","Data","AppDbContext source reference","MIGRATE_READ_TO_SERVICE_OR_MUTATION_TO_LOGIC_AFTER_CALLPATH_VERIFICATION","SOURCE_MATCH_NOT_SEMANTIC_EXECUTION_PROOF"
"src/Jularr.Web/Data/Migrations/20261007140000_InstanceBrandingLogoRecolour.cs","Data","AppDbContext source reference","MIGRATE_READ_TO_SERVICE_OR_MUTATION_TO_LOGIC_AFTER_CALLPATH_VERIFICATION","SOURCE_MATCH_NOT_SEMANTIC_EXECUTION_PROOF"
"src/Jularr.Web/Data/Migrations/20261008090000_HomeLayoutPreferences.cs","Data","AppDbContext source reference","MIGRATE_READ_TO_SERVICE_OR_MUTATION_TO_LOGIC_AFTER_CALLPATH_VERIFICATION","SOURCE_MATCH_NOT_SEMANTIC_EXECUTION_PROOF"
"src/Jularr.Web/Data/Migrations/20261008110000_AcquisitionRequestWorkBinding.cs","Data","AppDbContext source reference","MIGRATE_READ_TO_SERVICE_OR_MUTATION_TO_LOGIC_AFTER_CALLPATH_VERIFICATION","SOURCE_MATCH_NOT_SEMANTIC_EXECUTION_PROOF"
"src/Jularr.Web/Data/Migrations/20261008130000_DiscoverySnapshots.cs","Data","AppDbContext source reference","MIGRATE_READ_TO_SERVICE_OR_MUTATION_TO_LOGIC_AFTER_CALLPATH_VERIFICATION","SOURCE_MATCH_NOT_SEMANTIC_EXECUTION_PROOF"
"src/Jularr.Web/Data/Migrations/20261008140000_CanonicalMonitoring.cs","Data","AppDbContext source reference","MIGRATE_READ_TO_SERVICE_OR_MUTATION_TO_LOGIC_AFTER_CALLPATH_VERIFICATION","SOURCE_MATCH_NOT_SEMANTIC_EXECUTION_PROOF"
"src/Jularr.Web/Data/Migrations/20261008162431_DropMusicMonitoringColumns.Designer.cs","Data","AppDbContext source reference","MIGRATE_READ_TO_SERVICE_OR_MUTATION_TO_LOGIC_AFTER_CALLPATH_VERIFICATION","SOURCE_MATCH_NOT_SEMANTIC_EXECUTION_PROOF"
"src/Jularr.Web/Data/Migrations/20261008182603_WantedItems.Designer.cs","Data","AppDbContext source reference","MIGRATE_READ_TO_SERVICE_OR_MUTATION_TO_LOGIC_AFTER_CALLPATH_VERIFICATION","SOURCE_MATCH_NOT_SEMANTIC_EXECUTION_PROOF"
"src/Jularr.Web/Data/Migrations/20261008190000_RequestTargets.cs","Data","AppDbContext source reference","MIGRATE_READ_TO_SERVICE_OR_MUTATION_TO_LOGIC_AFTER_CALLPATH_VERIFICATION","SOURCE_MATCH_NOT_SEMANTIC_EXECUTION_PROOF"
"src/Jularr.Web/Data/Migrations/20261009100000_RequestTargetsRepair.cs","Data","AppDbContext source reference","MIGRATE_READ_TO_SERVICE_OR_MUTATION_TO_LOGIC_AFTER_CALLPATH_VERIFICATION","SOURCE_MATCH_NOT_SEMANTIC_EXECUTION_PROOF"
"src/Jularr.Web/Data/Migrations/20261009130000_AudiobookEditionIntent.cs","Data","AppDbContext source reference","MIGRATE_READ_TO_SERVICE_OR_MUTATION_TO_LOGIC_AFTER_CALLPATH_VERIFICATION","SOURCE_MATCH_NOT_SEMANTIC_EXECUTION_PROOF"
"src/Jularr.Web/Data/Migrations/20261009131500_ProfileSubtitleDisplayPreferences.cs","Data","AppDbContext source reference","MIGRATE_READ_TO_SERVICE_OR_MUTATION_TO_LOGIC_AFTER_CALLPATH_VERIFICATION","SOURCE_MATCH_NOT_SEMANTIC_EXECUTION_PROOF"
"src/Jularr.Web/Data/Migrations/20261009140000_ReadingUnitIdentity.Designer.cs","Data","AppDbContext source reference","MIGRATE_READ_TO_SERVICE_OR_MUTATION_TO_LOGIC_AFTER_CALLPATH_VERIFICATION","SOURCE_MATCH_NOT_SEMANTIC_EXECUTION_PROOF"
"src/Jularr.Web/Data/Migrations/20261009150000_AccountLoginIdentities.cs","Data","AppDbContext source reference","MIGRATE_READ_TO_SERVICE_OR_MUTATION_TO_LOGIC_AFTER_CALLPATH_VERIFICATION","SOURCE_MATCH_NOT_SEMANTIC_EXECUTION_PROOF"
"src/Jularr.Web/Data/Migrations/20261009150000_MusicRecordings.Designer.cs","Data","AppDbContext source reference","MIGRATE_READ_TO_SERVICE_OR_MUTATION_TO_LOGIC_AFTER_CALLPATH_VERIFICATION","SOURCE_MATCH_NOT_SEMANTIC_EXECUTION_PROOF"
"src/Jularr.Web/Data/Migrations/20261009160000_AudiobookEditionMetadata.Designer.cs","Data","AppDbContext source reference","MIGRATE_READ_TO_SERVICE_OR_MUTATION_TO_LOGIC_AFTER_CALLPATH_VERIFICATION","SOURCE_MATCH_NOT_SEMANTIC_EXECUTION_PROOF"
"src/Jularr.Web/Data/Migrations/20261009170000_WorkAnimeClassification.Designer.cs","Data","AppDbContext source reference","MIGRATE_READ_TO_SERVICE_OR_MUTATION_TO_LOGIC_AFTER_CALLPATH_VERIFICATION","SOURCE_MATCH_NOT_SEMANTIC_EXECUTION_PROOF"
"src/Jularr.Web/Data/Migrations/20261009194000_RequestSubmissionUsage.cs","Data","AppDbContext source reference","MIGRATE_READ_TO_SERVICE_OR_MUTATION_TO_LOGIC_AFTER_CALLPATH_VERIFICATION","SOURCE_MATCH_NOT_SEMANTIC_EXECUTION_PROOF"
"src/Jularr.Web/Data/Migrations/20261010000000_WorkIdInt64.Designer.cs","Data","AppDbContext source reference","MIGRATE_READ_TO_SERVICE_OR_MUTATION_TO_LOGIC_AFTER_CALLPATH_VERIFICATION","SOURCE_MATCH_NOT_SEMANTIC_EXECUTION_PROOF"
"src/Jularr.Web/Data/Migrations/20261010100000_ReadingUnitBindingsCoverMany.Designer.cs","Data","AppDbContext source reference","MIGRATE_READ_TO_SERVICE_OR_MUTATION_TO_LOGIC_AFTER_CALLPATH_VERIFICATION","SOURCE_MATCH_NOT_SEMANTIC_EXECUTION_PROOF"
"src/Jularr.Web/Data/Migrations/20261010200000_MangaChapterVersions.Designer.cs","Data","AppDbContext source reference","MIGRATE_READ_TO_SERVICE_OR_MUTATION_TO_LOGIC_AFTER_CALLPATH_VERIFICATION","SOURCE_MATCH_NOT_SEMANTIC_EXECUTION_PROOF"
"src/Jularr.Web/Data/Migrations/20261010300000_NovelVolumeEditions.Designer.cs","Data","AppDbContext source reference","MIGRATE_READ_TO_SERVICE_OR_MUTATION_TO_LOGIC_AFTER_CALLPATH_VERIFICATION","SOURCE_MATCH_NOT_SEMANTIC_EXECUTION_PROOF"
"src/Jularr.Web/Data/Migrations/AppDbContextModelSnapshot.cs","Data","AppDbContext source reference","MIGRATE_READ_TO_SERVICE_OR_MUTATION_TO_LOGIC_AFTER_CALLPATH_VERIFICATION","SOURCE_MATCH_NOT_SEMANTIC_EXECUTION_PROOF"
"src/Jularr.Web/Data/WorkIdMigrationFollowUp.cs","Data","AppDbContext source reference","MIGRATE_READ_TO_SERVICE_OR_MUTATION_TO_LOGIC_AFTER_CALLPATH_VERIFICATION","SOURCE_MATCH_NOT_SEMANTIC_EXECUTION_PROOF"
"src/Jularr.Web/Features/Acquisition/Access/AcquisitionAccessStore.cs","Acquisition","AppDbContext source reference","MIGRATE_READ_TO_SERVICE_OR_MUTATION_TO_LOGIC_AFTER_CALLPATH_VERIFICATION","SOURCE_MATCH_NOT_SEMANTIC_EXECUTION_PROOF"
"src/Jularr.Web/Features/Acquisition/Access/AnimeAcquisitionRequestExecutor.cs","Acquisition","AppDbContext source reference","MIGRATE_READ_TO_SERVICE_OR_MUTATION_TO_LOGIC_AFTER_CALLPATH_VERIFICATION","SOURCE_MATCH_NOT_SEMANTIC_EXECUTION_PROOF"
"src/Jularr.Web/Features/Acquisition/Access/AnimeRequestScopeReader.cs","Acquisition","AppDbContext source reference","MIGRATE_READ_TO_SERVICE_OR_MUTATION_TO_LOGIC_AFTER_CALLPATH_VERIFICATION","SOURCE_MATCH_NOT_SEMANTIC_EXECUTION_PROOF"
"src/Jularr.Web/Features/Acquisition/Access/ConsumerAcquisition.cs","Acquisition","AppDbContext source reference","MIGRATE_READ_TO_SERVICE_OR_MUTATION_TO_LOGIC_AFTER_CALLPATH_VERIFICATION","SOURCE_MATCH_NOT_SEMANTIC_EXECUTION_PROOF"
"src/Jularr.Web/Features/Acquisition/Access/LibraryWorkBackfill.cs","Acquisition","AppDbContext source reference","MIGRATE_READ_TO_SERVICE_OR_MUTATION_TO_LOGIC_AFTER_CALLPATH_VERIFICATION","SOURCE_MATCH_NOT_SEMANTIC_EXECUTION_PROOF"
"src/Jularr.Web/Features/Acquisition/Access/RequestArtwork.cs","Acquisition","AppDbContext source reference","MIGRATE_READ_TO_SERVICE_OR_MUTATION_TO_LOGIC_AFTER_CALLPATH_VERIFICATION","SOURCE_MATCH_NOT_SEMANTIC_EXECUTION_PROOF"
"src/Jularr.Web/Features/Acquisition/Access/RequestStatus.cs","Acquisition","AppDbContext source reference","MIGRATE_READ_TO_SERVICE_OR_MUTATION_TO_LOGIC_AFTER_CALLPATH_VERIFICATION","SOURCE_MATCH_NOT_SEMANTIC_EXECUTION_PROOF"
"src/Jularr.Web/Features/Acquisition/Access/RequestWorkBinder.cs","Acquisition","AppDbContext source reference","MIGRATE_READ_TO_SERVICE_OR_MUTATION_TO_LOGIC_AFTER_CALLPATH_VERIFICATION","SOURCE_MATCH_NOT_SEMANTIC_EXECUTION_PROOF"
"src/Jularr.Web/Features/Acquisition/Access/VideoAcquisitionRequestExecutor.cs","Acquisition","AppDbContext source reference","MIGRATE_READ_TO_SERVICE_OR_MUTATION_TO_LOGIC_AFTER_CALLPATH_VERIFICATION","SOURCE_MATCH_NOT_SEMANTIC_EXECUTION_PROOF"
"src/Jularr.Web/Features/Acquisition/Access/VideoRequestScopeResolver.cs","Acquisition","AppDbContext source reference","MIGRATE_READ_TO_SERVICE_OR_MUTATION_TO_LOGIC_AFTER_CALLPATH_VERIFICATION","SOURCE_MATCH_NOT_SEMANTIC_EXECUTION_PROOF"
"src/Jularr.Web/Features/Acquisition/Access/VideoWorkLinks.cs","Acquisition","AppDbContext source reference","MIGRATE_READ_TO_SERVICE_OR_MUTATION_TO_LOGIC_AFTER_CALLPATH_VERIFICATION","SOURCE_MATCH_NOT_SEMANTIC_EXECUTION_PROOF"
"src/Jularr.Web/Features/Acquisition/AniListAutoMonitor/AniListAutoMonitorService.cs","Acquisition","AppDbContext source reference","MIGRATE_READ_TO_SERVICE_OR_MUTATION_TO_LOGIC_AFTER_CALLPATH_VERIFICATION","SOURCE_MATCH_NOT_SEMANTIC_EXECUTION_PROOF"
"src/Jularr.Web/Features/Acquisition/Api/AcquisitionApiKeyService.cs","Acquisition","AppDbContext source reference","MIGRATE_READ_TO_SERVICE_OR_MUTATION_TO_LOGIC_AFTER_CALLPATH_VERIFICATION","SOURCE_MATCH_NOT_SEMANTIC_EXECUTION_PROOF"
"src/Jularr.Web/Features/Acquisition/Api/AcquisitionApiService.cs","Acquisition","AppDbContext source reference","MIGRATE_READ_TO_SERVICE_OR_MUTATION_TO_LOGIC_AFTER_CALLPATH_VERIFICATION","SOURCE_MATCH_NOT_SEMANTIC_EXECUTION_PROOF"
"src/Jularr.Web/Features/Acquisition/DownloadClients/DownloadClientSubmissionService.cs","Acquisition","AppDbContext source reference","MIGRATE_READ_TO_SERVICE_OR_MUTATION_TO_LOGIC_AFTER_CALLPATH_VERIFICATION","SOURCE_MATCH_NOT_SEMANTIC_EXECUTION_PROOF"
"src/Jularr.Web/Features/Acquisition/History/AcquisitionHistoryService.cs","Acquisition","AppDbContext source reference","MIGRATE_READ_TO_SERVICE_OR_MUTATION_TO_LOGIC_AFTER_CALLPATH_VERIFICATION","SOURCE_MATCH_NOT_SEMANTIC_EXECUTION_PROOF"
"src/Jularr.Web/Features/Acquisition/Import/AcquisitionMediaReplacementParticipant.cs","Acquisition","AppDbContext source reference","MIGRATE_READ_TO_SERVICE_OR_MUTATION_TO_LOGIC_AFTER_CALLPATH_VERIFICATION","SOURCE_MATCH_NOT_SEMANTIC_EXECUTION_PROOF"
"src/Jularr.Web/Features/Acquisition/Import/AnimeImportExecutor.cs","Acquisition","AppDbContext source reference","MIGRATE_READ_TO_SERVICE_OR_MUTATION_TO_LOGIC_AFTER_CALLPATH_VERIFICATION","SOURCE_MATCH_NOT_SEMANTIC_EXECUTION_PROOF"
"src/Jularr.Web/Features/Acquisition/Import/AnimeImportRecovery.cs","Acquisition","AppDbContext source reference","MIGRATE_READ_TO_SERVICE_OR_MUTATION_TO_LOGIC_AFTER_CALLPATH_VERIFICATION","SOURCE_MATCH_NOT_SEMANTIC_EXECUTION_PROOF"
"src/Jularr.Web/Features/Acquisition/Import/CompletedDownloadImportService.cs","Acquisition","AppDbContext source reference","MIGRATE_READ_TO_SERVICE_OR_MUTATION_TO_LOGIC_AFTER_CALLPATH_VERIFICATION","SOURCE_MATCH_NOT_SEMANTIC_EXECUTION_PROOF"
"src/Jularr.Web/Features/Acquisition/Monitoring/AnimeMonitoring.cs","Acquisition","AppDbContext source reference","MIGRATE_READ_TO_SERVICE_OR_MUTATION_TO_LOGIC_AFTER_CALLPATH_VERIFICATION","SOURCE_MATCH_NOT_SEMANTIC_EXECUTION_PROOF"
"src/Jularr.Web/Features/Acquisition/Monitoring/AnimeMonitoringMigration.cs","Acquisition","AppDbContext source reference","MIGRATE_READ_TO_SERVICE_OR_MUTATION_TO_LOGIC_AFTER_CALLPATH_VERIFICATION","SOURCE_MATCH_NOT_SEMANTIC_EXECUTION_PROOF"
"src/Jularr.Web/Features/Acquisition/Monitoring/VideoMonitoringService.cs","Acquisition","AppDbContext source reference","MIGRATE_READ_TO_SERVICE_OR_MUTATION_TO_LOGIC_AFTER_CALLPATH_VERIFICATION","SOURCE_MATCH_NOT_SEMANTIC_EXECUTION_PROOF"
"src/Jularr.Web/Features/Acquisition/Naming/AnimeRenameService.cs","Acquisition","AppDbContext source reference","MIGRATE_READ_TO_SERVICE_OR_MUTATION_TO_LOGIC_AFTER_CALLPATH_VERIFICATION","SOURCE_MATCH_NOT_SEMANTIC_EXECUTION_PROOF"
"src/Jularr.Web/Features/Acquisition/Pipeline/AnimeAcquisitionEngine.cs","Acquisition","AppDbContext source reference","MIGRATE_READ_TO_SERVICE_OR_MUTATION_TO_LOGIC_AFTER_CALLPATH_VERIFICATION","SOURCE_MATCH_NOT_SEMANTIC_EXECUTION_PROOF"
"src/Jularr.Web/Features/Acquisition/Pipeline/AnimeAcquisitionInventory.cs","Acquisition","AppDbContext source reference","MIGRATE_READ_TO_SERVICE_OR_MUTATION_TO_LOGIC_AFTER_CALLPATH_VERIFICATION","SOURCE_MATCH_NOT_SEMANTIC_EXECUTION_PROOF"
"src/Jularr.Web/Features/Acquisition/Pipeline/AnimeAcquisitionPipeline.cs","Acquisition","AppDbContext source reference","MIGRATE_READ_TO_SERVICE_OR_MUTATION_TO_LOGIC_AFTER_CALLPATH_VERIFICATION","SOURCE_MATCH_NOT_SEMANTIC_EXECUTION_PROOF"
"src/Jularr.Web/Features/Acquisition/Pipeline/AnimeCanonicalEpisodes.cs","Acquisition","AppDbContext source reference","MIGRATE_READ_TO_SERVICE_OR_MUTATION_TO_LOGIC_AFTER_CALLPATH_VERIFICATION","SOURCE_MATCH_NOT_SEMANTIC_EXECUTION_PROOF"
"src/Jularr.Web/Features/Acquisition/Pipeline/AnimeEpisodeStates.cs","Acquisition","AppDbContext source reference","MIGRATE_READ_TO_SERVICE_OR_MUTATION_TO_LOGIC_AFTER_CALLPATH_VERIFICATION","SOURCE_MATCH_NOT_SEMANTIC_EXECUTION_PROOF"
"src/Jularr.Web/Features/Acquisition/Pipeline/AnimeLegacyAcquisitionMigration.cs","Acquisition","AppDbContext source reference","MIGRATE_READ_TO_SERVICE_OR_MUTATION_TO_LOGIC_AFTER_CALLPATH_VERIFICATION","SOURCE_MATCH_NOT_SEMANTIC_EXECUTION_PROOF"
"src/Jularr.Web/Features/Acquisition/Pipeline/AnimeRequestStarter.cs","Acquisition","AppDbContext source reference","MIGRATE_READ_TO_SERVICE_OR_MUTATION_TO_LOGIC_AFTER_CALLPATH_VERIFICATION","SOURCE_MATCH_NOT_SEMANTIC_EXECUTION_PROOF"
"src/Jularr.Web/Features/Acquisition/Sabnzbd/SabnzbdDownloadService.cs","Acquisition","AppDbContext source reference","MIGRATE_READ_TO_SERVICE_OR_MUTATION_TO_LOGIC_AFTER_CALLPATH_VERIFICATION","SOURCE_MATCH_NOT_SEMANTIC_EXECUTION_PROOF"
"src/Jularr.Web/Features/Acquisition/Selection/ReleaseReliabilityService.cs","Acquisition","AppDbContext source reference","MIGRATE_READ_TO_SERVICE_OR_MUTATION_TO_LOGIC_AFTER_CALLPATH_VERIFICATION","SOURCE_MATCH_NOT_SEMANTIC_EXECUTION_PROOF"
"src/Jularr.Web/Features/Acquisition/Wanted/RequestIntent.cs","Acquisition","AppDbContext source reference","MIGRATE_READ_TO_SERVICE_OR_MUTATION_TO_LOGIC_AFTER_CALLPATH_VERIFICATION","SOURCE_MATCH_NOT_SEMANTIC_EXECUTION_PROOF"
"src/Jularr.Web/Features/Acquisition/Wanted/WantedAcquisitionService.cs","Acquisition","AppDbContext source reference","MIGRATE_READ_TO_SERVICE_OR_MUTATION_TO_LOGIC_AFTER_CALLPATH_VERIFICATION","SOURCE_MATCH_NOT_SEMANTIC_EXECUTION_PROOF"
"src/Jularr.Web/Features/Acquisition/Wanted/WantedListService.cs","Acquisition","AppDbContext source reference","MIGRATE_READ_TO_SERVICE_OR_MUTATION_TO_LOGIC_AFTER_CALLPATH_VERIFICATION","SOURCE_MATCH_NOT_SEMANTIC_EXECUTION_PROOF"
"src/Jularr.Web/Features/Acquisition/Wanted/WantedReconciler.cs","Acquisition","AppDbContext source reference","MIGRATE_READ_TO_SERVICE_OR_MUTATION_TO_LOGIC_AFTER_CALLPATH_VERIFICATION","SOURCE_MATCH_NOT_SEMANTIC_EXECUTION_PROOF"
"src/Jularr.Web/Features/Acquisition/Wanted/WantedRequestSource.cs","Acquisition","AppDbContext source reference","MIGRATE_READ_TO_SERVICE_OR_MUTATION_TO_LOGIC_AFTER_CALLPATH_VERIFICATION","SOURCE_MATCH_NOT_SEMANTIC_EXECUTION_PROOF"
"src/Jularr.Web/Features/Admin/AdminDashboardService.cs","Admin","AppDbContext source reference","MIGRATE_READ_TO_SERVICE_OR_MUTATION_TO_LOGIC_AFTER_CALLPATH_VERIFICATION","SOURCE_MATCH_NOT_SEMANTIC_EXECUTION_PROOF"
"src/Jularr.Web/Features/Admin/AdminOverviewService.cs","Admin","AppDbContext source reference","MIGRATE_READ_TO_SERVICE_OR_MUTATION_TO_LOGIC_AFTER_CALLPATH_VERIFICATION","SOURCE_MATCH_NOT_SEMANTIC_EXECUTION_PROOF"
"src/Jularr.Web/Features/Admin/AdminSessionsService.cs","Admin","AppDbContext source reference","MIGRATE_READ_TO_SERVICE_OR_MUTATION_TO_LOGIC_AFTER_CALLPATH_VERIFICATION","SOURCE_MATCH_NOT_SEMANTIC_EXECUTION_PROOF"
"src/Jularr.Web/Features/Admin/AdminUserProgressService.cs","Admin","AppDbContext source reference","MIGRATE_READ_TO_SERVICE_OR_MUTATION_TO_LOGIC_AFTER_CALLPATH_VERIFICATION","SOURCE_MATCH_NOT_SEMANTIC_EXECUTION_PROOF"
"src/Jularr.Web/Features/Admin/StackResourceTelemetry.cs","Admin","AppDbContext source reference","MIGRATE_READ_TO_SERVICE_OR_MUTATION_TO_LOGIC_AFTER_CALLPATH_VERIFICATION","SOURCE_MATCH_NOT_SEMANTIC_EXECUTION_PROOF"
"src/Jularr.Web/Features/Ai/AiModelCatalogStore.cs","Ai","AppDbContext source reference","MIGRATE_READ_TO_SERVICE_OR_MUTATION_TO_LOGIC_AFTER_CALLPATH_VERIFICATION","SOURCE_MATCH_NOT_SEMANTIC_EXECUTION_PROOF"
"src/Jularr.Web/Features/Ai/AiSentenceExplanationService.cs","Ai","AppDbContext source reference","MIGRATE_READ_TO_SERVICE_OR_MUTATION_TO_LOGIC_AFTER_CALLPATH_VERIFICATION","SOURCE_MATCH_NOT_SEMANTIC_EXECUTION_PROOF"
"src/Jularr.Web/Features/Ai/AiUsageStore.cs","Ai","AppDbContext source reference","MIGRATE_READ_TO_SERVICE_OR_MUTATION_TO_LOGIC_AFTER_CALLPATH_VERIFICATION","SOURCE_MATCH_NOT_SEMANTIC_EXECUTION_PROOF"
"src/Jularr.Web/Features/Appearance/AppTheme.cs","Appearance","AppDbContext source reference","MIGRATE_READ_TO_SERVICE_OR_MUTATION_TO_LOGIC_AFTER_CALLPATH_VERIFICATION","SOURCE_MATCH_NOT_SEMANTIC_EXECUTION_PROOF"
"src/Jularr.Web/Features/Appearance/InstanceAppearanceSettingsStore.cs","Appearance","AppDbContext source reference","MIGRATE_READ_TO_SERVICE_OR_MUTATION_TO_LOGIC_AFTER_CALLPATH_VERIFICATION","SOURCE_MATCH_NOT_SEMANTIC_EXECUTION_PROOF"
"src/Jularr.Web/Features/Appearance/ProfileAppearanceStore.cs","Appearance","AppDbContext source reference","MIGRATE_READ_TO_SERVICE_OR_MUTATION_TO_LOGIC_AFTER_CALLPATH_VERIFICATION","SOURCE_MATCH_NOT_SEMANTIC_EXECUTION_PROOF"
"src/Jularr.Web/Features/Artwork/AnimeArtworkLibrary.cs","Artwork","AppDbContext source reference","MIGRATE_READ_TO_SERVICE_OR_MUTATION_TO_LOGIC_AFTER_CALLPATH_VERIFICATION","SOURCE_MATCH_NOT_SEMANTIC_EXECUTION_PROOF"
"src/Jularr.Web/Features/Artwork/AnimeArtworkSourceResolver.cs","Artwork","AppDbContext source reference","MIGRATE_READ_TO_SERVICE_OR_MUTATION_TO_LOGIC_AFTER_CALLPATH_VERIFICATION","SOURCE_MATCH_NOT_SEMANTIC_EXECUTION_PROOF"
"src/Jularr.Web/Features/Artwork/AnimeMediaFolders.cs","Artwork","AppDbContext source reference","MIGRATE_READ_TO_SERVICE_OR_MUTATION_TO_LOGIC_AFTER_CALLPATH_VERIFICATION","SOURCE_MATCH_NOT_SEMANTIC_EXECUTION_PROOF"
"src/Jularr.Web/Features/Artwork/BesideMediaArtworkStore.cs","Artwork","AppDbContext source reference","MIGRATE_READ_TO_SERVICE_OR_MUTATION_TO_LOGIC_AFTER_CALLPATH_VERIFICATION","SOURCE_MATCH_NOT_SEMANTIC_EXECUTION_PROOF"
"src/Jularr.Web/Features/Artwork/MediaArtworkAssetStore.cs","Artwork","AppDbContext source reference","MIGRATE_READ_TO_SERVICE_OR_MUTATION_TO_LOGIC_AFTER_CALLPATH_VERIFICATION","SOURCE_MATCH_NOT_SEMANTIC_EXECUTION_PROOF"
"src/Jularr.Web/Features/Artwork/ReadingCoverArtwork.cs","Artwork","AppDbContext source reference","MIGRATE_READ_TO_SERVICE_OR_MUTATION_TO_LOGIC_AFTER_CALLPATH_VERIFICATION","SOURCE_MATCH_NOT_SEMANTIC_EXECUTION_PROOF"
"src/Jularr.Web/Features/Audiobooks/AudiobookLibraryService.cs","Audiobooks","AppDbContext source reference","MIGRATE_READ_TO_SERVICE_OR_MUTATION_TO_LOGIC_AFTER_CALLPATH_VERIFICATION","SOURCE_MATCH_NOT_SEMANTIC_EXECUTION_PROOF"
"src/Jularr.Web/Features/Audiobooks/AudiobookMetadata.cs","Audiobooks","AppDbContext source reference","MIGRATE_READ_TO_SERVICE_OR_MUTATION_TO_LOGIC_AFTER_CALLPATH_VERIFICATION","SOURCE_MATCH_NOT_SEMANTIC_EXECUTION_PROOF"
"src/Jularr.Web/Features/Audiobooks/AudiobookProgress.cs","Audiobooks","AppDbContext source reference","MIGRATE_READ_TO_SERVICE_OR_MUTATION_TO_LOGIC_AFTER_CALLPATH_VERIFICATION","SOURCE_MATCH_NOT_SEMANTIC_EXECUTION_PROOF"
"src/Jularr.Web/Features/Audiobooks/AudiobookUpgradeAssessor.cs","Audiobooks","AppDbContext source reference","MIGRATE_READ_TO_SERVICE_OR_MUTATION_TO_LOGIC_AFTER_CALLPATH_VERIFICATION","SOURCE_MATCH_NOT_SEMANTIC_EXECUTION_PROOF"
"src/Jularr.Web/Features/Auth/AdminAccountService.cs","Auth","AppDbContext source reference","MIGRATE_READ_TO_SERVICE_OR_MUTATION_TO_LOGIC_AFTER_CALLPATH_VERIFICATION","SOURCE_MATCH_NOT_SEMANTIC_EXECUTION_PROOF"
"src/Jularr.Web/Features/Auth/OwnerAuthService.cs","Auth","AppDbContext source reference","MIGRATE_READ_TO_SERVICE_OR_MUTATION_TO_LOGIC_AFTER_CALLPATH_VERIFICATION","SOURCE_MATCH_NOT_SEMANTIC_EXECUTION_PROOF"
"src/Jularr.Web/Features/Books/BookAcquisitionExecutor.cs","Books","AppDbContext source reference","MIGRATE_READ_TO_SERVICE_OR_MUTATION_TO_LOGIC_AFTER_CALLPATH_VERIFICATION","SOURCE_MATCH_NOT_SEMANTIC_EXECUTION_PROOF"
"src/Jularr.Web/Features/Books/BookAddStateQuery.cs","Books","AppDbContext source reference","MIGRATE_READ_TO_SERVICE_OR_MUTATION_TO_LOGIC_AFTER_CALLPATH_VERIFICATION","SOURCE_MATCH_NOT_SEMANTIC_EXECUTION_PROOF"
"src/Jularr.Web/Features/Books/BookCatalogService.cs","Books","AppDbContext source reference","MIGRATE_READ_TO_SERVICE_OR_MUTATION_TO_LOGIC_AFTER_CALLPATH_VERIFICATION","SOURCE_MATCH_NOT_SEMANTIC_EXECUTION_PROOF"
"src/Jularr.Web/Features/Books/BookCompletedDownloadImport.cs","Books","AppDbContext source reference","MIGRATE_READ_TO_SERVICE_OR_MUTATION_TO_LOGIC_AFTER_CALLPATH_VERIFICATION","SOURCE_MATCH_NOT_SEMANTIC_EXECUTION_PROOF"
"src/Jularr.Web/Features/Books/BookReaderAnnotations.cs","Books","AppDbContext source reference","MIGRATE_READ_TO_SERVICE_OR_MUTATION_TO_LOGIC_AFTER_CALLPATH_VERIFICATION","SOURCE_MATCH_NOT_SEMANTIC_EXECUTION_PROOF"
"src/Jularr.Web/Features/Books/BookRecommendationService.cs","Books","AppDbContext source reference","MIGRATE_READ_TO_SERVICE_OR_MUTATION_TO_LOGIC_AFTER_CALLPATH_VERIFICATION","SOURCE_MATCH_NOT_SEMANTIC_EXECUTION_PROOF"
"src/Jularr.Web/Features/Books/BookTranslationJobs.cs","Books","AppDbContext source reference","MIGRATE_READ_TO_SERVICE_OR_MUTATION_TO_LOGIC_AFTER_CALLPATH_VERIFICATION","SOURCE_MATCH_NOT_SEMANTIC_EXECUTION_PROOF"
"src/Jularr.Web/Features/Books/BookUpgradeAssessor.cs","Books","AppDbContext source reference","MIGRATE_READ_TO_SERVICE_OR_MUTATION_TO_LOGIC_AFTER_CALLPATH_VERIFICATION","SOURCE_MATCH_NOT_SEMANTIC_EXECUTION_PROOF"
"src/Jularr.Web/Features/Books/BookWorkAdmin.cs","Books","AppDbContext source reference","MIGRATE_READ_TO_SERVICE_OR_MUTATION_TO_LOGIC_AFTER_CALLPATH_VERIFICATION","SOURCE_MATCH_NOT_SEMANTIC_EXECUTION_PROOF"
"src/Jularr.Web/Features/Branding/InstanceBrandingStore.cs","Branding","AppDbContext source reference","MIGRATE_READ_TO_SERVICE_OR_MUTATION_TO_LOGIC_AFTER_CALLPATH_VERIFICATION","SOURCE_MATCH_NOT_SEMANTIC_EXECUTION_PROOF"
"src/Jularr.Web/Features/Calendar/AniListReleaseEventSource.cs","Calendar","AppDbContext source reference","MIGRATE_READ_TO_SERVICE_OR_MUTATION_TO_LOGIC_AFTER_CALLPATH_VERIFICATION","SOURCE_MATCH_NOT_SEMANTIC_EXECUTION_PROOF"
"src/Jularr.Web/Features/Calendar/LibraryReleaseEventSources.cs","Calendar","AppDbContext source reference","MIGRATE_READ_TO_SERVICE_OR_MUTATION_TO_LOGIC_AFTER_CALLPATH_VERIFICATION","SOURCE_MATCH_NOT_SEMANTIC_EXECUTION_PROOF"
"src/Jularr.Web/Features/Calendar/ReleaseCalendarCacheStore.cs","Calendar","AppDbContext source reference","MIGRATE_READ_TO_SERVICE_OR_MUTATION_TO_LOGIC_AFTER_CALLPATH_VERIFICATION","SOURCE_MATCH_NOT_SEMANTIC_EXECUTION_PROOF"
"src/Jularr.Web/Features/Calendar/ReleaseCalendarRefresh.cs","Calendar","AppDbContext source reference","MIGRATE_READ_TO_SERVICE_OR_MUTATION_TO_LOGIC_AFTER_CALLPATH_VERIFICATION","SOURCE_MATCH_NOT_SEMANTIC_EXECUTION_PROOF"
"src/Jularr.Web/Features/ChapterArtwork/ChapterArtworkAutoGenerator.cs","ChapterArtwork","AppDbContext source reference","MIGRATE_READ_TO_SERVICE_OR_MUTATION_TO_LOGIC_AFTER_CALLPATH_VERIFICATION","SOURCE_MATCH_NOT_SEMANTIC_EXECUTION_PROOF"
"src/Jularr.Web/Features/ChapterArtwork/ChapterArtworkService.cs","ChapterArtwork","AppDbContext source reference","MIGRATE_READ_TO_SERVICE_OR_MUTATION_TO_LOGIC_AFTER_CALLPATH_VERIFICATION","SOURCE_MATCH_NOT_SEMANTIC_EXECUTION_PROOF"
"src/Jularr.Web/Features/ChapterArtwork/ChapterArtworkStore.cs","ChapterArtwork","AppDbContext source reference","MIGRATE_READ_TO_SERVICE_OR_MUTATION_TO_LOGIC_AFTER_CALLPATH_VERIFICATION","SOURCE_MATCH_NOT_SEMANTIC_EXECUTION_PROOF"
"src/Jularr.Web/Features/ClientApi/ClientApiOfflineMediaPackageService.cs","ClientApi","AppDbContext source reference","MIGRATE_READ_TO_SERVICE_OR_MUTATION_TO_LOGIC_AFTER_CALLPATH_VERIFICATION","SOURCE_MATCH_NOT_SEMANTIC_EXECUTION_PROOF"
"src/Jularr.Web/Features/ClientApi/ClientApiOfflinePackageOptionsService.cs","ClientApi","AppDbContext source reference","MIGRATE_READ_TO_SERVICE_OR_MUTATION_TO_LOGIC_AFTER_CALLPATH_VERIFICATION","SOURCE_MATCH_NOT_SEMANTIC_EXECUTION_PROOF"
"src/Jularr.Web/Features/ClientApi/ClientApiService.cs","ClientApi","AppDbContext source reference","MIGRATE_READ_TO_SERVICE_OR_MUTATION_TO_LOGIC_AFTER_CALLPATH_VERIFICATION","SOURCE_MATCH_NOT_SEMANTIC_EXECUTION_PROOF"
"src/Jularr.Web/Features/ClientApi/ClientVideoAccessFilter.cs","ClientApi","AppDbContext source reference","MIGRATE_READ_TO_SERVICE_OR_MUTATION_TO_LOGIC_AFTER_CALLPATH_VERIFICATION","SOURCE_MATCH_NOT_SEMANTIC_EXECUTION_PROOF"
"src/Jularr.Web/Features/Collections/CollectionFactsProvider.cs","Collections","AppDbContext source reference","MIGRATE_READ_TO_SERVICE_OR_MUTATION_TO_LOGIC_AFTER_CALLPATH_VERIFICATION","SOURCE_MATCH_NOT_SEMANTIC_EXECUTION_PROOF"
"src/Jularr.Web/Features/Collections/CollectionRegistration.cs","Collections","AppDbContext source reference","MIGRATE_READ_TO_SERVICE_OR_MUTATION_TO_LOGIC_AFTER_CALLPATH_VERIFICATION","SOURCE_MATCH_NOT_SEMANTIC_EXECUTION_PROOF"
"src/Jularr.Web/Features/Collections/CollectionService.cs","Collections","AppDbContext source reference","MIGRATE_READ_TO_SERVICE_OR_MUTATION_TO_LOGIC_AFTER_CALLPATH_VERIFICATION","SOURCE_MATCH_NOT_SEMANTIC_EXECUTION_PROOF"
"src/Jularr.Web/Features/Collections/CollectionStore.cs","Collections","AppDbContext source reference","MIGRATE_READ_TO_SERVICE_OR_MUTATION_TO_LOGIC_AFTER_CALLPATH_VERIFICATION","SOURCE_MATCH_NOT_SEMANTIC_EXECUTION_PROOF"
"src/Jularr.Web/Features/Devices/KnownDeviceRegistry.cs","Devices","AppDbContext source reference","MIGRATE_READ_TO_SERVICE_OR_MUTATION_TO_LOGIC_AFTER_CALLPATH_VERIFICATION","SOURCE_MATCH_NOT_SEMANTIC_EXECUTION_PROOF"
"src/Jularr.Web/Features/Discovery/DiscoveryCoordinator.cs","Discovery","AppDbContext source reference","MIGRATE_READ_TO_SERVICE_OR_MUTATION_TO_LOGIC_AFTER_CALLPATH_VERIFICATION","SOURCE_MATCH_NOT_SEMANTIC_EXECUTION_PROOF"
"src/Jularr.Web/Features/Discovery/DiscoverySnapshotStore.cs","Discovery","AppDbContext source reference","MIGRATE_READ_TO_SERVICE_OR_MUTATION_TO_LOGIC_AFTER_CALLPATH_VERIFICATION","SOURCE_MATCH_NOT_SEMANTIC_EXECUTION_PROOF"
"src/Jularr.Web/Features/Discovery/TmdbDiscoveryProvider.cs","Discovery","AppDbContext source reference","MIGRATE_READ_TO_SERVICE_OR_MUTATION_TO_LOGIC_AFTER_CALLPATH_VERIFICATION","SOURCE_MATCH_NOT_SEMANTIC_EXECUTION_PROOF"
"src/Jularr.Web/Features/Events/EventLogStore.cs","Events","AppDbContext source reference","MIGRATE_READ_TO_SERVICE_OR_MUTATION_TO_LOGIC_AFTER_CALLPATH_VERIFICATION","SOURCE_MATCH_NOT_SEMANTIC_EXECUTION_PROOF"
"src/Jularr.Web/Features/Franchises/FranchiseStore.cs","Franchises","AppDbContext source reference","MIGRATE_READ_TO_SERVICE_OR_MUTATION_TO_LOGIC_AFTER_CALLPATH_VERIFICATION","SOURCE_MATCH_NOT_SEMANTIC_EXECUTION_PROOF"
"src/Jularr.Web/Features/Franchises/MediaRelationStore.cs","Franchises","AppDbContext source reference","MIGRATE_READ_TO_SERVICE_OR_MUTATION_TO_LOGIC_AFTER_CALLPATH_VERIFICATION","SOURCE_MATCH_NOT_SEMANTIC_EXECUTION_PROOF"
"src/Jularr.Web/Features/Games/GamesModelConfiguration.cs","Games","AppDbContext source reference","MIGRATE_READ_TO_SERVICE_OR_MUTATION_TO_LOGIC_AFTER_CALLPATH_VERIFICATION","SOURCE_MATCH_NOT_SEMANTIC_EXECUTION_PROOF"
"src/Jularr.Web/Features/Health/SystemHealthService.cs","Health","AppDbContext source reference","MIGRATE_READ_TO_SERVICE_OR_MUTATION_TO_LOGIC_AFTER_CALLPATH_VERIFICATION","SOURCE_MATCH_NOT_SEMANTIC_EXECUTION_PROOF"
"src/Jularr.Web/Features/Home/HomeLayoutStore.cs","Home","AppDbContext source reference","MIGRATE_READ_TO_SERVICE_OR_MUTATION_TO_LOGIC_AFTER_CALLPATH_VERIFICATION","SOURCE_MATCH_NOT_SEMANTIC_EXECUTION_PROOF"
"src/Jularr.Web/Features/InstantPlay/VideoPlaybackFactsQuery.cs","InstantPlay","AppDbContext source reference","MIGRATE_READ_TO_SERVICE_OR_MUTATION_TO_LOGIC_AFTER_CALLPATH_VERIFICATION","SOURCE_MATCH_NOT_SEMANTIC_EXECUTION_PROOF"
"src/Jularr.Web/Features/Kana/KanaLearningService.cs","Kana","AppDbContext source reference","MIGRATE_READ_TO_SERVICE_OR_MUTATION_TO_LOGIC_AFTER_CALLPATH_VERIFICATION","SOURCE_MATCH_NOT_SEMANTIC_EXECUTION_PROOF"
"src/Jularr.Web/Features/Learning/Courses/LearningContentLanguageResolver.cs","Learning","AppDbContext source reference","MIGRATE_READ_TO_SERVICE_OR_MUTATION_TO_LOGIC_AFTER_CALLPATH_VERIFICATION","SOURCE_MATCH_NOT_SEMANTIC_EXECUTION_PROOF"
"src/Jularr.Web/Features/Learning/Courses/LearningCourseStore.cs","Learning","AppDbContext source reference","MIGRATE_READ_TO_SERVICE_OR_MUTATION_TO_LOGIC_AFTER_CALLPATH_VERIFICATION","SOURCE_MATCH_NOT_SEMANTIC_EXECUTION_PROOF"
"src/Jularr.Web/Features/Learning/Curriculum/CurriculumBlueprintService.cs","Learning","AppDbContext source reference","MIGRATE_READ_TO_SERVICE_OR_MUTATION_TO_LOGIC_AFTER_CALLPATH_VERIFICATION","SOURCE_MATCH_NOT_SEMANTIC_EXECUTION_PROOF"
"src/Jularr.Web/Features/Learning/Curriculum/CurriculumRegistration.cs","Learning","AppDbContext source reference","MIGRATE_READ_TO_SERVICE_OR_MUTATION_TO_LOGIC_AFTER_CALLPATH_VERIFICATION","SOURCE_MATCH_NOT_SEMANTIC_EXECUTION_PROOF"
"src/Jularr.Web/Features/Learning/Curriculum/SharedCourseService.cs","Learning","AppDbContext source reference","MIGRATE_READ_TO_SERVICE_OR_MUTATION_TO_LOGIC_AFTER_CALLPATH_VERIFICATION","SOURCE_MATCH_NOT_SEMANTIC_EXECUTION_PROOF"
"src/Jularr.Web/Features/Learning/LanguageAssistance/LanguageInspectorService.cs","Learning","AppDbContext source reference","MIGRATE_READ_TO_SERVICE_OR_MUTATION_TO_LOGIC_AFTER_CALLPATH_VERIFICATION","SOURCE_MATCH_NOT_SEMANTIC_EXECUTION_PROOF"
"src/Jularr.Web/Features/Learning/LearningConfiguration.cs","Learning","AppDbContext source reference","MIGRATE_READ_TO_SERVICE_OR_MUTATION_TO_LOGIC_AFTER_CALLPATH_VERIFICATION","SOURCE_MATCH_NOT_SEMANTIC_EXECUTION_PROOF"
"src/Jularr.Web/Features/Learning/LearningModules.cs","Learning","AppDbContext source reference","MIGRATE_READ_TO_SERVICE_OR_MUTATION_TO_LOGIC_AFTER_CALLPATH_VERIFICATION","SOURCE_MATCH_NOT_SEMANTIC_EXECUTION_PROOF"
"src/Jularr.Web/Features/Learning/LearningQueries.cs","Learning","AppDbContext source reference","MIGRATE_READ_TO_SERVICE_OR_MUTATION_TO_LOGIC_AFTER_CALLPATH_VERIFICATION","SOURCE_MATCH_NOT_SEMANTIC_EXECUTION_PROOF"
"src/Jularr.Web/Features/Learning/LearningService.cs","Learning","AppDbContext source reference","MIGRATE_READ_TO_SERVICE_OR_MUTATION_TO_LOGIC_AFTER_CALLPATH_VERIFICATION","SOURCE_MATCH_NOT_SEMANTIC_EXECUTION_PROOF"
"src/Jularr.Web/Features/Learning/Sentences/SentencePracticeService.cs","Learning","AppDbContext source reference","MIGRATE_READ_TO_SERVICE_OR_MUTATION_TO_LOGIC_AFTER_CALLPATH_VERIFICATION","SOURCE_MATCH_NOT_SEMANTIC_EXECUTION_PROOF"
"src/Jularr.Web/Features/Library/AdminMediaDetailService.cs","Library","AppDbContext source reference","MIGRATE_READ_TO_SERVICE_OR_MUTATION_TO_LOGIC_AFTER_CALLPATH_VERIFICATION","SOURCE_MATCH_NOT_SEMANTIC_EXECUTION_PROOF"
"src/Jularr.Web/Features/Library/AdminVideoMediaDetail.cs","Library","AppDbContext source reference","MIGRATE_READ_TO_SERVICE_OR_MUTATION_TO_LOGIC_AFTER_CALLPATH_VERIFICATION","SOURCE_MATCH_NOT_SEMANTIC_EXECUTION_PROOF"
"src/Jularr.Web/Features/Library/AnimeEpisodeMediaQuery.cs","Library","AppDbContext source reference","MIGRATE_READ_TO_SERVICE_OR_MUTATION_TO_LOGIC_AFTER_CALLPATH_VERIFICATION","SOURCE_MATCH_NOT_SEMANTIC_EXECUTION_PROOF"
"src/Jularr.Web/Features/Library/AnimeRepairService.cs","Library","AppDbContext source reference","MIGRATE_READ_TO_SERVICE_OR_MUTATION_TO_LOGIC_AFTER_CALLPATH_VERIFICATION","SOURCE_MATCH_NOT_SEMANTIC_EXECUTION_PROOF"
"src/Jularr.Web/Features/Library/CanonicalMediaStorage.cs","Library","AppDbContext source reference","MIGRATE_READ_TO_SERVICE_OR_MUTATION_TO_LOGIC_AFTER_CALLPATH_VERIFICATION","SOURCE_MATCH_NOT_SEMANTIC_EXECUTION_PROOF"
"src/Jularr.Web/Features/Library/HomeVideoQuery.cs","Library","AppDbContext source reference","MIGRATE_READ_TO_SERVICE_OR_MUTATION_TO_LOGIC_AFTER_CALLPATH_VERIFICATION","SOURCE_MATCH_NOT_SEMANTIC_EXECUTION_PROOF"
"src/Jularr.Web/Features/Library/LibraryMediaCardQuery.cs","Library","AppDbContext source reference","MIGRATE_READ_TO_SERVICE_OR_MUTATION_TO_LOGIC_AFTER_CALLPATH_VERIFICATION","SOURCE_MATCH_NOT_SEMANTIC_EXECUTION_PROOF"
"src/Jularr.Web/Features/Library/LibraryRootQueries.cs","Library","AppDbContext source reference","MIGRATE_READ_TO_SERVICE_OR_MUTATION_TO_LOGIC_AFTER_CALLPATH_VERIFICATION","SOURCE_MATCH_NOT_SEMANTIC_EXECUTION_PROOF"
"src/Jularr.Web/Features/Library/LibraryScanCoordinator.cs","Library","AppDbContext source reference","MIGRATE_READ_TO_SERVICE_OR_MUTATION_TO_LOGIC_AFTER_CALLPATH_VERIFICATION","SOURCE_MATCH_NOT_SEMANTIC_EXECUTION_PROOF"
"src/Jularr.Web/Features/Library/LibraryScanner.cs","Library","AppDbContext source reference","MIGRATE_READ_TO_SERVICE_OR_MUTATION_TO_LOGIC_AFTER_CALLPATH_VERIFICATION","SOURCE_MATCH_NOT_SEMANTIC_EXECUTION_PROOF"
"src/Jularr.Web/Features/Library/LibraryStartupScanService.cs","Library","AppDbContext source reference","MIGRATE_READ_TO_SERVICE_OR_MUTATION_TO_LOGIC_AFTER_CALLPATH_VERIFICATION","SOURCE_MATCH_NOT_SEMANTIC_EXECUTION_PROOF"
"src/Jularr.Web/Features/Library/LibraryWatchService.cs","Library","AppDbContext source reference","MIGRATE_READ_TO_SERVICE_OR_MUTATION_TO_LOGIC_AFTER_CALLPATH_VERIFICATION","SOURCE_MATCH_NOT_SEMANTIC_EXECUTION_PROOF"
"src/Jularr.Web/Features/Library/MediaFileReanalysisService.cs","Library","AppDbContext source reference","MIGRATE_READ_TO_SERVICE_OR_MUTATION_TO_LOGIC_AFTER_CALLPATH_VERIFICATION","SOURCE_MATCH_NOT_SEMANTIC_EXECUTION_PROOF"
"src/Jularr.Web/Features/Library/MediaInventoryService.cs","Library","AppDbContext source reference","MIGRATE_READ_TO_SERVICE_OR_MUTATION_TO_LOGIC_AFTER_CALLPATH_VERIFICATION","SOURCE_MATCH_NOT_SEMANTIC_EXECUTION_PROOF"
"src/Jularr.Web/Features/Library/VideoDetail.cs","Library","AppDbContext source reference","MIGRATE_READ_TO_SERVICE_OR_MUTATION_TO_LOGIC_AFTER_CALLPATH_VERIFICATION","SOURCE_MATCH_NOT_SEMANTIC_EXECUTION_PROOF"
"src/Jularr.Web/Features/Localization/UiRequestLocalization.cs","Localization","AppDbContext source reference","MIGRATE_READ_TO_SERVICE_OR_MUTATION_TO_LOGIC_AFTER_CALLPATH_VERIFICATION","SOURCE_MATCH_NOT_SEMANTIC_EXECUTION_PROOF"
"src/Jularr.Web/Features/Localization/UiTranslationCatalogStore.cs","Localization","AppDbContext source reference","MIGRATE_READ_TO_SERVICE_OR_MUTATION_TO_LOGIC_AFTER_CALLPATH_VERIFICATION","SOURCE_MATCH_NOT_SEMANTIC_EXECUTION_PROOF"
"src/Jularr.Web/Features/Manga/MangaArtworkFolders.cs","Manga","AppDbContext source reference","MIGRATE_READ_TO_SERVICE_OR_MUTATION_TO_LOGIC_AFTER_CALLPATH_VERIFICATION","SOURCE_MATCH_NOT_SEMANTIC_EXECUTION_PROOF"
"src/Jularr.Web/Features/Manga/MangaReaderPreferences.cs","Manga","AppDbContext source reference","MIGRATE_READ_TO_SERVICE_OR_MUTATION_TO_LOGIC_AFTER_CALLPATH_VERIFICATION","SOURCE_MATCH_NOT_SEMANTIC_EXECUTION_PROOF"
"src/Jularr.Web/Features/Manga/MangaRepository.cs","Manga","AppDbContext source reference","MIGRATE_READ_TO_SERVICE_OR_MUTATION_TO_LOGIC_AFTER_CALLPATH_VERIFICATION","SOURCE_MATCH_NOT_SEMANTIC_EXECUTION_PROOF"
"src/Jularr.Web/Features/Mapping/AnimeMappingApplyService.cs","Mapping","AppDbContext source reference","MIGRATE_READ_TO_SERVICE_OR_MUTATION_TO_LOGIC_AFTER_CALLPATH_VERIFICATION","SOURCE_MATCH_NOT_SEMANTIC_EXECUTION_PROOF"
"src/Jularr.Web/Features/Mapping/MappingAuditStore.cs","Mapping","AppDbContext source reference","MIGRATE_READ_TO_SERVICE_OR_MUTATION_TO_LOGIC_AFTER_CALLPATH_VERIFICATION","SOURCE_MATCH_NOT_SEMANTIC_EXECUTION_PROOF"
"src/Jularr.Web/Features/Mapping/ProviderRoleAssignmentStore.cs","Mapping","AppDbContext source reference","MIGRATE_READ_TO_SERVICE_OR_MUTATION_TO_LOGIC_AFTER_CALLPATH_VERIFICATION","SOURCE_MATCH_NOT_SEMANTIC_EXECUTION_PROOF"
"src/Jularr.Web/Features/Media/Optimization/MediaContainerOptimizer.cs","Media","AppDbContext source reference","MIGRATE_READ_TO_SERVICE_OR_MUTATION_TO_LOGIC_AFTER_CALLPATH_VERIFICATION","SOURCE_MATCH_NOT_SEMANTIC_EXECUTION_PROOF"
"src/Jularr.Web/Features/MediaCore/AudiobookEditions.cs","MediaCore","AppDbContext source reference","MIGRATE_READ_TO_SERVICE_OR_MUTATION_TO_LOGIC_AFTER_CALLPATH_VERIFICATION","SOURCE_MATCH_NOT_SEMANTIC_EXECUTION_PROOF"
"src/Jularr.Web/Features/MediaCore/LegacyWorkBridge.cs","MediaCore","AppDbContext source reference","MIGRATE_READ_TO_SERVICE_OR_MUTATION_TO_LOGIC_AFTER_CALLPATH_VERIFICATION","SOURCE_MATCH_NOT_SEMANTIC_EXECUTION_PROOF"
"src/Jularr.Web/Features/MediaCore/MediaCoreRegistration.cs","MediaCore","AppDbContext source reference","MIGRATE_READ_TO_SERVICE_OR_MUTATION_TO_LOGIC_AFTER_CALLPATH_VERIFICATION","SOURCE_MATCH_NOT_SEMANTIC_EXECUTION_PROOF"
"src/Jularr.Web/Features/MediaCore/ReadingUnits.cs","MediaCore","AppDbContext source reference","MIGRATE_READ_TO_SERVICE_OR_MUTATION_TO_LOGIC_AFTER_CALLPATH_VERIFICATION","SOURCE_MATCH_NOT_SEMANTIC_EXECUTION_PROOF"
"src/Jularr.Web/Features/MediaCore/WorkMetadataLocales.cs","MediaCore","AppDbContext source reference","MIGRATE_READ_TO_SERVICE_OR_MUTATION_TO_LOGIC_AFTER_CALLPATH_VERIFICATION","SOURCE_MATCH_NOT_SEMANTIC_EXECUTION_PROOF"
"src/Jularr.Web/Features/MediaCore/WorkMetadataStore.cs","MediaCore","AppDbContext source reference","MIGRATE_READ_TO_SERVICE_OR_MUTATION_TO_LOGIC_AFTER_CALLPATH_VERIFICATION","SOURCE_MATCH_NOT_SEMANTIC_EXECUTION_PROOF"
"src/Jularr.Web/Features/MediaCore/WorkQueryService.cs","MediaCore","AppDbContext source reference","MIGRATE_READ_TO_SERVICE_OR_MUTATION_TO_LOGIC_AFTER_CALLPATH_VERIFICATION","SOURCE_MATCH_NOT_SEMANTIC_EXECUTION_PROOF"
"src/Jularr.Web/Features/MediaCore/WorkService.cs","MediaCore","AppDbContext source reference","MIGRATE_READ_TO_SERVICE_OR_MUTATION_TO_LOGIC_AFTER_CALLPATH_VERIFICATION","SOURCE_MATCH_NOT_SEMANTIC_EXECUTION_PROOF"
"src/Jularr.Web/Features/MediaCore/WorkStructureService.cs","MediaCore","AppDbContext source reference","MIGRATE_READ_TO_SERVICE_OR_MUTATION_TO_LOGIC_AFTER_CALLPATH_VERIFICATION","SOURCE_MATCH_NOT_SEMANTIC_EXECUTION_PROOF"
"src/Jularr.Web/Features/MediaFacts/MediaFactsService.cs","MediaFacts","AppDbContext source reference","MIGRATE_READ_TO_SERVICE_OR_MUTATION_TO_LOGIC_AFTER_CALLPATH_VERIFICATION","SOURCE_MATCH_NOT_SEMANTIC_EXECUTION_PROOF"
"src/Jularr.Web/Features/MediaSegments/MediaSegmentService.cs","MediaSegments","AppDbContext source reference","MIGRATE_READ_TO_SERVICE_OR_MUTATION_TO_LOGIC_AFTER_CALLPATH_VERIFICATION","SOURCE_MATCH_NOT_SEMANTIC_EXECUTION_PROOF"
"src/Jularr.Web/Features/MediaSegments/MediaSegmentSidecar.cs","MediaSegments","AppDbContext source reference","MIGRATE_READ_TO_SERVICE_OR_MUTATION_TO_LOGIC_AFTER_CALLPATH_VERIFICATION","SOURCE_MATCH_NOT_SEMANTIC_EXECUTION_PROOF"
"src/Jularr.Web/Features/MediaSegments/SeasonSegmentDetectionQueue.cs","MediaSegments","AppDbContext source reference","MIGRATE_READ_TO_SERVICE_OR_MUTATION_TO_LOGIC_AFTER_CALLPATH_VERIFICATION","SOURCE_MATCH_NOT_SEMANTIC_EXECUTION_PROOF"
"src/Jularr.Web/Features/Metadata/AnimeMetadataService.cs","Metadata","AppDbContext source reference","MIGRATE_READ_TO_SERVICE_OR_MUTATION_TO_LOGIC_AFTER_CALLPATH_VERIFICATION","SOURCE_MATCH_NOT_SEMANTIC_EXECUTION_PROOF"
"src/Jularr.Web/Features/Metadata/WorkMetadataRefresher.cs","Metadata","AppDbContext source reference","MIGRATE_READ_TO_SERVICE_OR_MUTATION_TO_LOGIC_AFTER_CALLPATH_VERIFICATION","SOURCE_MATCH_NOT_SEMANTIC_EXECUTION_PROOF"
"src/Jularr.Web/Features/Monitoring/MonitoringCommands.cs","Monitoring","AppDbContext source reference","MIGRATE_READ_TO_SERVICE_OR_MUTATION_TO_LOGIC_AFTER_CALLPATH_VERIFICATION","SOURCE_MATCH_NOT_SEMANTIC_EXECUTION_PROOF"
"src/Jularr.Web/Features/Monitoring/MonitoringEndpoints.cs","Monitoring","AppDbContext source reference","MIGRATE_READ_TO_SERVICE_OR_MUTATION_TO_LOGIC_AFTER_CALLPATH_VERIFICATION","SOURCE_MATCH_NOT_SEMANTIC_EXECUTION_PROOF"
"src/Jularr.Web/Features/Monitoring/MonitoringResolver.cs","Monitoring","AppDbContext source reference","MIGRATE_READ_TO_SERVICE_OR_MUTATION_TO_LOGIC_AFTER_CALLPATH_VERIFICATION","SOURCE_MATCH_NOT_SEMANTIC_EXECUTION_PROOF"
"src/Jularr.Web/Features/Movies/MovieLibraryService.cs","Movies","AppDbContext source reference","MIGRATE_READ_TO_SERVICE_OR_MUTATION_TO_LOGIC_AFTER_CALLPATH_VERIFICATION","SOURCE_MATCH_NOT_SEMANTIC_EXECUTION_PROOF"
"src/Jularr.Web/Features/Music/MusicAcquisition.cs","Music","AppDbContext source reference","MIGRATE_READ_TO_SERVICE_OR_MUTATION_TO_LOGIC_AFTER_CALLPATH_VERIFICATION","SOURCE_MATCH_NOT_SEMANTIC_EXECUTION_PROOF"
"src/Jularr.Web/Features/Music/MusicCompletedDownloadImportAdapter.cs","Music","AppDbContext source reference","MIGRATE_READ_TO_SERVICE_OR_MUTATION_TO_LOGIC_AFTER_CALLPATH_VERIFICATION","SOURCE_MATCH_NOT_SEMANTIC_EXECUTION_PROOF"
"src/Jularr.Web/Features/Music/MusicLibraryService.cs","Music","AppDbContext source reference","MIGRATE_READ_TO_SERVICE_OR_MUTATION_TO_LOGIC_AFTER_CALLPATH_VERIFICATION","SOURCE_MATCH_NOT_SEMANTIC_EXECUTION_PROOF"
"src/Jularr.Web/Features/Music/MusicManualSearchService.cs","Music","AppDbContext source reference","MIGRATE_READ_TO_SERVICE_OR_MUTATION_TO_LOGIC_AFTER_CALLPATH_VERIFICATION","SOURCE_MATCH_NOT_SEMANTIC_EXECUTION_PROOF"
"src/Jularr.Web/Features/Music/MusicQuery.cs","Music","AppDbContext source reference","MIGRATE_READ_TO_SERVICE_OR_MUTATION_TO_LOGIC_AFTER_CALLPATH_VERIFICATION","SOURCE_MATCH_NOT_SEMANTIC_EXECUTION_PROOF"
"src/Jularr.Web/Features/Music/MusicRequestDrafter.cs","Music","AppDbContext source reference","MIGRATE_READ_TO_SERVICE_OR_MUTATION_TO_LOGIC_AFTER_CALLPATH_VERIFICATION","SOURCE_MATCH_NOT_SEMANTIC_EXECUTION_PROOF"
"src/Jularr.Web/Features/Music/MusicWantedSource.cs","Music","AppDbContext source reference","MIGRATE_READ_TO_SERVICE_OR_MUTATION_TO_LOGIC_AFTER_CALLPATH_VERIFICATION","SOURCE_MATCH_NOT_SEMANTIC_EXECUTION_PROOF"
"src/Jularr.Web/Features/Notifications/NotificationDispatcher.cs","Notifications","AppDbContext source reference","MIGRATE_READ_TO_SERVICE_OR_MUTATION_TO_LOGIC_AFTER_CALLPATH_VERIFICATION","SOURCE_MATCH_NOT_SEMANTIC_EXECUTION_PROOF"
"src/Jularr.Web/Features/Notifications/NotificationStore.cs","Notifications","AppDbContext source reference","MIGRATE_READ_TO_SERVICE_OR_MUTATION_TO_LOGIC_AFTER_CALLPATH_VERIFICATION","SOURCE_MATCH_NOT_SEMANTIC_EXECUTION_PROOF"
"src/Jularr.Web/Features/Notifications/NotificationSubscriptionStore.cs","Notifications","AppDbContext source reference","MIGRATE_READ_TO_SERVICE_OR_MUTATION_TO_LOGIC_AFTER_CALLPATH_VERIFICATION","SOURCE_MATCH_NOT_SEMANTIC_EXECUTION_PROOF"
"src/Jularr.Web/Features/Novels/NovelAiServices.cs","Novels","AppDbContext source reference","MIGRATE_READ_TO_SERVICE_OR_MUTATION_TO_LOGIC_AFTER_CALLPATH_VERIFICATION","SOURCE_MATCH_NOT_SEMANTIC_EXECUTION_PROOF"
"src/Jularr.Web/Features/Novels/NovelAnnotationService.cs","Novels","AppDbContext source reference","MIGRATE_READ_TO_SERVICE_OR_MUTATION_TO_LOGIC_AFTER_CALLPATH_VERIFICATION","SOURCE_MATCH_NOT_SEMANTIC_EXECUTION_PROOF"
"src/Jularr.Web/Features/Novels/NovelArtworkFolders.cs","Novels","AppDbContext source reference","MIGRATE_READ_TO_SERVICE_OR_MUTATION_TO_LOGIC_AFTER_CALLPATH_VERIFICATION","SOURCE_MATCH_NOT_SEMANTIC_EXECUTION_PROOF"
"src/Jularr.Web/Features/Novels/NovelCatalogQueries.cs","Novels","AppDbContext source reference","MIGRATE_READ_TO_SERVICE_OR_MUTATION_TO_LOGIC_AFTER_CALLPATH_VERIFICATION","SOURCE_MATCH_NOT_SEMANTIC_EXECUTION_PROOF"
"src/Jularr.Web/Features/Novels/NovelChapterText.cs","Novels","AppDbContext source reference","MIGRATE_READ_TO_SERVICE_OR_MUTATION_TO_LOGIC_AFTER_CALLPATH_VERIFICATION","SOURCE_MATCH_NOT_SEMANTIC_EXECUTION_PROOF"
"src/Jularr.Web/Features/Novels/NovelEpubImportService.cs","Novels","AppDbContext source reference","MIGRATE_READ_TO_SERVICE_OR_MUTATION_TO_LOGIC_AFTER_CALLPATH_VERIFICATION","SOURCE_MATCH_NOT_SEMANTIC_EXECUTION_PROOF"
"src/Jularr.Web/Features/Novels/NovelImportService.cs","Novels","AppDbContext source reference","MIGRATE_READ_TO_SERVICE_OR_MUTATION_TO_LOGIC_AFTER_CALLPATH_VERIFICATION","SOURCE_MATCH_NOT_SEMANTIC_EXECUTION_PROOF"
"src/Jularr.Web/Features/Novels/NovelMetadataService.cs","Novels","AppDbContext source reference","MIGRATE_READ_TO_SERVICE_OR_MUTATION_TO_LOGIC_AFTER_CALLPATH_VERIFICATION","SOURCE_MATCH_NOT_SEMANTIC_EXECUTION_PROOF"
"src/Jularr.Web/Features/Novels/NovelProgressService.cs","Novels","AppDbContext source reference","MIGRATE_READ_TO_SERVICE_OR_MUTATION_TO_LOGIC_AFTER_CALLPATH_VERIFICATION","SOURCE_MATCH_NOT_SEMANTIC_EXECUTION_PROOF"
"src/Jularr.Web/Features/Novels/NovelVolumeContent.cs","Novels","AppDbContext source reference","MIGRATE_READ_TO_SERVICE_OR_MUTATION_TO_LOGIC_AFTER_CALLPATH_VERIFICATION","SOURCE_MATCH_NOT_SEMANTIC_EXECUTION_PROOF"
"src/Jularr.Web/Features/OfflineLibrary/OfflineLibraryQueries.cs","OfflineLibrary","AppDbContext source reference","MIGRATE_READ_TO_SERVICE_OR_MUTATION_TO_LOGIC_AFTER_CALLPATH_VERIFICATION","SOURCE_MATCH_NOT_SEMANTIC_EXECUTION_PROOF"
"src/Jularr.Web/Features/OfflineLibrary/OfflineLibrarySync.cs","OfflineLibrary","AppDbContext source reference","MIGRATE_READ_TO_SERVICE_OR_MUTATION_TO_LOGIC_AFTER_CALLPATH_VERIFICATION","SOURCE_MATCH_NOT_SEMANTIC_EXECUTION_PROOF"
"src/Jularr.Web/Features/OfflineLibrary/OfflinePrefetchCandidateSource.cs","OfflineLibrary","AppDbContext source reference","MIGRATE_READ_TO_SERVICE_OR_MUTATION_TO_LOGIC_AFTER_CALLPATH_VERIFICATION","SOURCE_MATCH_NOT_SEMANTIC_EXECUTION_PROOF"
"src/Jularr.Web/Features/Operations/OperationRunner.cs","Operations","AppDbContext source reference","MIGRATE_READ_TO_SERVICE_OR_MUTATION_TO_LOGIC_AFTER_CALLPATH_VERIFICATION","SOURCE_MATCH_NOT_SEMANTIC_EXECUTION_PROOF"
"src/Jularr.Web/Features/Operations/OperationStore.cs","Operations","AppDbContext source reference","MIGRATE_READ_TO_SERVICE_OR_MUTATION_TO_LOGIC_AFTER_CALLPATH_VERIFICATION","SOURCE_MATCH_NOT_SEMANTIC_EXECUTION_PROOF"
"src/Jularr.Web/Features/Operations/SabnzbdOperationMonitor.cs","Operations","AppDbContext source reference","MIGRATE_READ_TO_SERVICE_OR_MUTATION_TO_LOGIC_AFTER_CALLPATH_VERIFICATION","SOURCE_MATCH_NOT_SEMANTIC_EXECUTION_PROOF"
"src/Jularr.Web/Features/Performance/DatabaseDiagnostics.cs","Performance","AppDbContext source reference","MIGRATE_READ_TO_SERVICE_OR_MUTATION_TO_LOGIC_AFTER_CALLPATH_VERIFICATION","SOURCE_MATCH_NOT_SEMANTIC_EXECUTION_PROOF"
"src/Jularr.Web/Features/Playback/Decision/CanonicalPlayerNavigationAssetService.cs","Playback","AppDbContext source reference","MIGRATE_READ_TO_SERVICE_OR_MUTATION_TO_LOGIC_AFTER_CALLPATH_VERIFICATION","SOURCE_MATCH_NOT_SEMANTIC_EXECUTION_PROOF"
"src/Jularr.Web/Features/Playback/Decision/CanonicalVideoPlayerService.cs","Playback","AppDbContext source reference","MIGRATE_READ_TO_SERVICE_OR_MUTATION_TO_LOGIC_AFTER_CALLPATH_VERIFICATION","SOURCE_MATCH_NOT_SEMANTIC_EXECUTION_PROOF"
"src/Jularr.Web/Features/Playback/Decision/PlaybackPlanService.cs","Playback","AppDbContext source reference","MIGRATE_READ_TO_SERVICE_OR_MUTATION_TO_LOGIC_AFTER_CALLPATH_VERIFICATION","SOURCE_MATCH_NOT_SEMANTIC_EXECUTION_PROOF"
"src/Jularr.Web/Features/Playback/PlaybackPreparation.cs","Playback","AppDbContext source reference","MIGRATE_READ_TO_SERVICE_OR_MUTATION_TO_LOGIC_AFTER_CALLPATH_VERIFICATION","SOURCE_MATCH_NOT_SEMANTIC_EXECUTION_PROOF"
"src/Jularr.Web/Features/Playback/PlaybackService.cs","Playback","AppDbContext source reference","MIGRATE_READ_TO_SERVICE_OR_MUTATION_TO_LOGIC_AFTER_CALLPATH_VERIFICATION","SOURCE_MATCH_NOT_SEMANTIC_EXECUTION_PROOF"
"src/Jularr.Web/Features/Presentation/PresentationGroupStore.cs","Presentation","AppDbContext source reference","MIGRATE_READ_TO_SERVICE_OR_MUTATION_TO_LOGIC_AFTER_CALLPATH_VERIFICATION","SOURCE_MATCH_NOT_SEMANTIC_EXECUTION_PROOF"
"src/Jularr.Web/Features/Progress/ActiveSession.cs","Progress","AppDbContext source reference","MIGRATE_READ_TO_SERVICE_OR_MUTATION_TO_LOGIC_AFTER_CALLPATH_VERIFICATION","SOURCE_MATCH_NOT_SEMANTIC_EXECUTION_PROOF"
"src/Jularr.Web/Features/Progress/EpisodeProgress.cs","Progress","AppDbContext source reference","MIGRATE_READ_TO_SERVICE_OR_MUTATION_TO_LOGIC_AFTER_CALLPATH_VERIFICATION","SOURCE_MATCH_NOT_SEMANTIC_EXECUTION_PROOF"
"src/Jularr.Web/Features/Progress/VideoProgress.cs","Progress","AppDbContext source reference","MIGRATE_READ_TO_SERVICE_OR_MUTATION_TO_LOGIC_AFTER_CALLPATH_VERIFICATION","SOURCE_MATCH_NOT_SEMANTIC_EXECUTION_PROOF"
"src/Jularr.Web/Features/ReaderCore/ReaderTextSearch.cs","ReaderCore","AppDbContext source reference","MIGRATE_READ_TO_SERVICE_OR_MUTATION_TO_LOGIC_AFTER_CALLPATH_VERIFICATION","SOURCE_MATCH_NOT_SEMANTIC_EXECUTION_PROOF"
"src/Jularr.Web/Features/ReaderPreferences/ReaderPreferences.cs","ReaderPreferences","AppDbContext source reference","MIGRATE_READ_TO_SERVICE_OR_MUTATION_TO_LOGIC_AFTER_CALLPATH_VERIFICATION","SOURCE_MATCH_NOT_SEMANTIC_EXECUTION_PROOF"
"src/Jularr.Web/Features/Reading/ContinueReadingQuery.cs","Reading","AppDbContext source reference","MIGRATE_READ_TO_SERVICE_OR_MUTATION_TO_LOGIC_AFTER_CALLPATH_VERIFICATION","SOURCE_MATCH_NOT_SEMANTIC_EXECUTION_PROOF"
"src/Jularr.Web/Features/ReadingAcquisition/MangaVersions.cs","ReadingAcquisition","AppDbContext source reference","MIGRATE_READ_TO_SERVICE_OR_MUTATION_TO_LOGIC_AFTER_CALLPATH_VERIFICATION","SOURCE_MATCH_NOT_SEMANTIC_EXECUTION_PROOF"
"src/Jularr.Web/Features/ReadingAcquisition/NovelVersions.cs","ReadingAcquisition","AppDbContext source reference","MIGRATE_READ_TO_SERVICE_OR_MUTATION_TO_LOGIC_AFTER_CALLPATH_VERIFICATION","SOURCE_MATCH_NOT_SEMANTIC_EXECUTION_PROOF"
"src/Jularr.Web/Features/ReadingAcquisition/ReadingCompletedDownloadAdapters.cs","ReadingAcquisition","AppDbContext source reference","MIGRATE_READ_TO_SERVICE_OR_MUTATION_TO_LOGIC_AFTER_CALLPATH_VERIFICATION","SOURCE_MATCH_NOT_SEMANTIC_EXECUTION_PROOF"
"src/Jularr.Web/Features/ReadingAcquisition/ReadingCoverage.cs","ReadingAcquisition","AppDbContext source reference","MIGRATE_READ_TO_SERVICE_OR_MUTATION_TO_LOGIC_AFTER_CALLPATH_VERIFICATION","SOURCE_MATCH_NOT_SEMANTIC_EXECUTION_PROOF"
"src/Jularr.Web/Features/ReadingAcquisition/ReadingImportTies.cs","ReadingAcquisition","AppDbContext source reference","MIGRATE_READ_TO_SERVICE_OR_MUTATION_TO_LOGIC_AFTER_CALLPATH_VERIFICATION","SOURCE_MATCH_NOT_SEMANTIC_EXECUTION_PROOF"
"src/Jularr.Web/Features/ReadingAcquisition/ReadingStructure.cs","ReadingAcquisition","AppDbContext source reference","MIGRATE_READ_TO_SERVICE_OR_MUTATION_TO_LOGIC_AFTER_CALLPATH_VERIFICATION","SOURCE_MATCH_NOT_SEMANTIC_EXECUTION_PROOF"
"src/Jularr.Web/Features/ReadingAcquisition/ReadingWorkAdmin.cs","ReadingAcquisition","AppDbContext source reference","MIGRATE_READ_TO_SERVICE_OR_MUTATION_TO_LOGIC_AFTER_CALLPATH_VERIFICATION","SOURCE_MATCH_NOT_SEMANTIC_EXECUTION_PROOF"
"src/Jularr.Web/Features/Recommendations/MediaRecommendationService.cs","Recommendations","AppDbContext source reference","MIGRATE_READ_TO_SERVICE_OR_MUTATION_TO_LOGIC_AFTER_CALLPATH_VERIFICATION","SOURCE_MATCH_NOT_SEMANTIC_EXECUTION_PROOF"
"src/Jularr.Web/Features/Search/MediaSearchFactsLoader.cs","Search","AppDbContext source reference","MIGRATE_READ_TO_SERVICE_OR_MUTATION_TO_LOGIC_AFTER_CALLPATH_VERIFICATION","SOURCE_MATCH_NOT_SEMANTIC_EXECUTION_PROOF"
"src/Jularr.Web/Features/Search/MediaSearchQuery.cs","Search","AppDbContext source reference","MIGRATE_READ_TO_SERVICE_OR_MUTATION_TO_LOGIC_AFTER_CALLPATH_VERIFICATION","SOURCE_MATCH_NOT_SEMANTIC_EXECUTION_PROOF"
"src/Jularr.Web/Features/Search/MediaSearchService.cs","Search","AppDbContext source reference","MIGRATE_READ_TO_SERVICE_OR_MUTATION_TO_LOGIC_AFTER_CALLPATH_VERIFICATION","SOURCE_MATCH_NOT_SEMANTIC_EXECUTION_PROOF"
"src/Jularr.Web/Features/Sonarr/SonarrImport.cs","Sonarr","AppDbContext source reference","MIGRATE_READ_TO_SERVICE_OR_MUTATION_TO_LOGIC_AFTER_CALLPATH_VERIFICATION","SOURCE_MATCH_NOT_SEMANTIC_EXECUTION_PROOF"
"src/Jularr.Web/Features/Speech/TtsPreferencesService.cs","Speech","AppDbContext source reference","MIGRATE_READ_TO_SERVICE_OR_MUTATION_TO_LOGIC_AFTER_CALLPATH_VERIFICATION","SOURCE_MATCH_NOT_SEMANTIC_EXECUTION_PROOF"
"src/Jularr.Web/Features/Statistics/LearningStatisticsService.cs","Statistics","AppDbContext source reference","MIGRATE_READ_TO_SERVICE_OR_MUTATION_TO_LOGIC_AFTER_CALLPATH_VERIFICATION","SOURCE_MATCH_NOT_SEMANTIC_EXECUTION_PROOF"
"src/Jularr.Web/Features/Storage/Insights/StorageCacheScanner.cs","Storage","AppDbContext source reference","MIGRATE_READ_TO_SERVICE_OR_MUTATION_TO_LOGIC_AFTER_CALLPATH_VERIFICATION","SOURCE_MATCH_NOT_SEMANTIC_EXECUTION_PROOF"
"src/Jularr.Web/Features/Storage/Insights/StorageCleanupService.cs","Storage","AppDbContext source reference","MIGRATE_READ_TO_SERVICE_OR_MUTATION_TO_LOGIC_AFTER_CALLPATH_VERIFICATION","SOURCE_MATCH_NOT_SEMANTIC_EXECUTION_PROOF"
"src/Jularr.Web/Features/Storage/Insights/StorageUsageService.cs","Storage","AppDbContext source reference","MIGRATE_READ_TO_SERVICE_OR_MUTATION_TO_LOGIC_AFTER_CALLPATH_VERIFICATION","SOURCE_MATCH_NOT_SEMANTIC_EXECUTION_PROOF"
"src/Jularr.Web/Features/Storage/LibraryRootRoutingService.cs","Storage","AppDbContext source reference","MIGRATE_READ_TO_SERVICE_OR_MUTATION_TO_LOGIC_AFTER_CALLPATH_VERIFICATION","SOURCE_MATCH_NOT_SEMANTIC_EXECUTION_PROOF"
"src/Jularr.Web/Features/Storage/Reconciliation/LibraryReconciliationPlanService.cs","Storage","AppDbContext source reference","MIGRATE_READ_TO_SERVICE_OR_MUTATION_TO_LOGIC_AFTER_CALLPATH_VERIFICATION","SOURCE_MATCH_NOT_SEMANTIC_EXECUTION_PROOF"
"src/Jularr.Web/Features/Storage/StorageAvailability.cs","Storage","AppDbContext source reference","MIGRATE_READ_TO_SERVICE_OR_MUTATION_TO_LOGIC_AFTER_CALLPATH_VERIFICATION","SOURCE_MATCH_NOT_SEMANTIC_EXECUTION_PROOF"
"src/Jularr.Web/Features/Storage/StorageIntegrity.cs","Storage","AppDbContext source reference","MIGRATE_READ_TO_SERVICE_OR_MUTATION_TO_LOGIC_AFTER_CALLPATH_VERIFICATION","SOURCE_MATCH_NOT_SEMANTIC_EXECUTION_PROOF"
"src/Jularr.Web/Features/StoryContext/StoryContextService.cs","StoryContext","AppDbContext source reference","MIGRATE_READ_TO_SERVICE_OR_MUTATION_TO_LOGIC_AFTER_CALLPATH_VERIFICATION","SOURCE_MATCH_NOT_SEMANTIC_EXECUTION_PROOF"
"src/Jularr.Web/Features/Subtitles/SubtitleCompletenessService.cs","Subtitles","AppDbContext source reference","MIGRATE_READ_TO_SERVICE_OR_MUTATION_TO_LOGIC_AFTER_CALLPATH_VERIFICATION","SOURCE_MATCH_NOT_SEMANTIC_EXECUTION_PROOF"
"src/Jularr.Web/Features/Subtitles/SubtitleImportService.cs","Subtitles","AppDbContext source reference","MIGRATE_READ_TO_SERVICE_OR_MUTATION_TO_LOGIC_AFTER_CALLPATH_VERIFICATION","SOURCE_MATCH_NOT_SEMANTIC_EXECUTION_PROOF"
"src/Jularr.Web/Features/Subtitles/SubtitleLanguageProfileService.cs","Subtitles","AppDbContext source reference","MIGRATE_READ_TO_SERVICE_OR_MUTATION_TO_LOGIC_AFTER_CALLPATH_VERIFICATION","SOURCE_MATCH_NOT_SEMANTIC_EXECUTION_PROOF"
"src/Jularr.Web/Features/Tracking/AniListAccountService.cs","Tracking","AppDbContext source reference","MIGRATE_READ_TO_SERVICE_OR_MUTATION_TO_LOGIC_AFTER_CALLPATH_VERIFICATION","SOURCE_MATCH_NOT_SEMANTIC_EXECUTION_PROOF"
"src/Jularr.Web/Features/Tracking/AniListSyncCheckpoints.cs","Tracking","AppDbContext source reference","MIGRATE_READ_TO_SERVICE_OR_MUTATION_TO_LOGIC_AFTER_CALLPATH_VERIFICATION","SOURCE_MATCH_NOT_SEMANTIC_EXECUTION_PROOF"
"src/Jularr.Web/Features/Tracking/AniListSyncReconciler.cs","Tracking","AppDbContext source reference","MIGRATE_READ_TO_SERVICE_OR_MUTATION_TO_LOGIC_AFTER_CALLPATH_VERIFICATION","SOURCE_MATCH_NOT_SEMANTIC_EXECUTION_PROOF"
"src/Jularr.Web/Features/Tracking/AniListSyncService.cs","Tracking","AppDbContext source reference","MIGRATE_READ_TO_SERVICE_OR_MUTATION_TO_LOGIC_AFTER_CALLPATH_VERIFICATION","SOURCE_MATCH_NOT_SEMANTIC_EXECUTION_PROOF"
"src/Jularr.Web/Features/Tv/TvLibraryService.cs","Tv","AppDbContext source reference","MIGRATE_READ_TO_SERVICE_OR_MUTATION_TO_LOGIC_AFTER_CALLPATH_VERIFICATION","SOURCE_MATCH_NOT_SEMANTIC_EXECUTION_PROOF"
"src/Jularr.Web/Features/Vocabulary/EpisodePreparationService.cs","Vocabulary","AppDbContext source reference","MIGRATE_READ_TO_SERVICE_OR_MUTATION_TO_LOGIC_AFTER_CALLPATH_VERIFICATION","SOURCE_MATCH_NOT_SEMANTIC_EXECUTION_PROOF"
"src/Jularr.Web/Features/Vocabulary/VocabularyService.cs","Vocabulary","AppDbContext source reference","MIGRATE_READ_TO_SERVICE_OR_MUTATION_TO_LOGIC_AFTER_CALLPATH_VERIFICATION","SOURCE_MATCH_NOT_SEMANTIC_EXECUTION_PROOF"
"src/Jularr.Web/Features/Watchlist/WatchlistLibraryResolver.cs","Watchlist","AppDbContext source reference","MIGRATE_READ_TO_SERVICE_OR_MUTATION_TO_LOGIC_AFTER_CALLPATH_VERIFICATION","SOURCE_MATCH_NOT_SEMANTIC_EXECUTION_PROOF"
"src/Jularr.Web/Features/Watchlist/WatchlistStore.cs","Watchlist","AppDbContext source reference","MIGRATE_READ_TO_SERVICE_OR_MUTATION_TO_LOGIC_AFTER_CALLPATH_VERIFICATION","SOURCE_MATCH_NOT_SEMANTIC_EXECUTION_PROOF"
"src/Jularr.Web/Infrastructure/BackgroundJobQueue.cs","Infrastructure","AppDbContext source reference","MIGRATE_READ_TO_SERVICE_OR_MUTATION_TO_LOGIC_AFTER_CALLPATH_VERIFICATION","SOURCE_MATCH_NOT_SEMANTIC_EXECUTION_PROOF"
