CurrentTable,ClrEntity,ColumnCount,ColumnsPgTypes,PrimaryKey,IndexedColumns,ForeignKeysFromSnapshot,TargetDomainCandidate,TargetTableAction,OwnerLogicCandidate,Resolution,Evidence
"AccountLoginIdentities","Jularr.Web.Features.Auth.AccountLoginIdentity","4","Provider:character varying(40); ExternalAccountId:character varying(160); AccountId:character varying(32); LinkedAtUtc:timestamp with time zone","""Provider"", ""ExternalAccountId""","""AccountId"", ""Provider"") .IsUnique(","""AccountId"" -> OwnerAccounts","Accounts/Profiles/Auth","REVIEW_PHASE_B","Accounts.Profiles.Auth","EXACT_DDL_AND_FINAL_OWNER_UNCONFIRMED","src/Jularr.Web/Data/Migrations/AppDbContextModelSnapshot.cs"
"AcquisitionApiKeys","Jularr.Web.Features.Acquisition.Api.AcquisitionApiKey","7","Id:uuid; CreatedAtUtc:timestamp with time zone; KeyHash:character varying(64); KeyPrefix:character varying(32); LastUsedAtUtc:timestamp with time zone; Name:character varying(120); RevokedAtUtc:timestamp with time zone","""Id""","""KeyHash"") .IsUnique(","","Acquisition/Requests","REVIEW_PHASE_B","Acquisition.Requests","EXACT_DDL_AND_FINAL_OWNER_UNCONFIRMED","src/Jularr.Web/Data/Migrations/AppDbContextModelSnapshot.cs"
"AcquisitionHistory","Jularr.Web.Features.Acquisition.History.AcquisitionHistoryEntry","13","Id:uuid; AbsoluteEpisodeNumber:integer; AnimeId:uuid; EpisodeNumber:integer; EventKind:integer; Indexer:character varying(120); OccurredAtUtc:timestamp with time zone; QualityKey:character varying(80); Reason:character varying(1000); ReleaseKey:character varying(300); ReleaseTitle:character varying(500); Score:integer; SeasonNumber:integer","""Id""","""AnimeId"", ""SeasonNumber"", ""EpisodeNumber"", ""OccurredAtUtc""","""AnimeId"" -> Anime","Acquisition/Requests","REVIEW_PHASE_B","Acquisition.Requests","EXACT_DDL_AND_FINAL_OWNER_UNCONFIRMED","src/Jularr.Web/Data/Migrations/AppDbContextModelSnapshot.cs"
"AiSentenceExplanationCache","Jularr.Web.Features.Ai.AiSentenceExplanationCache","7","CacheKey:character varying(64); ColloquialJson:text; CreatedAt:timestamp with time zone; GrammarJson:text; PromptVersion:integer; ProviderId:character varying(80); Translation:text","""CacheKey""","","","Learning/AI","REVIEW_PHASE_B","Learning.AI","EXACT_DDL_AND_FINAL_OWNER_UNCONFIRMED","src/Jularr.Web/Data/Migrations/AppDbContextModelSnapshot.cs"
"Anime","Jularr.Web.Features.Library.Anime","4","Id:uuid; CreatedAt:timestamp with time zone; Key:character varying(300); Title:character varying(300)","""Id""","""Key"") .IsUnique(","","Works/Media/Reader","REVIEW_PHASE_B","Works.Media.Reader","EXACT_DDL_AND_FINAL_OWNER_UNCONFIRMED","src/Jularr.Web/Data/Migrations/AppDbContextModelSnapshot.cs"
"AnimeLocalMetadata","Jularr.Web.Features.Library.AnimeLocalMetadata","13","AnimeId:uuid; ImdbId:character varying(12); MyAnimeListId:character varying(10); OriginalTitle:character varying(300); Plot:text; Premiered:date; Source:character varying(20); SourceFileLastWriteTimeUtc:timestamp with time zone; SourceFileSizeBytes:bigint; TmdbId:character varying(10); TvdbId:character varying(10); UpdatedAt:timestamp with time zone; Year:integer","""AnimeId""","","""Jularr.Web.Features.Library.AnimeLocalMetadata"", ""AnimeId"" -> Anime","Works/Media/Reader","REVIEW_PHASE_B","Works.Media.Reader","EXACT_DDL_AND_FINAL_OWNER_UNCONFIRMED","src/Jularr.Web/Data/Migrations/AppDbContextModelSnapshot.cs"
"AnimeMetadata","Jularr.Web.Features.Metadata.AnimeMetadata","19","Id:uuid; AnimeId:uuid; AverageScore:integer; BannerImageUrl:character varying(2048); CoverImageUrl:character varying(2048); Description:text; EnglishTitle:character varying(500); EpisodeCount:integer; EpisodeDurationMinutes:integer; ExternalId:character varying(200); Format:character varying(80); NativeTitle:character varying(500); PreferredTitle:character varying(500); Provider:character varying(80); RomajiTitle:character varying(500); Season:character varying(80); SeasonYear:integer; Status:character varying(80); UpdatedAt:timestamp with time zone","""Id""","""AnimeId"") .IsUnique(; ""Provider"", ""ExternalId"") .IsUnique(","""Jularr.Web.Features.Metadata.AnimeMetadata"", ""AnimeId"" -> Anime","Works/Media/Reader","REVIEW_PHASE_B","Works.Media.Reader","EXACT_DDL_AND_FINAL_OWNER_UNCONFIRMED","src/Jularr.Web/Data/Migrations/AppDbContextModelSnapshot.cs"
"AudiobookEditionMetadata","Jularr.Web.Features.Audiobooks.AudiobookEditionMetadata","9","EditionId:uuid; Asin:character varying(16); CoverUrl:character varying(2048); DurationSeconds:integer; ExternalId:character varying(200); Provider:character varying(64); SourceUrl:character varying(2048); Title:character varying(500); UpdatedAt:timestamp with time zone","""EditionId""","","""Jularr.Web.Features.Audiobooks.AudiobookEditionMetadata"", ""EditionId"" -> WorkEditions","Works/Media/Reader","REVIEW_PHASE_B","Works.Media.Reader","EXACT_DDL_AND_FINAL_OWNER_UNCONFIRMED","src/Jularr.Web/Data/Migrations/AppDbContextModelSnapshot.cs"
"AudiobookFiles","Jularr.Web.Features.Audiobooks.AudiobookFile","9","Id:uuid; AudiobookId:uuid; CreatedAt:timestamp with time zone; DurationMs:bigint; FileKey:character varying(500); FileName:character varying(500); Format:character varying(16); SizeBytes:bigint; StoragePath:character varying(2048)","""Id""","""AudiobookId"", ""FileKey"") .IsUnique(","""AudiobookId"" -> Audiobooks","Works/Media/Reader","REVIEW_PHASE_B","Works.Media.Reader","EXACT_DDL_AND_FINAL_OWNER_UNCONFIRMED","src/Jularr.Web/Data/Migrations/AppDbContextModelSnapshot.cs"
"AudiobookProgress","Jularr.Web.Features.Audiobooks.AudiobookProgress","8","Id:uuid; AudiobookId:uuid; ChapterNumber:integer; DurationMs:bigint; IsCompleted:boolean; PositionMs:bigint; ProfileId:character varying(80); UpdatedAt:timestamp with time zone","""Id""","""AudiobookId""; ""ProfileId"", ""AudiobookId"") .IsUnique(; ""ProfileId"", ""UpdatedAt""","""AudiobookId"" -> Audiobooks","Works/Media/Reader","REVIEW_PHASE_B","Works.Media.Reader","EXACT_DDL_AND_FINAL_OWNER_UNCONFIRMED","src/Jularr.Web/Data/Migrations/AppDbContextModelSnapshot.cs"
"Audiobooks","Jularr.Web.Features.Audiobooks.Audiobook","12","Id:uuid; Asin:character varying(64); Author:character varying(500); ChapterCount:integer; CreatedAt:timestamp with time zone; DurationMs:bigint; Key:character varying(500); LibraryPath:character varying(1024); Narrator:character varying(500); Title:character varying(1000); UpdatedAt:timestamp with time zone; Year:integer","""Id""","""Key"") .IsUnique(","","Works/Media/Reader","REVIEW_PHASE_B","Works.Media.Reader","EXACT_DDL_AND_FINAL_OWNER_UNCONFIRMED","src/Jularr.Web/Data/Migrations/AppDbContextModelSnapshot.cs"
"BookEditions","Jularr.Web.Features.Books.BookEdition","15","Id:uuid; Author:character varying(300); CreatedAt:timestamp with time zone; EditionKey:character varying(120); IsPrimary:boolean; Isbn10:character varying(10); Isbn13:character varying(13); Language:character varying(16); PublishedDate:character varying(80); Publisher:character varying(300); SourceExternalId:character varying(200); SourceProvider:character varying(80); Title:character varying(500); UpdatedAt:timestamp with time zone; WorkId:uuid","""Id""","""Isbn10""; ""Isbn13""; ""WorkId"", ""EditionKey"") .IsUnique(; ""WorkId"", ""IsPrimary""","""WorkId"" -> NovelWorks","Works/Media/Reader","REVIEW_PHASE_B","Works.Media.Reader","EXACT_DDL_AND_FINAL_OWNER_UNCONFIRMED","src/Jularr.Web/Data/Migrations/AppDbContextModelSnapshot.cs"
"BookFiles","Jularr.Web.Features.Books.BookFile","13","Id:uuid; ContentHash:character varying(64); EditionId:uuid; FileKey:character varying(120); FileName:character varying(500); Format:character varying(32); ImportedAt:timestamp with time zone; IsPrimary:boolean; MediaType:character varying(120); SizeBytes:bigint; SourceKind:character varying(80); SourceUrl:character varying(2048); StoragePath:character varying(2048)","""Id""","""ContentHash""; ""EditionId"", ""FileKey"") .IsUnique(; ""EditionId"", ""IsPrimary""","""EditionId"" -> BookEditions","Works/Media/Reader","REVIEW_PHASE_B","Works.Media.Reader","EXACT_DDL_AND_FINAL_OWNER_UNCONFIRMED","src/Jularr.Web/Data/Migrations/AppDbContextModelSnapshot.cs"
"CollectionItems","Jularr.Web.Features.Collections.CollectionItem","7","Id:uuid; AddedAt:timestamp with time zone; CollectionId:uuid; MatchReason:character varying(4000); Position:integer; Source:integer; WorkId:bigint","""Id""","""WorkId""; ""CollectionId"", ""Position""; ""CollectionId"", ""WorkId"") .IsUnique(","""CollectionId"" -> Collections; ""WorkId"" -> Works","Library/Collections","REVIEW_PHASE_B","Library.Collections","EXACT_DDL_AND_FINAL_OWNER_UNCONFIRMED","src/Jularr.Web/Data/Migrations/AppDbContextModelSnapshot.cs"
"Collections","Jularr.Web.Features.Collections.Collection","10","Id:uuid; CreatedAt:timestamp with time zone; Description:character varying(2000); Kind:integer; LastMaterializedAt:timestamp with time zone; Name:character varying(200); ProfileId:character varying(80); RuleJson:jsonb; SortOrder:integer; UpdatedAt:timestamp with time zone","""Id""","""ProfileId"", ""SortOrder""","","Library/Collections","REVIEW_PHASE_B","Library.Collections","EXACT_DDL_AND_FINAL_OWNER_UNCONFIRMED","src/Jularr.Web/Data/Migrations/AppDbContextModelSnapshot.cs"
"CurriculumBlueprints","Jularr.Web.Features.Learning.Curriculum.CurriculumBlueprint","9","Id:uuid; ContentFingerprint:character varying(64); CreatedAt:timestamp with time zone; Description:character varying(2000); IsPublished:boolean; Key:character varying(120); Title:character varying(300); UpdatedAt:timestamp with time zone; Version:integer","""Id""","""Key"") .IsUnique(","","Learning/AI","REVIEW_PHASE_B","Learning.AI","EXACT_DDL_AND_FINAL_OWNER_UNCONFIRMED","src/Jularr.Web/Data/Migrations/AppDbContextModelSnapshot.cs"
"CurriculumChapters","Jularr.Web.Features.Learning.Curriculum.CurriculumChapter","6","Id:uuid; CreatedAt:timestamp with time zone; Key:character varying(120); LevelId:uuid; Ordinal:integer; Title:character varying(300)","""Id""","""LevelId"", ""Key"") .IsUnique(; ""LevelId"", ""Ordinal"") .IsUnique(","""LevelId"" -> CurriculumLevels","Learning/AI","REVIEW_PHASE_B","Learning.AI","EXACT_DDL_AND_FINAL_OWNER_UNCONFIRMED","src/Jularr.Web/Data/Migrations/AppDbContextModelSnapshot.cs"
"CurriculumExercises","Jularr.Web.Features.Learning.Curriculum.CurriculumExercise","7","Id:uuid; CreatedAt:timestamp with time zone; Key:character varying(120); Kind:character varying(24); LessonId:uuid; Ordinal:integer; Prompt:character varying(1000)","""Id""","""LessonId"", ""Key"") .IsUnique(; ""LessonId"", ""Ordinal"") .IsUnique(","""LessonId"" -> CurriculumLessons","Learning/AI","REVIEW_PHASE_B","Learning.AI","EXACT_DDL_AND_FINAL_OWNER_UNCONFIRMED","src/Jularr.Web/Data/Migrations/AppDbContextModelSnapshot.cs"
"CurriculumLessons","Jularr.Web.Features.Learning.Curriculum.CurriculumLesson","6","Id:uuid; ChapterId:uuid; CreatedAt:timestamp with time zone; Key:character varying(120); Ordinal:integer; Title:character varying(300)","""Id""","""ChapterId"", ""Key"") .IsUnique(; ""ChapterId"", ""Ordinal"") .IsUnique(","""ChapterId"" -> CurriculumChapters","Learning/AI","REVIEW_PHASE_B","Learning.AI","EXACT_DDL_AND_FINAL_OWNER_UNCONFIRMED","src/Jularr.Web/Data/Migrations/AppDbContextModelSnapshot.cs"
"CurriculumLevels","Jularr.Web.Features.Learning.Curriculum.CurriculumLevel","6","Id:uuid; BlueprintId:uuid; CreatedAt:timestamp with time zone; Key:character varying(120); Ordinal:integer; Title:character varying(300)","""Id""","""BlueprintId"", ""Key"") .IsUnique(; ""BlueprintId"", ""Ordinal"") .IsUnique(","""BlueprintId"" -> CurriculumBlueprints","Learning/AI","REVIEW_PHASE_B","Learning.AI","EXACT_DDL_AND_FINAL_OWNER_UNCONFIRMED","src/Jularr.Web/Data/Migrations/AppDbContextModelSnapshot.cs"
"EpisodeMediaSegments","Jularr.Web.Features.MediaSegments.EpisodeMediaSegment","12","Id:uuid; Confidence:double precision; CreatedAt:timestamp with time zone; EndMs:bigint; EpisodeId:uuid; Kind:integer; MediaIdentity:character varying(64); Method:character varying(80); Source:integer; StartMs:bigint; UpdatedAt:timestamp with time zone; Version:character varying(40)","""Id""","""EpisodeId"", ""Kind"", ""Source"") .IsUnique(","""EpisodeId"" -> Episodes","Media/Playback/Progress","REVIEW_PHASE_B","Media.Playback.Progress","EXACT_DDL_AND_FINAL_OWNER_UNCONFIRMED","src/Jularr.Web/Data/Migrations/AppDbContextModelSnapshot.cs"
"EpisodePlaybackHistory","Jularr.Web.Features.Progress.EpisodePlaybackHistoryEntry","8","Id:uuid; DurationMs:bigint; EpisodeId:uuid; LastPlayedAt:timestamp with time zone; PositionMs:bigint; ProfileId:character varying(80); ReachedEnd:boolean; StartedAt:timestamp with time zone","""Id""","""EpisodeId""; ""ProfileId"", ""LastPlayedAt""","""EpisodeId"" -> Episodes","Media/Playback/Progress","REVIEW_PHASE_B","Media.Playback.Progress","EXACT_DDL_AND_FINAL_OWNER_UNCONFIRMED","src/Jularr.Web/Data/Migrations/AppDbContextModelSnapshot.cs"
"EpisodeProgress","Jularr.Web.Features.Progress.EpisodeProgress","7","Id:uuid; DurationMs:bigint; EpisodeId:uuid; IsCompleted:boolean; PositionMs:bigint; ProfileId:character varying(80); UpdatedAt:timestamp with time zone","""Id""","""EpisodeId""; ""ProfileId"", ""EpisodeId"") .IsUnique(; ""ProfileId"", ""UpdatedAt""","""EpisodeId"" -> Episodes","Media/Playback/Progress","REVIEW_PHASE_B","Media.Playback.Progress","EXACT_DDL_AND_FINAL_OWNER_UNCONFIRMED","src/Jularr.Web/Data/Migrations/AppDbContextModelSnapshot.cs"
"Episodes","Jularr.Web.Features.Library.Episode","6","Id:uuid; AnimeId:uuid; DiscoveredAt:timestamp with time zone; Number:integer; SeasonNumber:integer; Title:character varying(500)","""Id""","""AnimeId"", ""SeasonNumber"", ""Number"") .IsUnique(","""AnimeId"" -> Anime","Media/Playback/Progress","REVIEW_PHASE_B","Media.Playback.Progress","EXACT_DDL_AND_FINAL_OWNER_UNCONFIRMED","src/Jularr.Web/Data/Migrations/AppDbContextModelSnapshot.cs"
"EpisodeSegmentDetectionStates","Jularr.Web.Features.MediaSegments.EpisodeSegmentDetectionState","6","EpisodeId:uuid; MediaIdentity:character varying(64); Method:character varying(80); RunAt:timestamp with time zone; SegmentsFound:integer; Version:character varying(40)","""EpisodeId""","","""EpisodeId"" -> Episodes","Media/Playback/Progress","REVIEW_PHASE_B","Media.Playback.Progress","EXACT_DDL_AND_FINAL_OWNER_UNCONFIRMED","src/Jularr.Web/Data/Migrations/AppDbContextModelSnapshot.cs"
"EpisodeTerms","Jularr.Web.Features.Vocabulary.EpisodeTerm","4","EpisodeId:uuid; TermId:uuid; FirstCueStartMs:integer; Occurrences:integer","""EpisodeId"", ""TermId""","""TermId""","""EpisodeId"" -> Episodes; ""TermId"" -> Terms","Media/Playback/Progress","REVIEW_PHASE_B","Media.Playback.Progress","EXACT_DDL_AND_FINAL_OWNER_UNCONFIRMED","src/Jularr.Web/Data/Migrations/AppDbContextModelSnapshot.cs"
"GameArtworks","Jularr.Web.Features.Games.GameArtwork","7","Id:uuid; CreatedAt:timestamp with time zone; ExternalId:character varying(200); GameId:uuid; Kind:integer; Provider:character varying(80); Uri:character varying(2048)","""Id""","""GameId"", ""Kind""","""GameId"" -> Games","Works/Media/Reader","REVIEW_PHASE_B","Works.Media.Reader","EXACT_DDL_AND_FINAL_OWNER_UNCONFIRMED","src/Jularr.Web/Data/Migrations/AppDbContextModelSnapshot.cs"
"GameExternalIdentities","Jularr.Web.Features.Games.GameExternalIdentity","6","Id:uuid; CreatedAt:timestamp with time zone; ExternalId:character varying(200); GameId:uuid; LastVerifiedAt:timestamp with time zone; Provider:character varying(80)","""Id""","""GameId""; ""Provider"", ""ExternalId"") .IsUnique(","""GameId"" -> Games","Works/Media/Reader","REVIEW_PHASE_B","Works.Media.Reader","EXACT_DDL_AND_FINAL_OWNER_UNCONFIRMED","src/Jularr.Web/Data/Migrations/AppDbContextModelSnapshot.cs"
"GamePlatforms","Jularr.Web.Features.Games.GamePlatform","4","Id:uuid; CreatedAt:timestamp with time zone; DisplayName:character varying(160); Key:character varying(80)","""Id""","""Key"") .IsUnique(","","Works/Media/Reader","REVIEW_PHASE_B","Works.Media.Reader","EXACT_DDL_AND_FINAL_OWNER_UNCONFIRMED","src/Jularr.Web/Data/Migrations/AppDbContextModelSnapshot.cs"
"GameReleaseFiles","Jularr.Web.Features.Games.GameReleaseFile","13","Id:uuid; Crc32:character varying(16); CreatedAt:timestamp with time zone; DiscNumber:integer; GameReleaseId:uuid; LibraryRootId:uuid; Md5:character varying(32); RelativePath:character varying(2048); Role:integer; Sequence:integer; Sha1:character varying(40); Sha256:character varying(64); SizeBytes:bigint","""Id""","""GameReleaseId"", ""Sequence""; ""LibraryRootId"", ""RelativePath"") .IsUnique(","""GameReleaseId"" -> GameReleases; ""LibraryRootId"" -> LibraryRoots","Works/Media/Reader","REVIEW_PHASE_B","Works.Media.Reader","EXACT_DDL_AND_FINAL_OWNER_UNCONFIRMED","src/Jularr.Web/Data/Migrations/AppDbContextModelSnapshot.cs"
"GameReleaseHashes","Jularr.Web.Features.Games.GameReleaseHash","6","Id:uuid; Algorithm:integer; CreatedAt:timestamp with time zone; GameReleaseId:uuid; IsPrimary:boolean; Value:character varying(128)","""Id""","""GameReleaseId""; ""Algorithm"", ""Value"") .IsUnique(","""GameReleaseId"" -> GameReleases","Works/Media/Reader","REVIEW_PHASE_B","Works.Media.Reader","EXACT_DDL_AND_FINAL_OWNER_UNCONFIRMED","src/Jularr.Web/Data/Migrations/AppDbContextModelSnapshot.cs"
"GameReleases","Jularr.Web.Features.Games.GameRelease","12","Id:uuid; CreatedAt:timestamp with time zone; Format:character varying(80); GameId:uuid; GamePlatformId:uuid; Kind:integer; Region:character varying(32); ReleaseDate:date; Revision:character varying(80); Source:character varying(160); UpdatedAt:timestamp with time zone; Version:character varying(80)","""Id""","""GamePlatformId""; ""GameId"", ""GamePlatformId""","""GameId"" -> Games; ""GamePlatformId"" -> GamePlatforms","Works/Media/Reader","REVIEW_PHASE_B","Works.Media.Reader","EXACT_DDL_AND_FINAL_OWNER_UNCONFIRMED","src/Jularr.Web/Data/Migrations/AppDbContextModelSnapshot.cs"
"Games","Jularr.Web.Features.Games.Game","9","Id:uuid; CanonicalTitle:character varying(500); CreatedAt:timestamp with time zone; Description:character varying(4000); Developer:character varying(300); Publisher:character varying(300); ReleaseDate:date; ReleaseYear:integer; UpdatedAt:timestamp with time zone","""Id""","""CanonicalTitle""","","Works/Media/Reader","REVIEW_PHASE_B","Works.Media.Reader","EXACT_DDL_AND_FINAL_OWNER_UNCONFIRMED","src/Jularr.Web/Data/Migrations/AppDbContextModelSnapshot.cs"
"GameTitles","Jularr.Web.Features.Games.GameTitle","6","Id:uuid; CreatedAt:timestamp with time zone; GameId:uuid; Kind:integer; LanguageTag:character varying(32); Value:character varying(500)","""Id""","""GameId"", ""Value"") .IsUnique(","""GameId"" -> Games","Works/Media/Reader","REVIEW_PHASE_B","Works.Media.Reader","EXACT_DDL_AND_FINAL_OWNER_UNCONFIRMED","src/Jularr.Web/Data/Migrations/AppDbContextModelSnapshot.cs"
"LearnerCourseItemDeltas","Jularr.Web.Features.Learning.Curriculum.LearnerCourseItemDelta","8","Id:uuid; CreatedAt:timestamp with time zone; CustomOrdinal:integer; IsHidden:boolean; ItemId:uuid; ItemType:character varying(16); LearnerCourseId:uuid; UpdatedAt:timestamp with time zone","""Id""","""LearnerCourseId"", ""ItemType"", ""ItemId"") .IsUnique(","""LearnerCourseId"" -> LearnerCourses","Learning/AI","REVIEW_PHASE_B","Learning.AI","EXACT_DDL_AND_FINAL_OWNER_UNCONFIRMED","src/Jularr.Web/Data/Migrations/AppDbContextModelSnapshot.cs"
"LearnerCourseProgress","Jularr.Web.Features.Learning.Curriculum.LearnerCourseProgress","10","Id:uuid; CompletedAt:timestamp with time zone; CompletedCount:integer; ItemId:uuid; ItemType:character varying(16); LearnerCourseId:uuid; Score:double precision; StartedAt:timestamp with time zone; Status:character varying(16); UpdatedAt:timestamp with time zone","""Id""","""LearnerCourseId"", ""Status""; ""LearnerCourseId"", ""ItemType"", ""ItemId"") .IsUnique(","""LearnerCourseId"" -> LearnerCourses","Learning/AI","REVIEW_PHASE_B","Learning.AI","EXACT_DDL_AND_FINAL_OWNER_UNCONFIRMED","src/Jularr.Web/Data/Migrations/AppDbContextModelSnapshot.cs"
"LearnerCourses","Jularr.Web.Features.Learning.Curriculum.LearnerCourse","8","Id:uuid; DisplayNameOverride:character varying(300); EnrolledAt:timestamp with time zone; IsArchived:boolean; LearningCourseId:uuid; ProfileId:character varying(80); SharedInstanceId:uuid; UpdatedAt:timestamp with time zone","""Id""","""LearningCourseId""; ""ProfileId""; ""SharedInstanceId""; ""ProfileId"", ""SharedInstanceId"") .IsUnique(","""LearningCourseId"" -> LearningCourses; ""SharedInstanceId"" -> SharedCourseInstances","Learning/AI","REVIEW_PHASE_B","Learning.AI","EXACT_DDL_AND_FINAL_OWNER_UNCONFIRMED","src/Jularr.Web/Data/Migrations/AppDbContextModelSnapshot.cs"
"LearningCardReviews","Jularr.Web.Features.Learning.Courses.LearningCardReview","8","Id:bigint; Id:?; CardId:uuid; ClientEventId:uuid; NextReviewAt:timestamp with time zone; ProfileId:character varying(80); Rating:integer; ReviewedAt:timestamp with time zone","""Id""","""CardId"", ""ReviewedAt""; ""ProfileId"", ""ClientEventId"") .IsUnique(; ""ProfileId"", ""ReviewedAt""","""CardId"" -> LearningCards","Learning/AI","REVIEW_PHASE_B","Learning.AI","EXACT_DDL_AND_FINAL_OWNER_UNCONFIRMED","src/Jularr.Web/Data/Migrations/AppDbContextModelSnapshot.cs"
"LearningCards","Jularr.Web.Features.Learning.Courses.LearningCard","14","Id:uuid; AnswerLanguage:character varying(35); CourseId:uuid; CreatedAt:timestamp with time zone; IntervalDays:integer; LearningStartedAt:timestamp with time zone; Mode:character varying(16); NextReviewAt:timestamp with time zone; ProfileId:character varying(80); PromptLanguage:character varying(35); QueuePosition:bigint; State:character varying(16); UnitId:uuid; UpdatedAt:timestamp with time zone","""Id""","""UnitId""; ""CourseId"", ""UnitId"", ""Mode"") .IsUnique(; ""ProfileId"", ""State"", ""NextReviewAt""","""CourseId"" -> LearningCourses; ""UnitId"" -> LearningUnits","Learning/AI","REVIEW_PHASE_B","Learning.AI","EXACT_DDL_AND_FINAL_OWNER_UNCONFIRMED","src/Jularr.Web/Data/Migrations/AppDbContextModelSnapshot.cs"
"LearningContexts","Jularr.Web.Features.Learning.Courses.LearningContext","9","Id:uuid; CreatedAt:timestamp with time zone; LanguageTag:character varying(35); PositionKey:character varying(200); ProfileId:character varying(80); SourceKey:character varying(200); SourceType:character varying(32); Text:character varying(2000); UnitId:uuid","""Id""","""UnitId""; ""ProfileId"", ""SourceType"", ""SourceKey""; ""ProfileId"", ""UnitId"", ""SourceType"", ""SourceKey"", ""PositionKey"") .IsUnique(","""UnitId"" -> LearningUnits","Learning/AI","REVIEW_PHASE_B","Learning.AI","EXACT_DDL_AND_FINAL_OWNER_UNCONFIRMED","src/Jularr.Web/Data/Migrations/AppDbContextModelSnapshot.cs"
"LearningCourses","Jularr.Web.Features.Learning.Courses.LearningCourse","14","Id:uuid; CreatedAt:timestamp with time zone; IsEnabled:boolean; IsPrimary:boolean; ListeningEnabled:boolean; Name:character varying(120); ProductionEnabled:boolean; ProfileId:character varying(80); RecognitionEnabled:boolean; SentencePracticeEnabled:boolean; SourceLanguage:character varying(35); TargetLanguage:character varying(35); UpdatedAt:timestamp with time zone; WritingEnabled:boolean","""Id""","""ProfileId"", ""SourceLanguage"") .IsUnique() .HasFilter(""\""IsPrimary\""""; ""ProfileId"", ""SourceLanguage"", ""TargetLanguage"") .IsUnique(","","Learning/AI","REVIEW_PHASE_B","Learning.AI","EXACT_DDL_AND_FINAL_OWNER_UNCONFIRMED","src/Jularr.Web/Data/Migrations/AppDbContextModelSnapshot.cs"
"LearningPreferences","Jularr.Web.Features.Learning.LearningPreferences","4","ProfileId:character varying(80); DesiredRetention:double precision; NewWordsPerDay:integer; ReviewBatchSize:integer","""ProfileId""","","","Learning/AI","REVIEW_PHASE_B","Learning.AI","EXACT_DDL_AND_FINAL_OWNER_UNCONFIRMED","src/Jularr.Web/Data/Migrations/AppDbContextModelSnapshot.cs"
"LearningUnits","Jularr.Web.Features.Learning.Courses.LearningUnit","4","Id:uuid; CreatedAt:timestamp with time zone; Kind:character varying(16); TermId:uuid","""Id""","""TermId"") .IsUnique(","""TermId"" -> Terms","Learning/AI","REVIEW_PHASE_B","Learning.AI","EXACT_DDL_AND_FINAL_OWNER_UNCONFIRMED","src/Jularr.Web/Data/Migrations/AppDbContextModelSnapshot.cs"
"LearningVariants","Jularr.Web.Features.Learning.Courses.LearningVariant","8","Id:uuid; CreatedAt:timestamp with time zone; LanguageTag:character varying(35); Reading:character varying(300); Role:character varying(16); SourceKind:character varying(32); Text:character varying(1000); UnitId:uuid","""Id""","""LanguageTag"", ""Text""; ""UnitId"", ""LanguageTag"", ""Text"") .IsUnique(","""UnitId"" -> LearningUnits","Learning/AI","REVIEW_PHASE_B","Learning.AI","EXACT_DDL_AND_FINAL_OWNER_UNCONFIRMED","src/Jularr.Web/Data/Migrations/AppDbContextModelSnapshot.cs"
"LibraryReconciliationFileLinks","Jularr.Web.Features.Storage.Reconciliation.LibraryReconciliationFileLink","17","Id:uuid; AudioLanguage:character varying(32); CommittedAtUtc:timestamp with time zone; Language:character varying(32); LibraryRootId:uuid; OriginalRelativePath:character varying(2048); PlanId:uuid; PlanItemId:uuid; QualitySource:character varying(240); RelativePath:character varying(2048); SubtitleLanguage:character varying(32); WorkChapterId:uuid; WorkEditionId:uuid; WorkEpisodeId:uuid; WorkId:bigint; WorkVersionId:uuid; WorkVolumeId:uuid","""Id""","""PlanId""; ""PlanItemId"") .IsUnique(; ""WorkChapterId""; ""WorkEditionId""; ""WorkEpisodeId""; ""WorkId""; ""WorkVersionId""; ""WorkVolumeId""; ""LibraryRootId"", ""RelativePath"") .IsUnique(","""LibraryRootId"" -> LibraryRoots; ""PlanId"" -> LibraryReconciliationPlans; ""PlanItemId"" -> LibraryReconciliationPlanItems; ""WorkChapterId"" -> WorkChapters; ""WorkEditionId"" -> WorkEditions; ""WorkEpisodeId"" -> WorkEpisodes; ""WorkId"" -> Works; ""WorkVersionId"" -> WorkVersions; ""WorkVolumeId"" -> WorkVolumes","Library/Collections","REVIEW_PHASE_B","Library.Collections","EXACT_DDL_AND_FINAL_OWNER_UNCONFIRMED","src/Jularr.Web/Data/Migrations/AppDbContextModelSnapshot.cs"
"LibraryReconciliationLogicalGroups","Jularr.Web.Features.Storage.Reconciliation.LibraryReconciliationLogicalGroup","4","Id:uuid; CreatedAtUtc:timestamp with time zone; Name:character varying(160); PlanId:uuid","""Id""","""PlanId"", ""Name"") .IsUnique(","""PlanId"" -> LibraryReconciliationPlans","Library/Collections","REVIEW_PHASE_B","Library.Collections","EXACT_DDL_AND_FINAL_OWNER_UNCONFIRMED","src/Jularr.Web/Data/Migrations/AppDbContextModelSnapshot.cs"
"LibraryReconciliationPlanItems","Jularr.Web.Features.Storage.Reconciliation.LibraryReconciliationPlanItem","24","Id:uuid; AssignedWorkChapterId:uuid; AssignedWorkEditionId:uuid; AssignedWorkEpisodeId:uuid; AssignedWorkId:bigint; AssignedWorkVersionId:uuid; AssignedWorkVolumeId:uuid; AudioLanguage:character varying(32); Confidence:integer; DetectionSummary:character varying(1000); Error:character varying(1000); FileCount:integer; IsDirectory:boolean; IsExplicitlyIgnored:boolean; Language:character varying(32); LogicalGroupId:uuid; ObservedLastWriteTimeUtc:text; ObservedSizeBytes:bigint; PlanId:uuid; QualitySource:character varying(240); RelativePath:character varying(2048); State:integer; SubtitleLanguage:character varying(32); UnresolvedCount:integer","""Id""","""AssignedWorkChapterId""; ""AssignedWorkEditionId""; ""AssignedWorkEpisodeId""; ""AssignedWorkId""; ""AssignedWorkVersionId""; ""AssignedWorkVolumeId""; ""LogicalGroupId""; ""PlanId"", ""RelativePath"") .IsUnique(","""AssignedWorkChapterId"" -> WorkChapters; ""AssignedWorkEditionId"" -> WorkEditions; ""AssignedWorkEpisodeId"" -> WorkEpisodes; ""AssignedWorkId"" -> Works; ""AssignedWorkVersionId"" -> WorkVersions; ""AssignedWorkVolumeId"" -> WorkVolumes; ""LogicalGroupId"" -> LibraryReconciliationLogicalGroups; ""PlanId"" -> LibraryReconciliationPlans","Library/Collections","REVIEW_PHASE_B","Library.Collections","EXACT_DDL_AND_FINAL_OWNER_UNCONFIRMED","src/Jularr.Web/Data/Migrations/AppDbContextModelSnapshot.cs"
"LibraryReconciliationPlans","Jularr.Web.Features.Storage.Reconciliation.LibraryReconciliationPlan","16","Id:uuid; AnalyzeFilenameEvidence:boolean; CreatedAtUtc:timestamp with time zone; ExecutionOperationId:uuid; Failure:character varying(1000); IncludeSubfolders:boolean; LibraryRootId:uuid; OnlyUnclearItems:boolean; OrganizationMode:integer; RemoveEmptySourceFolders:boolean; Revision:integer; ScannedAtUtc:timestamp with time zone; SkipConfidentAssignments:boolean; StartFolder:character varying(2048); Status:integer; UpdatedAtUtc:timestamp with time zone","""Id""","""LibraryRootId""","""LibraryRootId"" -> LibraryRoots","Library/Collections","REVIEW_PHASE_B","Library.Collections","EXACT_DDL_AND_FINAL_OWNER_UNCONFIRMED","src/Jularr.Web/Data/Migrations/AppDbContextModelSnapshot.cs"
"LibraryRootContentAssignments","Jularr.Web.Features.Library.LibraryRootContentAssignment","4","LibraryRootId:uuid; ContentType:integer; CreatedAt:timestamp with time zone; IsDefault:boolean","""LibraryRootId"", ""ContentType""","""ContentType"") .IsUnique() .HasFilter(""\""IsDefault\"" = TRUE""; ""ContentType"", ""IsDefault""","""LibraryRootId"" -> LibraryRoots","Library/Collections","REVIEW_PHASE_B","Library.Collections","EXACT_DDL_AND_FINAL_OWNER_UNCONFIRMED","src/Jularr.Web/Data/Migrations/AppDbContextModelSnapshot.cs"
"LibraryRoots","Jularr.Web.Features.Library.LibraryRoot","11","Id:uuid; CreatedAt:timestamp with time zone; IsEnabled:boolean; LastScannedAt:timestamp with time zone; Name:character varying(120); Path:character varying(2048); PlacementPolicy:integer; ReconciliationIntervalMinutes:integer; WakeBroadcastAddress:character varying(64); WakeMacAddress:character varying(32); WakeOnLanEnabled:boolean","""Id""","""Path"") .IsUnique(","","Library/Collections","REVIEW_PHASE_B","Library.Collections","EXACT_DDL_AND_FINAL_OWNER_UNCONFIRMED","src/Jularr.Web/Data/Migrations/AppDbContextModelSnapshot.cs"
"MediaAssets","Jularr.Web.Features.Library.MediaAsset","7","Id:uuid; CreatedAt:timestamp with time zone; Kind:integer; WorkEpisodeId:uuid; WorkId:bigint; WorkTrackId:uuid; WorkVersionId:uuid","""Id""","""WorkEpisodeId""; ""WorkTrackId""; ""WorkVersionId"", ""Kind"") .IsUnique(; ""WorkId"", ""WorkEpisodeId"", ""Kind""","""WorkEpisodeId"" -> WorkEpisodes; ""WorkId"" -> Works; ""WorkTrackId"" -> WorkTracks; ""WorkVersionId"" -> WorkVersions","Media/Playback/Progress","REVIEW_PHASE_B","Media.Playback.Progress","EXACT_DDL_AND_FINAL_OWNER_UNCONFIRMED","src/Jularr.Web/Data/Migrations/AppDbContextModelSnapshot.cs"
"MediaTechnicalAnalyses","Jularr.Web.Features.Library.MediaTechnicalAnalysis","17","MediaFileId:uuid; AnalyzedAt:timestamp with time zone; BitDepth:integer; Container:character varying(120); Diagnostic:character varying(500); DurationSeconds:double precision; DynamicRange:character varying(24); Height:integer; PixelFormat:character varying(40); ProbeVersion:integer; SourceFingerprint:character varying(64); SourceLastWriteTimeUtc:text; SourceSizeBytes:bigint; Status:integer; VideoCodec:character varying(64); VideoProfile:character varying(80); Width:integer","""MediaFileId""","""Status"", ""ProbeVersion""","""Jularr.Web.Features.Library.MediaTechnicalAnalysis"", ""MediaFileId"" -> StoredFiles","Media/Playback/Progress","REVIEW_PHASE_B","Media.Playback.Progress","EXACT_DDL_AND_FINAL_OWNER_UNCONFIRMED","src/Jularr.Web/Data/Migrations/AppDbContextModelSnapshot.cs"
"MediaTracks","Jularr.Web.Features.Library.MediaTrack","10","MediaFileId:uuid; StreamIndex:integer; ChannelLayout:character varying(64); Channels:integer; Codec:character varying(64); IsDefault:boolean; IsForced:boolean; Kind:integer; Language:character varying(32); Title:character varying(300)","""MediaFileId"", ""StreamIndex""","","""MediaFileId"" -> StoredFiles","Media/Playback/Progress","REVIEW_PHASE_B","Media.Playback.Progress","EXACT_DDL_AND_FINAL_OWNER_UNCONFIRMED","src/Jularr.Web/Data/Migrations/AppDbContextModelSnapshot.cs"
"Movies","Jularr.Web.Features.Movies.Movie","9","Id:uuid; CreatedAt:timestamp with time zone; ImdbId:character varying(64); Key:character varying(500); LibraryPath:character varying(1024); Title:character varying(1000); TmdbId:character varying(64); UpdatedAt:timestamp with time zone; Year:integer","""Id""","""Key"") .IsUnique(","","Works/Media/Reader","REVIEW_PHASE_B","Works.Media.Reader","EXACT_DDL_AND_FINAL_OWNER_UNCONFIRMED","src/Jularr.Web/Data/Migrations/AppDbContextModelSnapshot.cs"
"MusicAlbums","Jularr.Web.Features.Music.MusicAlbum","7","WorkId:bigint; ArtistId:uuid; CreatedAt:timestamp with time zone; MusicBrainzReleaseGroupId:character varying(64); MusicBrainzReleaseId:character varying(64); ReleaseDate:timestamp with time zone; Type:integer","""WorkId""","""ArtistId""; ""MusicBrainzReleaseGroupId"") .IsUnique() .HasFilter(""\""MusicBrainzReleaseGroupId\"" IS NOT NULL""","""ArtistId"" -> MusicArtists; ""Jularr.Web.Features.Music.MusicAlbum"", ""WorkId"" -> Works","Works/Media/Reader","REVIEW_PHASE_B","Works.Media.Reader","EXACT_DDL_AND_FINAL_OWNER_UNCONFIRMED","src/Jularr.Web/Data/Migrations/AppDbContextModelSnapshot.cs"
"MusicArtists","Jularr.Web.Features.Music.MusicArtist","7","Id:uuid; AddedAt:timestamp with time zone; AddedByProfileId:character varying(64); LastRefreshedAt:timestamp with time zone; MusicBrainzId:character varying(64); Name:character varying(300); SortName:character varying(300)","""Id""","""MusicBrainzId"") .IsUnique() .HasFilter(""\""MusicBrainzId\"" IS NOT NULL""; ""SortName""","","Works/Media/Reader","REVIEW_PHASE_B","Works.Media.Reader","EXACT_DDL_AND_FINAL_OWNER_UNCONFIRMED","src/Jularr.Web/Data/Migrations/AppDbContextModelSnapshot.cs"
"MusicRecordings","Jularr.Web.Features.MediaCore.MusicRecording","4","Id:uuid; CreatedAt:timestamp with time zone; MusicBrainzId:character varying(64); Title:character varying(500)","""Id""","""MusicBrainzId"") .IsUnique(","","Works/Media/Reader","REVIEW_PHASE_B","Works.Media.Reader","EXACT_DDL_AND_FINAL_OWNER_UNCONFIRMED","src/Jularr.Web/Data/Migrations/AppDbContextModelSnapshot.cs"
"NovelAnimeMappings","Jularr.Web.Features.Novels.NovelAnimeMapping","12","Id:uuid; AnimeExternalId:character varying(200); AnimeProvider:character varying(80); ChapterEnd:integer; ChapterStart:integer; CreatedAt:timestamp with time zone; EpisodeEnd:integer; EpisodeStart:integer; Label:character varying(200); SeasonNumber:integer; Source:character varying(20); WorkId:uuid","""Id""","""AnimeProvider"", ""AnimeExternalId""; ""WorkId"", ""ChapterStart"", ""ChapterEnd""","""WorkId"" -> NovelWorks","Works/Media/Reader","REVIEW_PHASE_B","Works.Media.Reader","EXACT_DDL_AND_FINAL_OWNER_UNCONFIRMED","src/Jularr.Web/Data/Migrations/AppDbContextModelSnapshot.cs"
"NovelBookmarks","Jularr.Web.Features.Novels.NovelBookmark","15","Id:uuid; AnchorText:character varying(180); ChapterId:uuid; CharacterOffset:integer; ClientEventId:uuid; Color:character varying(16); CreatedAt:timestamp with time zone; Label:character varying(120); Language:character varying(16); ParagraphIndex:integer; PositionPermille:integer; ProfileId:character varying(80); Style:character varying(24); SyncUpdatedAt:timestamp with time zone; WorkId:uuid","""Id""","""ChapterId""; ""WorkId""; ""ProfileId"", ""ChapterId""; ""ProfileId"", ""WorkId"", ""CreatedAt""","""ChapterId"" -> NovelChapters; ""WorkId"" -> NovelWorks","Works/Media/Reader","REVIEW_PHASE_B","Works.Media.Reader","EXACT_DDL_AND_FINAL_OWNER_UNCONFIRMED","src/Jularr.Web/Data/Migrations/AppDbContextModelSnapshot.cs"
"NovelBookmarkTombstones","Jularr.Web.Features.OfflineLibrary.NovelBookmarkTombstone","5","BookmarkId:uuid; DeletedAtUtc:timestamp with time zone; ProfileId:character varying(80); RecordedAtUtc:timestamp with time zone; WorkId:uuid","""BookmarkId""","""WorkId""; ""ProfileId"", ""WorkId""","""WorkId"" -> NovelWorks","Works/Media/Reader","REVIEW_PHASE_B","Works.Media.Reader","EXACT_DDL_AND_FINAL_OWNER_UNCONFIRMED","src/Jularr.Web/Data/Migrations/AppDbContextModelSnapshot.cs"
"NovelChapters","Jularr.Web.Features.Novels.NovelChapter","13","Id:uuid; ContentJson:TEXT; GroupTitle:character varying(200); ImportedAt:timestamp with time zone; Number:integer; OriginalText:text; PublishedAt:timestamp with time zone; SourceHash:character varying(64); SourceUrl:character varying(2048); Title:character varying(500); UpdatedAt:timestamp with time zone; VolumeId:uuid; WorkId:uuid","""Id""","""VolumeId""; ""WorkId"", ""Number"") .IsUnique(","""VolumeId"" -> NovelVolumes; ""WorkId"" -> NovelWorks","Works/Media/Reader","REVIEW_PHASE_B","Works.Media.Reader","EXACT_DDL_AND_FINAL_OWNER_UNCONFIRMED","src/Jularr.Web/Data/Migrations/AppDbContextModelSnapshot.cs"
"NovelHighlights","Jularr.Web.Features.Novels.NovelHighlight","11","Id:uuid; ChapterId:uuid; CreatedAt:timestamp with time zone; EndOffset:integer; Language:character varying(16); Note:character varying(2000); ParagraphIndex:integer; ProfileId:character varying(80); StartOffset:integer; Text:character varying(2000); WorkId:uuid","""Id""","""ChapterId""; ""WorkId""; ""ProfileId"", ""WorkId"", ""CreatedAt""; ""ProfileId"", ""ChapterId"", ""Language"", ""ParagraphIndex""","""ChapterId"" -> NovelChapters; ""WorkId"" -> NovelWorks","Works/Media/Reader","REVIEW_PHASE_B","Works.Media.Reader","EXACT_DDL_AND_FINAL_OWNER_UNCONFIRMED","src/Jularr.Web/Data/Migrations/AppDbContextModelSnapshot.cs"
"NovelProgress","Jularr.Web.Features.Novels.NovelProgress","10","Id:uuid; AnchorLanguage:character varying(16); AnchorOffset:integer; AnchorParagraphIndex:integer; AnchorText:character varying(180); ChapterId:uuid; PositionPermille:integer; ProfileId:character varying(80); UpdatedAt:timestamp with time zone; WorkId:uuid","""Id""","""ChapterId""; ""WorkId""; ""ProfileId"", ""WorkId"") .IsUnique(","""ChapterId"" -> NovelChapters; ""WorkId"" -> NovelWorks","Works/Media/Reader","REVIEW_PHASE_B","Works.Media.Reader","EXACT_DDL_AND_FINAL_OWNER_UNCONFIRMED","src/Jularr.Web/Data/Migrations/AppDbContextModelSnapshot.cs"
"NovelTranslations","Jularr.Web.Features.Novels.NovelTranslation","8","Id:uuid; ChapterId:uuid; CreatedAt:timestamp with time zone; PromptVersion:integer; ProviderId:character varying(80); SourceHash:character varying(64); TargetLanguage:character varying(16); Text:text","""Id""","""ChapterId"", ""TargetLanguage"", ""ProviderId"", ""PromptVersion"", ""SourceHash"") .IsUnique(","""ChapterId"" -> NovelChapters","Works/Media/Reader","REVIEW_PHASE_B","Works.Media.Reader","EXACT_DDL_AND_FINAL_OWNER_UNCONFIRMED","src/Jularr.Web/Data/Migrations/AppDbContextModelSnapshot.cs"
"NovelVolumeEditions","Jularr.Web.Features.Novels.NovelVolumeEdition","7","Id:uuid; ContentHash:character varying(64); FileName:character varying(500); ImportedAt:timestamp with time zone; Quality:character varying(40); StoragePath:character varying(2048); VolumeId:uuid","""Id""","""VolumeId"", ""ContentHash"") .IsUnique(","""VolumeId"" -> NovelVolumes","Works/Media/Reader","REVIEW_PHASE_B","Works.Media.Reader","EXACT_DDL_AND_FINAL_OWNER_UNCONFIRMED","src/Jularr.Web/Data/Migrations/AppDbContextModelSnapshot.cs"
"NovelVolumes","Jularr.Web.Features.Novels.NovelVolume","12","Id:uuid; CoverAsset:character varying(120); ImportedAt:timestamp with time zone; Kind:character varying(16); Number:integer; SourceContentHash:character varying(64); SourceFileName:character varying(500); SourceKey:character varying(200); SourceStoragePath:character varying(2048); Title:character varying(500); UpdatedAt:timestamp with time zone; WorkId:uuid","""Id""","""WorkId"", ""Number"") .IsUnique(; ""WorkId"", ""SourceKey"") .IsUnique(","""WorkId"" -> NovelWorks","Works/Media/Reader","REVIEW_PHASE_B","Works.Media.Reader","EXACT_DDL_AND_FINAL_OWNER_UNCONFIRMED","src/Jularr.Web/Data/Migrations/AppDbContextModelSnapshot.cs"
"NovelWorks","Jularr.Web.Features.Novels.NovelWork","21","Id:uuid; Author:character varying(300); BannerImageUrl:character varying(2048); CoverImageUrl:character varying(2048); Description:text; Format:character varying(80); ImportedAt:timestamp with time zone; MetadataChapterCount:integer; MetadataDescription:text; MetadataExternalId:character varying(200); MetadataGenresJson:TEXT; MetadataNativeTitle:character varying(500); MetadataProvider:character varying(80); MetadataStatus:character varying(80); MetadataTitle:character varying(500); MetadataVolumeCount:integer; SourceKey:character varying(80); SourceProvider:character varying(80); SourceUrl:character varying(2048); Title:character varying(500); UpdatedAt:timestamp with time zone","""Id""","""MetadataProvider"", ""MetadataExternalId"") .IsUnique(; ""SourceProvider"", ""SourceKey"") .IsUnique(","","Works/Media/Reader","REVIEW_PHASE_B","Works.Media.Reader","EXACT_DDL_AND_FINAL_OWNER_UNCONFIRMED","src/Jularr.Web/Data/Migrations/AppDbContextModelSnapshot.cs"
"OwnerAccounts","Jularr.Web.Features.Auth.OwnerAccount","7","Id:character varying(32); CreatedAt:timestamp with time zone; IsEnabled:boolean; NormalizedUserName:character varying(80); PasswordHash:character varying(1024); Role:integer; UserName:character varying(80)","""Id""","""NormalizedUserName"") .IsUnique(","","Accounts/Profiles/Auth","REVIEW_PHASE_B","Accounts.Profiles.Auth","EXACT_DDL_AND_FINAL_OWNER_UNCONFIRMED","src/Jularr.Web/Data/Migrations/AppDbContextModelSnapshot.cs"
"PlexLoginAttempts","Jularr.Web.Features.Auth.PlexLoginAttempt","8","Id:uuid; BrowserNonceHash:character varying(64); ClientIdentifier:character varying(120); ExpiresAtUtc:timestamp with time zone; PinId:bigint; ReturnPath:character varying(512); StartedAccountId:character varying(32); VerifiedPlexAccountId:character varying(160)","""Id""","""ExpiresAtUtc""; ""StartedAccountId""","""StartedAccountId"" -> OwnerAccounts","Accounts/Profiles/Auth","REVIEW_PHASE_B","Accounts.Profiles.Auth","EXACT_DDL_AND_FINAL_OWNER_UNCONFIRMED","src/Jularr.Web/Data/Migrations/AppDbContextModelSnapshot.cs"
"ProfilePlaybackPreferences","Jularr.Web.Features.Progress.ProfilePlaybackPreferences","9","ProfileId:character varying(80); AutoplayNext:boolean; DefaultPlaybackSpeed:double precision; PreferredAudioLanguage:character varying(16); PreferredSecondarySubtitleLanguage:character varying(16); PreferredSubtitleLanguage:character varying(16); SubtitleOffsetMs:integer; SubtitleSizePercent:integer; UpdatedAt:timestamp with time zone","""ProfileId""","","","Accounts/Profiles/Auth","REVIEW_PHASE_B","Accounts.Profiles.Auth","EXACT_DDL_AND_FINAL_OWNER_UNCONFIRMED","src/Jularr.Web/Data/Migrations/AppDbContextModelSnapshot.cs"
"ReaderPreferences","Jularr.Web.Features.ReaderPreferences.ReaderPreference","54","Id:uuid; AutoContinueChapters:boolean; AutoScrollSpeed:double precision; BackgroundAssetId:character varying(120); BackgroundIntensity:double precision; BackgroundMotionMode:character varying(24); BookmarkColor:character varying(16); BookmarkStyle:character varying(24); ChapterStyle:character varying(32); FontFamily:character varying(100); FontSizeRem:double precision; FuriganaEnabled:boolean; GenreArtworkEnabled:boolean; GenreTheme:character varying(48); Hyphenation:boolean; ImageColorScheme:character varying(16); ImageCropBorders:boolean; ImageFirstPageAlone:boolean; ImageFit:character varying(16); ImageFlowMode:character varying(24); ImagePageDirection:character varying(16); ImagePageGapPx:integer; ImageSharpen:boolean; ImageZoomPercent:integer; LineHeight:double precision; PageTransition:character varying(24); PaperStyle:character varying(32); ParagraphIndent:boolean; ParagraphSpacingEm:double precision; ProfileId:character varying(80); ReadingMode:character varying(24); ScopeKey:character varying(80); ShowIllustrations:boolean; ShowPageNumbers:boolean; TextAlignment:character varying(24); TextWidthPx:integer; ThemeBlurPx:double precision; ThemeBrightness:double precision; ThemeContrast:double precision; ThemeEffectStrength:double precision; ThemeGrainStrength:double precision; ThemeParallaxStrength:double precision; ThemeSaturation:double precision; ThemeTextBackdropStrength:double precision; ThemeTintStrength:double precision; ThemeVignetteStrength:double precision; TtsAutoContinueChapters:boolean; TtsPitch:double precision; TtsProviderId:character varying(24); TtsRate:double precision; TtsVoiceIds:character varying(8000); TtsVolume:double precision; TwoPageSpread:boolean; UpdatedAt:timestamp with time zone","""Id""","""ProfileId"", ""ScopeKey"") .IsUnique(","","Accounts/Profiles/Auth","REVIEW_PHASE_B","Accounts.Profiles.Auth","EXACT_DDL_AND_FINAL_OWNER_UNCONFIRMED","src/Jularr.Web/Data/Migrations/AppDbContextModelSnapshot.cs"
"SharedCourseInstances","Jularr.Web.Features.Learning.Curriculum.SharedCourseInstance","8","Id:uuid; BlueprintId:uuid; ContentFingerprint:character varying(64); CreatedAt:timestamp with time zone; SourceLanguage:character varying(35); TargetLanguage:character varying(35); Title:character varying(300); UpdatedAt:timestamp with time zone","""Id""","""ContentFingerprint"") .IsUnique(; ""BlueprintId"", ""SourceLanguage"", ""TargetLanguage""","""BlueprintId"" -> CurriculumBlueprints","Learning/AI","REVIEW_PHASE_B","Learning.AI","EXACT_DDL_AND_FINAL_OWNER_UNCONFIRMED","src/Jularr.Web/Data/Migrations/AppDbContextModelSnapshot.cs"
"StoredFiles","Jularr.Web.Features.Library.StoredFile","8","Id:uuid; DiscoveredAt:timestamp with time zone; EpisodeId:uuid; LastWriteTimeUtc:text; LibraryRootId:uuid; MediaAssetId:uuid; Path:character varying(2048); SizeBytes:bigint","""Id""","""EpisodeId""; ""MediaAssetId""; ""Path"") .IsUnique(; ""LibraryRootId"", ""EpisodeId""","""EpisodeId"" -> Episodes; ""LibraryRootId"" -> LibraryRoots; ""MediaAssetId"" -> MediaAssets","Media/Playback/Progress","REVIEW_PHASE_B","Media.Playback.Progress","EXACT_DDL_AND_FINAL_OWNER_UNCONFIRMED","src/Jularr.Web/Data/Migrations/AppDbContextModelSnapshot.cs"
"SubtitleCues","Jularr.Web.Features.Subtitles.SubtitleCue","6","Id:bigint; Id:?; EndMs:integer; StartMs:integer; SubtitleTrackId:uuid; Text:text","""Id""","""SubtitleTrackId"", ""StartMs""","""SubtitleTrackId"" -> SubtitleTracks","Media/Playback/Progress","REVIEW_PHASE_B","Media.Playback.Progress","EXACT_DDL_AND_FINAL_OWNER_UNCONFIRMED","src/Jularr.Web/Data/Migrations/AppDbContextModelSnapshot.cs"
"SubtitleLanguageProfileItems","Jularr.Web.Features.Subtitles.SubtitleLanguageProfileItem","6","Id:uuid; Forced:boolean; LanguageTag:character varying(16); ProfileId:uuid; Sdh:boolean; SortOrder:integer","""Id""","""ProfileId"", ""SortOrder""","""ProfileId"" -> SubtitleLanguageProfiles","Media/Playback/Progress","REVIEW_PHASE_B","Media.Playback.Progress","EXACT_DDL_AND_FINAL_OWNER_UNCONFIRMED","src/Jularr.Web/Data/Migrations/AppDbContextModelSnapshot.cs"
"SubtitleLanguageProfiles","Jularr.Web.Features.Subtitles.SubtitleLanguageProfile","5","Id:uuid; CreatedAtUtc:timestamp with time zone; CutoffPosition:integer; Name:character varying(120); UpdatedAtUtc:timestamp with time zone","""Id""","""Name"") .IsUnique(","","Media/Playback/Progress","REVIEW_PHASE_B","Media.Playback.Progress","EXACT_DDL_AND_FINAL_OWNER_UNCONFIRMED","src/Jularr.Web/Data/Migrations/AppDbContextModelSnapshot.cs"
"SubtitleProfileAssignments","Jularr.Web.Features.Subtitles.SubtitleProfileAssignment","4","Id:uuid; LibraryRootId:uuid; MediaType:integer; ProfileId:uuid","""Id""","""LibraryRootId""; ""ProfileId""; ""MediaType"", ""LibraryRootId""","""LibraryRootId"" -> LibraryRoots; ""ProfileId"" -> SubtitleLanguageProfiles","Media/Playback/Progress","REVIEW_PHASE_B","Media.Playback.Progress","EXACT_DDL_AND_FINAL_OWNER_UNCONFIRMED","src/Jularr.Web/Data/Migrations/AppDbContextModelSnapshot.cs"
"SubtitleTracks","Jularr.Web.Features.Subtitles.SubtitleTrack","9","Id:uuid; EpisodeId:uuid; Forced:boolean; Format:character varying(16); ImportedAt:timestamp with time zone; Language:character varying(16); Path:character varying(2048); Sdh:boolean; SourceUpdatedAt:timestamp with time zone","""Id""","""Path"") .IsUnique(; ""EpisodeId"", ""Language""","""EpisodeId"" -> Episodes","Media/Playback/Progress","REVIEW_PHASE_B","Media.Playback.Progress","EXACT_DDL_AND_FINAL_OWNER_UNCONFIRMED","src/Jularr.Web/Data/Migrations/AppDbContextModelSnapshot.cs"
"Terms","Jularr.Web.Features.Vocabulary.Term","5","Id:uuid; Canonical:character varying(300); Language:character varying(16); Meaning:character varying(1000); Reading:character varying(300)","""Id""","""Language"", ""Canonical"") .IsUnique(","","Learning/AI","REVIEW_PHASE_B","Learning.AI","EXACT_DDL_AND_FINAL_OWNER_UNCONFIRMED","src/Jularr.Web/Data/Migrations/AppDbContextModelSnapshot.cs"
"TvSeries","Jularr.Web.Features.Tv.TvSeries","9","Id:uuid; CreatedAt:timestamp with time zone; Key:character varying(500); LibraryPath:character varying(1024); Title:character varying(1000); TmdbId:character varying(64); TvdbId:character varying(64); UpdatedAt:timestamp with time zone; Year:integer","""Id""","""Key"") .IsUnique(","","Works/Media/Reader","REVIEW_PHASE_B","Works.Media.Reader","EXACT_DDL_AND_FINAL_OWNER_UNCONFIRMED","src/Jularr.Web/Data/Migrations/AppDbContextModelSnapshot.cs"
"WantedItems","Jularr.Web.Features.Acquisition.Wanted.WantedItem","6","Id:bigint; Id:?; CreatedAt:timestamp with time zone; TargetId:uuid; TargetKind:smallint; WorkId:bigint","""Id""","""TargetKind"", ""TargetId""; ""WorkId"", ""TargetKind"", ""TargetId"") .IsUnique(; ""WorkId"", ""TargetKind"", ""TargetId""), false","""WorkId"" -> Works","Acquisition/Requests","REVIEW_PHASE_B","Acquisition.Requests","EXACT_DDL_AND_FINAL_OWNER_UNCONFIRMED","src/Jularr.Web/Data/Migrations/AppDbContextModelSnapshot.cs"
"WorkArtwork","Jularr.Web.Features.MediaCore.WorkArtwork","16","Id:bigint; Id:?; CacheKey:character varying(32); CachedAt:timestamp with time zone; FetchedAt:timestamp with time zone; Height:integer; IsManualOverride:boolean; Language:character varying(8); ProviderFilePath:character varying(200); Slot:integer; Source:character varying(80); UpdatedAt:timestamp with time zone; VoteAverage:double precision; VoteCount:integer; Width:integer; WorkId:bigint","""Id""","""CacheKey"") .HasFilter(""\""CacheKey\"" IS NOT NULL""; ""WorkId"", ""Slot"", ""Language"") .IsUnique(","""WorkId"" -> Works","Works/Media/Reader","REVIEW_PHASE_B","Works.Media.Reader","EXACT_DDL_AND_FINAL_OWNER_UNCONFIRMED","src/Jularr.Web/Data/Migrations/AppDbContextModelSnapshot.cs"
"WorkChapters","Jularr.Web.Features.MediaCore.WorkChapter","9","Id:uuid; CreatedAt:timestamp with time zone; ExternalId:character varying(200); IsSpecial:boolean; Number:double precision; Provider:character varying(64); Title:character varying(500); VolumeId:uuid; WorkId:bigint","""Id""","""VolumeId""; ""WorkId"", ""Number"") .IsUnique(; ""WorkId"", ""Provider"", ""ExternalId"") .IsUnique() .HasFilter(""\""ExternalId\"" IS NOT NULL""","""VolumeId"" -> WorkVolumes; ""WorkId"" -> Works","Works/Media/Reader","REVIEW_PHASE_B","Works.Media.Reader","EXACT_DDL_AND_FINAL_OWNER_UNCONFIRMED","src/Jularr.Web/Data/Migrations/AppDbContextModelSnapshot.cs"
"WorkCredits","Jularr.Web.Features.MediaCore.WorkCredit","10","Id:bigint; Id:?; FetchedAt:timestamp with time zone; Kind:integer; Name:character varying(300); Position:integer; ProviderPersonId:character varying(64); Role:character varying(300); Source:character varying(80); WorkId:bigint","""Id""","""WorkId"", ""Kind"", ""Position"") .IsUnique(","""WorkId"" -> Works","Works/Media/Reader","REVIEW_PHASE_B","Works.Media.Reader","EXACT_DDL_AND_FINAL_OWNER_UNCONFIRMED","src/Jularr.Web/Data/Migrations/AppDbContextModelSnapshot.cs"
"WorkEditions","Jularr.Web.Features.MediaCore.WorkEdition","11","Id:uuid; CreatedAt:timestamp with time zone; EditionKey:character varying(200); Format:character varying(80); IsPrimary:boolean; Isbn13:character varying(13); Language:character varying(24); Publisher:character varying(300); Title:character varying(500); UpdatedAt:timestamp with time zone; WorkId:bigint","""Id""","""Isbn13""; ""WorkId"", ""EditionKey"") .IsUnique(; ""WorkId"", ""IsPrimary""","""WorkId"" -> Works","Works/Media/Reader","REVIEW_PHASE_B","Works.Media.Reader","EXACT_DDL_AND_FINAL_OWNER_UNCONFIRMED","src/Jularr.Web/Data/Migrations/AppDbContextModelSnapshot.cs"
"WorkEpisodes","Jularr.Web.Features.MediaCore.WorkEpisode","10","Id:uuid; AbsoluteNumber:integer; AiredAt:timestamp with time zone; CreatedAt:timestamp with time zone; EpisodeNumber:integer; IsSpecial:boolean; SeasonId:uuid; SeasonNumber:integer; Title:character varying(500); WorkId:bigint","""Id""","""SeasonId""; ""WorkId"", ""AbsoluteNumber""; ""WorkId"", ""SeasonNumber"", ""EpisodeNumber"") .IsUnique(","""SeasonId"" -> WorkSeasons; ""WorkId"" -> Works","Works/Media/Reader","REVIEW_PHASE_B","Works.Media.Reader","EXACT_DDL_AND_FINAL_OWNER_UNCONFIRMED","src/Jularr.Web/Data/Migrations/AppDbContextModelSnapshot.cs"
"WorkExternalIdentities","Jularr.Web.Features.MediaCore.WorkExternalIdentity","12","Id:uuid; Confidence:double precision; CreatedAt:timestamp with time zone; Evidence:character varying(500); ExternalId:character varying(200); IsManualOverride:boolean; IsPrimary:boolean; MediaType:integer; Provider:character varying(80); ReviewState:integer; UpdatedAt:timestamp with time zone; WorkId:bigint","""Id""","""WorkId""; ""Provider"", ""MediaType"", ""ExternalId"") .IsUnique(","""WorkId"" -> Works","Works/Media/Reader","REVIEW_PHASE_B","Works.Media.Reader","EXACT_DDL_AND_FINAL_OWNER_UNCONFIRMED","src/Jularr.Web/Data/Migrations/AppDbContextModelSnapshot.cs"
"WorkFieldProvenance","Jularr.Web.Features.MediaCore.WorkFieldProvenance","10","Id:uuid; Confidence:double precision; FallbackPriority:integer; FetchedAt:timestamp with time zone; FieldKey:character varying(80); IsManualOverride:boolean; ProviderExternalId:character varying(200); Source:character varying(80); UpdatedAt:timestamp with time zone; WorkId:bigint","""Id""","""WorkId"", ""FieldKey"") .IsUnique(","""WorkId"" -> Works","Works/Media/Reader","REVIEW_PHASE_B","Works.Media.Reader","EXACT_DDL_AND_FINAL_OWNER_UNCONFIRMED","src/Jularr.Web/Data/Migrations/AppDbContextModelSnapshot.cs"
"WorkIdentityChanges","Jularr.Web.Features.MediaCore.WorkIdentityChange","11","Id:uuid; Actor:character varying(120); ChangeType:integer; CreatedAt:timestamp with time zone; Details:character varying(2000); ExternalId:character varying(200); MediaType:integer; Provider:character varying(80); SourceWorkId:bigint; Summary:character varying(500); TargetWorkId:bigint","""Id""","""CreatedAt""; ""SourceWorkId""; ""TargetWorkId""","","Works/Media/Reader","REVIEW_PHASE_B","Works.Media.Reader","EXACT_DDL_AND_FINAL_OWNER_UNCONFIRMED","src/Jularr.Web/Data/Migrations/AppDbContextModelSnapshot.cs"
"WorkLocalizedValues","Jularr.Web.Features.MediaCore.WorkLocalizedValue","16","Id:bigint; Id:?; Confidence:double precision; FallbackPriority:integer; FetchedAt:timestamp with time zone; Field:integer; IsManualOverride:boolean; Locale:character varying(35); Origin:integer; Position:integer; ProviderExternalId:character varying(200); Source:character varying(80); SourceLocale:character varying(35); UpdatedAt:timestamp with time zone; Value:character varying(4000); WorkId:bigint","""Id""","""WorkId"", ""Locale"", ""Field"", ""Position"") .IsUnique(","""WorkId"" -> Works","Works/Media/Reader","REVIEW_PHASE_B","Works.Media.Reader","EXACT_DDL_AND_FINAL_OWNER_UNCONFIRMED","src/Jularr.Web/Data/Migrations/AppDbContextModelSnapshot.cs"
"WorkMetadataFacts","Jularr.Web.Features.MediaCore.WorkMetadataFacts","12","Id:bigint; Id:?; Certification:character varying(32); CertificationCountry:character varying(2); OriginalLanguage:character varying(16); OriginalTitle:character varying(1000); Rating:double precision; RatingCount:integer; ReleaseDate:date; RuntimeMinutes:integer; UpdatedAt:timestamp with time zone; WorkId:bigint","""Id""","""WorkId"") .IsUnique(","""WorkId"" -> Works","Works/Media/Reader","REVIEW_PHASE_B","Works.Media.Reader","EXACT_DDL_AND_FINAL_OWNER_UNCONFIRMED","src/Jularr.Web/Data/Migrations/AppDbContextModelSnapshot.cs"
"WorkMetadataRefreshes","Jularr.Web.Features.MediaCore.WorkMetadataRefresh","13","Id:bigint; Id:?; Attempts:integer; CreatedAt:timestamp with time zone; LastAttemptAt:timestamp with time zone; LastError:character varying(2000); LastSucceededAt:timestamp with time zone; Locale:character varying(35); NextAttemptAt:timestamp with time zone; Priority:integer; Status:integer; UpdatedAt:timestamp with time zone; WorkId:bigint","""Id""","""NextAttemptAt""; ""Priority"", ""NextAttemptAt""; ""WorkId"", ""Locale"") .IsUnique(","""WorkId"" -> Works","Works/Media/Reader","REVIEW_PHASE_B","Works.Media.Reader","EXACT_DDL_AND_FINAL_OWNER_UNCONFIRMED","src/Jularr.Web/Data/Migrations/AppDbContextModelSnapshot.cs"
"WorkRelations","Jularr.Web.Features.MediaCore.WorkRelation","7","Id:uuid; CreatedAt:timestamp with time zone; FromWorkId:bigint; IsManualOverride:boolean; RelationType:integer; Source:character varying(80); ToWorkId:bigint","""Id""","""ToWorkId""; ""FromWorkId"", ""ToWorkId"", ""RelationType"") .IsUnique(","""FromWorkId"" -> Works; ""ToWorkId"" -> Works","Works/Media/Reader","REVIEW_PHASE_B","Works.Media.Reader","EXACT_DDL_AND_FINAL_OWNER_UNCONFIRMED","src/Jularr.Web/Data/Migrations/AppDbContextModelSnapshot.cs"
"Works","Jularr.Web.Features.MediaCore.Work","8","Id:bigint; Id:?; CanonicalTitle:character varying(1000); CreatedAt:timestamp with time zone; IsAnime:boolean; MediaType:integer; UpdatedAt:timestamp with time zone; Year:integer","""Id""","""IsAnime"") .HasFilter(""\""IsAnime\""""; ""MediaType""","","Works/Media/Reader","REVIEW_PHASE_B","Works.Media.Reader","EXACT_DDL_AND_FINAL_OWNER_UNCONFIRMED","src/Jularr.Web/Data/Migrations/AppDbContextModelSnapshot.cs"
"WorkSeasons","Jularr.Web.Features.MediaCore.WorkSeason","6","Id:uuid; CreatedAt:timestamp with time zone; IsSpecial:boolean; SeasonNumber:integer; Title:character varying(500); WorkId:bigint","""Id""","""WorkId"", ""SeasonNumber"") .IsUnique(","""WorkId"" -> Works","Works/Media/Reader","REVIEW_PHASE_B","Works.Media.Reader","EXACT_DDL_AND_FINAL_OWNER_UNCONFIRMED","src/Jularr.Web/Data/Migrations/AppDbContextModelSnapshot.cs"
"WorkSourceLinks","Jularr.Web.Features.MediaCore.WorkSourceLink","5","Id:uuid; CreatedAt:timestamp with time zone; SourceId:uuid; SourceKind:integer; WorkId:bigint","""Id""","""WorkId""; ""SourceKind"", ""SourceId"") .IsUnique(","""WorkId"" -> Works","Works/Media/Reader","REVIEW_PHASE_B","Works.Media.Reader","EXACT_DDL_AND_FINAL_OWNER_UNCONFIRMED","src/Jularr.Web/Data/Migrations/AppDbContextModelSnapshot.cs"
"WorkTitles","Jularr.Web.Features.MediaCore.WorkTitle","9","Id:uuid; CreatedAt:timestamp with time zone; IsPrimary:boolean; Language:character varying(24); NormalizedValue:character varying(400); Source:character varying(80); TitleType:integer; Value:character varying(1000); WorkId:bigint","""Id""","""NormalizedValue""; ""WorkId"", ""TitleType"", ""Language"", ""NormalizedValue"") .IsUnique(","""WorkId"" -> Works","Works/Media/Reader","REVIEW_PHASE_B","Works.Media.Reader","EXACT_DDL_AND_FINAL_OWNER_UNCONFIRMED","src/Jularr.Web/Data/Migrations/AppDbContextModelSnapshot.cs"
"WorkTracks","Jularr.Web.Features.MediaCore.WorkTrack","8","Id:uuid; CreatedAt:timestamp with time zone; Disc:integer; DurationMs:integer; MusicRecordingId:uuid; Number:integer; Title:character varying(500); WorkId:bigint","""Id""","""MusicRecordingId""; ""WorkId"", ""Disc"", ""Number"") .IsUnique(","""MusicRecordingId"" -> MusicRecordings; ""WorkId"" -> Works","Works/Media/Reader","REVIEW_PHASE_B","Works.Media.Reader","EXACT_DDL_AND_FINAL_OWNER_UNCONFIRMED","src/Jularr.Web/Data/Migrations/AppDbContextModelSnapshot.cs"
"WorkUnitBindings","Jularr.Web.Features.MediaCore.WorkUnitBinding","9","Id:bigint; Id:?; CreatedAt:timestamp with time zone; IsOwnerMapping:boolean; LocalId:character varying(64); LocalKind:smallint; WorkChapterId:uuid; WorkId:bigint; WorkVolumeId:uuid","""Id""","""WorkChapterId""; ""WorkId""; ""WorkVolumeId""; ""LocalKind"", ""LocalId""; ""LocalKind"", ""LocalId"", ""WorkChapterId"") .IsUnique() .HasFilter(""\""WorkChapterId\"" IS NOT NULL""; ""LocalKind"", ""LocalId"", ""WorkVolumeId"") .IsUnique() .HasFilter(""\""WorkVolumeId\"" IS NOT NULL""","""WorkChapterId"" -> WorkChapters; ""WorkId"" -> Works; ""WorkVolumeId"" -> WorkVolumes","Works/Media/Reader","REVIEW_PHASE_B","Works.Media.Reader","EXACT_DDL_AND_FINAL_OWNER_UNCONFIRMED","src/Jularr.Web/Data/Migrations/AppDbContextModelSnapshot.cs"
"WorkVersions","Jularr.Web.Features.MediaCore.WorkVersion","10","Id:uuid; CreatedAt:timestamp with time zone; EditionId:uuid; Notes:character varying(1000); Quality:character varying(80); ReleaseGroup:character varying(200); Source:character varying(80); UnitKey:character varying(80); VersionKey:character varying(200); WorkId:bigint","""Id""","""EditionId""; ""WorkId"", ""UnitKey""; ""WorkId"", ""VersionKey"") .IsUnique(","""EditionId"" -> WorkEditions; ""WorkId"" -> Works","Works/Media/Reader","REVIEW_PHASE_B","Works.Media.Reader","EXACT_DDL_AND_FINAL_OWNER_UNCONFIRMED","src/Jularr.Web/Data/Migrations/AppDbContextModelSnapshot.cs"
"WorkVolumes","Jularr.Web.Features.MediaCore.WorkVolume","7","Id:uuid; CreatedAt:timestamp with time zone; ExternalId:character varying(200); Number:integer; Provider:character varying(64); Title:character varying(500); WorkId:bigint","""Id""","""WorkId"", ""Number"") .IsUnique(; ""WorkId"", ""Provider"", ""ExternalId"") .IsUnique() .HasFilter(""\""ExternalId\"" IS NOT NULL""","""WorkId"" -> Works","Works/Media/Reader","REVIEW_PHASE_B","Works.Media.Reader","EXACT_DDL_AND_FINAL_OWNER_UNCONFIRMED","src/Jularr.Web/Data/Migrations/AppDbContextModelSnapshot.cs"
"AccountSessionStates","RAW_SQL_NO_EF_ENTITY","2","AccountId:TEXT; Version:bigint","PK_AccountSessionStates","","FK_AccountSessionStates_OwnerAccounts_AccountId","Accounts/Profiles/Auth","REVIEW_PHASE_B","Accounts.Profiles.Auth","EXACT_DDL_AND_OWNER_UNCONFIRMED","src/Jularr.Web/Data/Migrations/20260929013145_Epoch4PostgresBaseline.cs"
"AcquisitionAccessPolicies","RAW_SQL_NO_EF_ENTITY","4","Kind:TEXT; UserAddMode:TEXT; ManualAddMode:TEXT; UpdatedAt:TEXT","PK_AcquisitionAccessPolicies","","","Acquisition/Requests/Calendar","REVIEW_PHASE_B","Acquisition.Requests.Calendar","EXACT_DDL_AND_OWNER_UNCONFIRMED","src/Jularr.Web/Data/Migrations/20260929013145_Epoch4PostgresBaseline.cs"
"AcquisitionRequests","RAW_SQL_NO_EF_ENTITY","17","Id:TEXT; Kind:TEXT; Provider:TEXT; ExternalId:TEXT; Title:TEXT; Subtitle:TEXT; CoverImageUrl:TEXT; PayloadJson:TEXT; RequestedByProfileId:TEXT; Status:TEXT; StatusMessage:TEXT; OperationId:TEXT; ResultUrl:TEXT; CreatedAt:TEXT; UpdatedAt:TEXT; DecidedByProfileId:TEXT; DecidedAt:TEXT","PK_AcquisitionRequests","","","Acquisition/Requests/Calendar","REVIEW_PHASE_B","Acquisition.Requests.Calendar","EXACT_DDL_AND_OWNER_UNCONFIRMED","src/Jularr.Web/Data/Migrations/20260929013145_Epoch4PostgresBaseline.cs"
"AiModelCatalogs","RAW_SQL_NO_EF_ENTITY","6","ProviderKey:TEXT; ModelsJson:TEXT; Discovery:TEXT; FetchedAt:TEXT; LastAttemptAt:TEXT; LastError:TEXT","PK_AiModelCatalogs","","","Learning/AI","REVIEW_PHASE_B","Learning.AI","EXACT_DDL_AND_OWNER_UNCONFIRMED","src/Jularr.Web/Data/Migrations/20260929013145_Epoch4PostgresBaseline.cs"
"AiUsageDaily","RAW_SQL_NO_EF_ENTITY","20","ProfileId:TEXT; Day:TEXT; ProviderId:TEXT; Model:TEXT; Operation:TEXT; Requests:bigint; EstimatedRequests:bigint; InputTokens:bigint; CachedInputTokens:bigint; OutputTokens:bigint; ReasoningOutputTokens:bigint; EstimatedInputTokens:bigint; EstimatedOutputTokens:bigint; ContextTokens:bigint; CacheHits:bigint; ResumedChunks:bigint; Retries:bigint; Failures:bigint; Cancellations:bigint; DurationMs:bigint","PK_AiUsageDaily","","","Learning/AI","REVIEW_PHASE_B","Learning.AI","EXACT_DDL_AND_OWNER_UNCONFIRMED","src/Jularr.Web/Data/Migrations/20260929013145_Epoch4PostgresBaseline.cs"
"AnimeMappingAuditEntries","RAW_SQL_NO_EF_ENTITY","7","Id:TEXT; AnimeId:TEXT; Action:TEXT; Summary:TEXT; Details:TEXT; Actor:TEXT; CreatedAt:TEXT","PK_AnimeMappingAuditEntries","","","Other review","REVIEW_PHASE_B","Other review","EXACT_DDL_AND_OWNER_UNCONFIRMED","src/Jularr.Web/Data/Migrations/20260929013145_Epoch4PostgresBaseline.cs"
"ChapterArtworkPreferences","RAW_SQL_NO_EF_ENTITY","7","ProfileId:TEXT; Enabled:bigint; AutoGenerate:bigint; Style:TEXT; Quality:TEXT; Variations:bigint; UpdatedAt:TEXT","PK_ChapterArtworkPreferences","","","Works/Reader/Artwork","REVIEW_PHASE_B","Works.Reader.Artwork","EXACT_DDL_AND_OWNER_UNCONFIRMED","src/Jularr.Web/Data/Migrations/20260929013145_Epoch4PostgresBaseline.cs"
"ChapterArtworkWorkSettings","RAW_SQL_NO_EF_ENTITY","6","WorkId:TEXT; Enabled:bigint; Style:TEXT; SeriesStyle:TEXT; UseChapterTitles:bigint; UpdatedAt:TEXT","PK_ChapterArtworkWorkSettings","","","Works/Reader/Artwork","REVIEW_PHASE_B","Works.Reader.Artwork","EXACT_DDL_AND_OWNER_UNCONFIRMED","src/Jularr.Web/Data/Migrations/20260929013145_Epoch4PostgresBaseline.cs"
"ChapterArtworks","RAW_SQL_NO_EF_ENTITY","24","Id:TEXT; WorkId:TEXT; ChapterId:TEXT; ChapterNumber:bigint; Status:TEXT; AssetPath:TEXT; MediaType:TEXT; ContentHash:TEXT; ByteSize:bigint; ProviderId:TEXT; Model:TEXT; PromptVersion:bigint; ContextHash:TEXT; ContextScope:TEXT; Prompt:TEXT; NeutralPrompt:bigint; Style:TEXT; Quality:TEXT; Error:TEXT; OperationId:TEXT; RequestedByProfileId:TEXT; CreatedAt:TEXT; UpdatedAt:TEXT; AcceptedAt:TEXT","PK_ChapterArtworks","","","Works/Reader/Artwork","REVIEW_PHASE_B","Works.Reader.Artwork","EXACT_DDL_AND_OWNER_UNCONFIRMED","src/Jularr.Web/Data/Migrations/20260929013145_Epoch4PostgresBaseline.cs"
"Events","RAW_SQL_NO_EF_ENTITY","12","Id:TEXT; Category:integer; Audience:integer; ProfileId:TEXT; MediaType:TEXT; SubjectId:TEXT; MessageParamsJson:TEXT; Severity:integer; DeepLink:TEXT; DedupKey:TEXT; RelatedOperationId:TEXT; CreatedAtUtc:TEXT","PK_Events","","","Operations/Events/Notifications","REVIEW_PHASE_B","Operations.Events.Notifications","EXACT_DDL_AND_OWNER_UNCONFIRMED","src/Jularr.Web/Data/Migrations/20260929013145_Epoch4PostgresBaseline.cs"
"Franchises","RAW_SQL_NO_EF_ENTITY","8","Id:TEXT; Title:TEXT; SeedMediaType:TEXT; SeedProvider:TEXT; SeedExternalId:TEXT; CreatedAtUtc:TEXT; UpdatedAtUtc:TEXT; LastRefreshedAtUtc:TEXT","PK_Franchises","","","Works/Reader/Artwork","REVIEW_PHASE_B","Works.Reader.Artwork","EXACT_DDL_AND_OWNER_UNCONFIRMED","src/Jularr.Web/Data/Migrations/20260929013145_Epoch4PostgresBaseline.cs"
"FranchiseMembers","RAW_SQL_NO_EF_ENTITY","15","FranchiseId:TEXT; MediaType:TEXT; Provider:TEXT; ExternalId:TEXT; Title:TEXT; NativeTitle:TEXT; CoverImageUrl:TEXT; Format:TEXT; Status:TEXT; Year:integer; LocalMediaId:TEXT; DetailsUrl:TEXT; RelationType:TEXT; IsSeed:integer; UpdatedAtUtc:TEXT","PK_FranchiseMembers","","FK_FranchiseMembers_Franchises","Works/Reader/Artwork","REVIEW_PHASE_B","Works.Reader.Artwork","EXACT_DDL_AND_OWNER_UNCONFIRMED","src/Jularr.Web/Data/Migrations/20260929013145_Epoch4PostgresBaseline.cs"
"ProfileFranchiseFollows","RAW_SQL_NO_EF_ENTITY","3","ProfileId:TEXT; FranchiseId:TEXT; FollowedAtUtc:TEXT","PK_ProfileFranchiseFollows","","FK_ProfileFranchiseFollows_Franchises","Accounts/Profiles/Auth","REVIEW_PHASE_B","Accounts.Profiles.Auth","EXACT_DDL_AND_OWNER_UNCONFIRMED","src/Jularr.Web/Data/Migrations/20260929013145_Epoch4PostgresBaseline.cs"
"InstanceAppearanceSettings","RAW_SQL_NO_EF_ENTITY","5","Id:integer; DefaultThemeId:TEXT; AllowProfileThemeOverride:integer; AllowProfileAccentOverride:integer; UpdatedAt:TEXT","PK_InstanceAppearanceSettings","","","UI/Localization/Discovery","REVIEW_PHASE_B","UI.Localization.Discovery","EXACT_DDL_AND_OWNER_UNCONFIRMED","src/Jularr.Web/Data/Migrations/20260929013145_Epoch4PostgresBaseline.cs"
"KnownDevices","RAW_SQL_NO_EF_ENTITY","8","Id:TEXT; ProfileId:TEXT; ClientKind:TEXT; Label:TEXT; AppVersion:TEXT; UserAgent:TEXT; FirstSeenUtc:timestamp; LastSeenUtc:timestamp","PK_KnownDevices","","FK_KnownDevices_OwnerAccounts_ProfileId","Accounts/Profiles/Auth","REVIEW_PHASE_B","Accounts.Profiles.Auth","EXACT_DDL_AND_OWNER_UNCONFIRMED","src/Jularr.Web/Data/Migrations/20260929013145_Epoch4PostgresBaseline.cs"
"LearningCapabilityOverrides","RAW_SQL_NO_EF_ENTITY","6","ProfileId:TEXT; ScopeType:TEXT; ScopeKey:TEXT; Capability:TEXT; IsEnabled:integer; UpdatedAt:TEXT","PK_LearningCapabilityOverrides","","","Learning/AI","REVIEW_PHASE_B","Learning.AI","EXACT_DDL_AND_OWNER_UNCONFIRMED","src/Jularr.Web/Data/Migrations/20260929013145_Epoch4PostgresBaseline.cs"
"LearningScopeModes","RAW_SQL_NO_EF_ENTITY","5","ProfileId:TEXT; ScopeType:TEXT; ScopeKey:TEXT; ModeOverride:TEXT; UpdatedAt:TEXT","PK_LearningScopeModes","","","Learning/AI","REVIEW_PHASE_B","Learning.AI","EXACT_DDL_AND_OWNER_UNCONFIRMED","src/Jularr.Web/Data/Migrations/20260929013145_Epoch4PostgresBaseline.cs"
"MangaSeries","RAW_SQL_NO_EF_ENTITY","14","Id:TEXT; Title:TEXT; SourcePath:TEXT; MetadataProvider:TEXT; MetadataExternalId:TEXT; MetadataTitle:TEXT; MetadataNativeTitle:TEXT; MetadataDescription:TEXT; CoverImageUrl:TEXT; BannerImageUrl:TEXT; MetadataStatus:TEXT; Direction:TEXT; CreatedAt:TEXT; UpdatedAt:TEXT","PK_MangaSeries","","","Works/Reader/Artwork","REVIEW_PHASE_B","Works.Reader.Artwork","EXACT_DDL_AND_OWNER_UNCONFIRMED","src/Jularr.Web/Data/Migrations/20260929013145_Epoch4PostgresBaseline.cs"
"MangaVolumes","RAW_SQL_NO_EF_ENTITY","6","Id:TEXT; SeriesId:TEXT; Number:integer; Title:TEXT; CreatedAt:TEXT; UpdatedAt:TEXT","PK_MangaVolumes","","FK_MangaVolumes_MangaSeries_SeriesId","Works/Reader/Artwork","REVIEW_PHASE_B","Works.Reader.Artwork","EXACT_DDL_AND_OWNER_UNCONFIRMED","src/Jularr.Web/Data/Migrations/20260929013145_Epoch4PostgresBaseline.cs"
"MangaChapters","RAW_SQL_NO_EF_ENTITY","11","Id:TEXT; SeriesId:TEXT; Number:double; VolumeNumber:integer; Title:TEXT; SourcePath:TEXT; SourceKind:TEXT; PageCount:integer; SourceUpdatedAt:TEXT; CreatedAt:TEXT; UpdatedAt:TEXT","PK_MangaChapters","","FK_MangaChapters_MangaVolumes_VolumeId; FK_MangaChapters_MangaSeries_SeriesId","Works/Reader/Artwork","REVIEW_PHASE_B","Works.Reader.Artwork","EXACT_DDL_AND_OWNER_UNCONFIRMED","src/Jularr.Web/Data/Migrations/20260929013145_Epoch4PostgresBaseline.cs"
"MangaPages","RAW_SQL_NO_EF_ENTITY","6","Id:TEXT; ChapterId:TEXT; PageIndex:integer; CachedPath:TEXT; MimeType:TEXT; SourceEntry:TEXT","PK_MangaPages","","FK_MangaPages_MangaChapters_ChapterId","Works/Reader/Artwork","REVIEW_PHASE_B","Works.Reader.Artwork","EXACT_DDL_AND_OWNER_UNCONFIRMED","src/Jularr.Web/Data/Migrations/20260929013145_Epoch4PostgresBaseline.cs"
"MangaBookmarks","RAW_SQL_NO_EF_ENTITY","7","Id:TEXT; ProfileId:TEXT; SeriesId:TEXT; ChapterId:TEXT; PageIndex:integer; Label:TEXT; CreatedAt:TEXT","PK_MangaBookmarks","","FK_MangaBookmarks_MangaSeries_SeriesId; FK_MangaBookmarks_MangaChapters_ChapterId","Works/Reader/Artwork","REVIEW_PHASE_B","Works.Reader.Artwork","EXACT_DDL_AND_OWNER_UNCONFIRMED","src/Jularr.Web/Data/Migrations/20260929013145_Epoch4PostgresBaseline.cs"
"MangaProgress","RAW_SQL_NO_EF_ENTITY","6","Id:TEXT; ProfileId:TEXT; SeriesId:TEXT; ChapterId:TEXT; PageIndex:integer; UpdatedAt:TEXT","PK_MangaProgress","","FK_MangaProgress_MangaSeries_SeriesId; FK_MangaProgress_MangaChapters_ChapterId","Works/Reader/Artwork","REVIEW_PHASE_B","Works.Reader.Artwork","EXACT_DDL_AND_OWNER_UNCONFIRMED","src/Jularr.Web/Data/Migrations/20260929013145_Epoch4PostgresBaseline.cs"
"MediaArtworkAssets","RAW_SQL_NO_EF_ENTITY","10","Scope:TEXT; OwnerId:TEXT; SeasonNumber:integer; Kind:TEXT; FileName:TEXT; Source:TEXT; SourceIdentity:TEXT; FileLength:bigint; FileLastWriteTimeUtc:TEXT; UpdatedAt:TEXT","PK_MediaArtworkAssets","","","Works/Reader/Artwork","REVIEW_PHASE_B","Works.Reader.Artwork","EXACT_DDL_AND_OWNER_UNCONFIRMED","src/Jularr.Web/Data/Migrations/20260929013145_Epoch4PostgresBaseline.cs"
"MediaRelations","RAW_SQL_NO_EF_ENTITY","13","Id:TEXT; FromMediaType:TEXT; FromProvider:TEXT; FromExternalId:TEXT; ToMediaType:TEXT; ToProvider:TEXT; ToExternalId:TEXT; RelationType:TEXT; Source:TEXT; Confidence:double; ReviewState:TEXT; IsManual:integer; UpdatedAtUtc:TEXT","PK_MediaRelations","","","Works/Reader/Artwork","REVIEW_PHASE_B","Works.Reader.Artwork","EXACT_DDL_AND_OWNER_UNCONFIRMED","src/Jularr.Web/Data/Migrations/20260929013145_Epoch4PostgresBaseline.cs"
"Notifications","RAW_SQL_NO_EF_ENTITY","14","Id:TEXT; ProfileId:TEXT; EventId:TEXT; Category:integer; Severity:integer; MediaType:TEXT; SubjectId:TEXT; MessageParamsJson:TEXT; DeepLink:TEXT; DedupKey:TEXT; OccurrenceCount:integer; CreatedAtUtc:TEXT; UpdatedAtUtc:TEXT; ReadAtUtc:TEXT","PK_Notifications","","","Operations/Events/Notifications","REVIEW_PHASE_B","Operations.Events.Notifications","EXACT_DDL_AND_OWNER_UNCONFIRMED","src/Jularr.Web/Data/Migrations/20260929013145_Epoch4PostgresBaseline.cs"
"NotificationSubscriptions","RAW_SQL_NO_EF_ENTITY","4","ProfileId:TEXT; Category:integer; Mode:integer; UpdatedAtUtc:TEXT","PK_NotificationSubscriptions","","","Operations/Events/Notifications","REVIEW_PHASE_B","Operations.Events.Notifications","EXACT_DDL_AND_OWNER_UNCONFIRMED","src/Jularr.Web/Data/Migrations/20260929013145_Epoch4PostgresBaseline.cs"
"Operations","RAW_SQL_NO_EF_ENTITY","22","Id:TEXT; Kind:TEXT; Category:TEXT; Lane:bigint; Status:bigint; ProfileId:TEXT; Title:TEXT; Subject:TEXT; ProgressPercent:bigint; Message:TEXT; Error:TEXT; IsDownload:bigint; BytesTotal:bigint; BytesCompleted:bigint; BytesPerSecond:double; EtaUtc:TEXT; Attempt:bigint; Retryable:bigint; CreatedAtUtc:TEXT; StartedAtUtc:TEXT; FinishedAtUtc:TEXT; UpdatedAtUtc:TEXT","PK_Operations","","","Operations/Events/Notifications","REVIEW_PHASE_B","Operations.Events.Notifications","EXACT_DDL_AND_OWNER_UNCONFIRMED","src/Jularr.Web/Data/Migrations/20260929013145_Epoch4PostgresBaseline.cs"
"OperationLogs","RAW_SQL_NO_EF_ENTITY","6","Id:bigint; OperationId:TEXT; CreatedAtUtc:TEXT; Level:bigint; Module:TEXT; Message:TEXT","PK_OperationLogs","","FK_OperationLogs_Operations_OperationId","Operations/Events/Notifications","REVIEW_PHASE_B","Operations.Events.Notifications","EXACT_DDL_AND_OWNER_UNCONFIRMED","src/Jularr.Web/Data/Migrations/20260929013145_Epoch4PostgresBaseline.cs"
"PresentationGroups","RAW_SQL_NO_EF_ENTITY","7","Id:TEXT; MediaType:TEXT; WorkId:TEXT; Name:TEXT; SortOrder:bigint; CreatedAt:TEXT; UpdatedAt:TEXT","PK_PresentationGroups","","","UI/Localization/Discovery","REVIEW_PHASE_B","UI.Localization.Discovery","EXACT_DDL_AND_OWNER_UNCONFIRMED","src/Jularr.Web/Data/Migrations/20260929013145_Epoch4PostgresBaseline.cs"
"PresentationGroupRanges","RAW_SQL_NO_EF_ENTITY","5","Id:TEXT; GroupId:TEXT; StartUnit:bigint; EndUnit:bigint; SortOrder:bigint","PK_PresentationGroupRanges","","FK_PresentationGroupRanges_Group","UI/Localization/Discovery","REVIEW_PHASE_B","UI.Localization.Discovery","EXACT_DDL_AND_OWNER_UNCONFIRMED","src/Jularr.Web/Data/Migrations/20260929013145_Epoch4PostgresBaseline.cs"
"ProfileWatchlistPreferences","RAW_SQL_NO_EF_ENTITY","14","ProfileId:TEXT; MediaType:TEXT; Provider:TEXT; ExternalId:TEXT; FollowState:TEXT; Title:TEXT; NativeTitle:TEXT; CoverImageUrl:TEXT; Format:TEXT; Status:TEXT; Year:integer; LocalMediaId:TEXT; DetailsUrl:TEXT; UpdatedAtUtc:TEXT","PK_ProfileWatchlistPreferences","","","Accounts/Profiles/Auth","REVIEW_PHASE_B","Accounts.Profiles.Auth","EXACT_DDL_AND_OWNER_UNCONFIRMED","src/Jularr.Web/Data/Migrations/20260929013145_Epoch4PostgresBaseline.cs"
"ProviderRoleAssignments","RAW_SQL_NO_EF_ENTITY","6","Id:TEXT; MediaType:TEXT; WorkId:TEXT; Role:TEXT; Provider:TEXT; UpdatedAt:TEXT","PK_ProviderRoleAssignments","","","UI/Localization/Discovery","REVIEW_PHASE_B","UI.Localization.Discovery","EXACT_DDL_AND_OWNER_UNCONFIRMED","src/Jularr.Web/Data/Migrations/20260929013145_Epoch4PostgresBaseline.cs"
"ReleaseCalendarSources","RAW_SQL_NO_EF_ENTITY","6","Provider:TEXT; ExternalId:TEXT; ProviderStatus:TEXT; RefreshedAt:TEXT; LastAttemptAt:TEXT; LastError:TEXT","PK_ReleaseCalendarSources","","","Acquisition/Requests/Calendar","REVIEW_PHASE_B","Acquisition.Requests.Calendar","EXACT_DDL_AND_OWNER_UNCONFIRMED","src/Jularr.Web/Data/Migrations/20260929013145_Epoch4PostgresBaseline.cs"
"ReleaseCalendarEntries","RAW_SQL_NO_EF_ENTITY","9","Provider:TEXT; ExternalId:TEXT; Kind:TEXT; UnitNumber:integer; DateValue:TEXT; Precision:TEXT; RangeStart:TEXT; RangeEnd:TEXT; FetchedAt:TEXT","PK_ReleaseCalendarEntries","","FK_ReleaseCalendarEntries_Sources","Acquisition/Requests/Calendar","REVIEW_PHASE_B","Acquisition.Requests.Calendar","EXACT_DDL_AND_OWNER_UNCONFIRMED","src/Jularr.Web/Data/Migrations/20260929013145_Epoch4PostgresBaseline.cs"
"UiLocales","RAW_SQL_NO_EF_ENTITY","8","Locale:TEXT; EnglishName:TEXT; NativeName:TEXT; Direction:TEXT; IsEnabled:integer; IsSource:integer; CreatedAt:TEXT; UpdatedAt:TEXT","PK_UiLocales","","","UI/Localization/Discovery","REVIEW_PHASE_B","UI.Localization.Discovery","EXACT_DDL_AND_OWNER_UNCONFIRMED","src/Jularr.Web/Data/Migrations/20260929013145_Epoch4PostgresBaseline.cs"
"UiTranslationMessages","RAW_SQL_NO_EF_ENTITY","12","Key:TEXT; DefaultText:TEXT; Feature:TEXT; Surface:TEXT; Description:TEXT; Tone:TEXT; MaxLength:integer; PlaceholdersJson:TEXT; DoNotTranslateJson:TEXT; SourceHash:TEXT; SourceVersion:integer; UpdatedAt:TEXT","PK_UiTranslationMessages","","","UI/Localization/Discovery","REVIEW_PHASE_B","UI.Localization.Discovery","EXACT_DDL_AND_OWNER_UNCONFIRMED","src/Jularr.Web/Data/Migrations/20260929013145_Epoch4PostgresBaseline.cs"
"UiTranslations","RAW_SQL_NO_EF_ENTITY","11","Locale:TEXT; MessageKey:TEXT; Text:TEXT; Status:TEXT; SourceHash:TEXT; Provider:TEXT; Model:TEXT; PromptVersion:TEXT; GeneratedAt:TEXT; ReviewedAt:TEXT; UpdatedAt:TEXT","PK_UiTranslations","","FK_UiTranslations_UiLocales_Locale; FK_UiTranslations_UiTranslationMessages_MessageKey","UI/Localization/Discovery","REVIEW_PHASE_B","UI.Localization.Discovery","EXACT_DDL_AND_OWNER_UNCONFIRMED","src/Jularr.Web/Data/Migrations/20260929013145_Epoch4PostgresBaseline.cs"
"UiProfileLocales","RAW_SQL_NO_EF_ENTITY","3","ProfileId:TEXT; Locale:TEXT; UpdatedAt:TEXT","PK_UiProfileLocales","","FK_UiProfileLocales_UiLocales_Locale","Accounts/Profiles/Auth","REVIEW_PHASE_B","Accounts.Profiles.Auth","EXACT_DDL_AND_OWNER_UNCONFIRMED","src/Jularr.Web/Data/Migrations/20260929013145_Epoch4PostgresBaseline.cs"
"UiProfileThemes","RAW_SQL_NO_EF_ENTITY","3","ProfileId:TEXT; ThemeMode:TEXT; UpdatedAt:TEXT","PK_UiProfileThemes","","","Accounts/Profiles/Auth","REVIEW_PHASE_B","Accounts.Profiles.Auth","EXACT_DDL_AND_OWNER_UNCONFIRMED","src/Jularr.Web/Data/Migrations/20260929013145_Epoch4PostgresBaseline.cs"
"InstanceBranding","RAW_SQL_NO_EF_ENTITY","8","Id:integer; Name:text; HueBranding:boolean; Hue:smallint; LogoContentType:text; Logo:bytea; LogoVersion:bigint; UpdatedAt:timestamp","PK_InstanceBranding","","","UI/Localization/Discovery","REVIEW_PHASE_B","UI.Localization.Discovery","EXACT_DDL_AND_OWNER_UNCONFIRMED","src/Jularr.Web/Data/Migrations/20261007130000_InstanceBranding.cs"
"InstanceHomeDefaults","RAW_SQL_NO_EF_ENTITY","6","Id:integer; MediaOrder:text; HiddenMediaTypes:text; LandingPage:text; PrioritizeContinue:boolean; UpdatedAt:timestamp","PK_InstanceHomeDefaults","","","UI/Localization/Discovery","REVIEW_PHASE_B","UI.Localization.Discovery","EXACT_DDL_AND_OWNER_UNCONFIRMED","src/Jularr.Web/Data/Migrations/20261008090000_HomeLayoutPreferences.cs"
"ProfileHomeLayouts","RAW_SQL_NO_EF_ENTITY","7","ProfileId:text; OnboardingState:text; MediaOrder:text; HiddenMediaTypes:text; LandingPage:text; PrioritizeContinue:boolean; UpdatedAt:timestamp","PK_ProfileHomeLayouts","","","Accounts/Profiles/Auth","REVIEW_PHASE_B","Accounts.Profiles.Auth","EXACT_DDL_AND_OWNER_UNCONFIRMED","src/Jularr.Web/Data/Migrations/20261008090000_HomeLayoutPreferences.cs"
"DiscoverySnapshots","RAW_SQL_NO_EF_ENTITY","3","Key:TEXT; Payload:TEXT; FetchedAt:TIMESTAMPTZ","PK_DiscoverySnapshots","","","UI/Localization/Discovery","REVIEW_PHASE_B","UI.Localization.Discovery","EXACT_DDL_AND_OWNER_UNCONFIRMED","src/Jularr.Web/Data/Migrations/20261008130000_DiscoverySnapshots.cs"
"WorkMonitoring","RAW_SQL_NO_EF_ENTITY","6","Id:BIGINT; WorkId:UUID; Kind:SMALLINT; TargetId:UUID; Monitored:BOOLEAN; UpdatedAt:TIMESTAMPTZ","PK_WorkMonitoring","","FK_WorkMonitoring_Works","Acquisition/Requests/Calendar","REVIEW_PHASE_B","Acquisition.Requests.Calendar","EXACT_DDL_AND_OWNER_UNCONFIRMED","src/Jularr.Web/Data/Migrations/20261008140000_CanonicalMonitoring.cs"
"WorkMonitoringSources","RAW_SQL_NO_EF_ENTITY","7","Id:BIGINT; Kind:SMALLINT; SourceKey:TEXT; Label:TEXT; Roles:TEXT; AddedByProfileId:TEXT; UpdatedAt:TIMESTAMPTZ","PK_WorkMonitoringSources","","","Acquisition/Requests/Calendar","REVIEW_PHASE_B","Acquisition.Requests.Calendar","EXACT_DDL_AND_OWNER_UNCONFIRMED","src/Jularr.Web/Data/Migrations/20261008140000_CanonicalMonitoring.cs"
"RequestTargets","RAW_SQL_NO_EF_ENTITY","6","Id:BIGINT; RequestId:TEXT; WorkId:UUID; TargetKind:SMALLINT; TargetId:UUID; CreatedAt:TIMESTAMPTZ","PK_RequestTargets","","FK_RequestTargets_AcquisitionRequests; FK_RequestTargets_Works","Acquisition/Requests/Calendar","REVIEW_PHASE_B","Acquisition.Requests.Calendar","EXACT_DDL_AND_OWNER_UNCONFIRMED","src/Jularr.Web/Data/Migrations/20261008190000_RequestTargets.cs"
"RequestSubmissionUsage","RAW_SQL_NO_EF_ENTITY","5","Id:BIGINT; RequestId:UUID; RequestedByProfileId:TEXT; CreatedAt:TIMESTAMPTZ; DecidedByProfileId:TEXT","","","","Acquisition/Requests/Calendar","REVIEW_PHASE_B","Acquisition.Requests.Calendar","EXACT_DDL_AND_OWNER_UNCONFIRMED","src/Jularr.Web/Data/Migrations/20261009194000_RequestSubmissionUsage.cs"
"WorkIdMigrationMap","RAW_SQL_NO_EF_ENTITY","2","OldId:uuid; NewId:bigint","PK_WorkIdMigrationMap","","","Other review","TEMPORARY_MIGRATION_HELPER_REMOVE","Other review","STARTUP_FOLLOWUP_DROPS_TABLE","src/Jularr.Web/Data/Migrations/20261010000000_WorkIdInt64.cs"
