RazorFile,DirectDbContextReference,Access,Target,FollowUp
"src/Jularr.Web/Pages/Account/Login.cshtml.cs","CONFIRMED_STATIC_REFERENCE","UNKNOWN_REQUIRES_SEMANTIC_READ_OR_MUTATION_CLASSIFICATION","MIGRATE_TO_USER_OR_ADMIN_SERVICE_BY_ROUTE","SOME_REFERENCE_MAY_BE_IN_VIEW_INSTEAD_OF_PAGE_MODEL"
"src/Jularr.Web/Pages/Account/Plex.cshtml","CONFIRMED_STATIC_REFERENCE","UNKNOWN_REQUIRES_SEMANTIC_READ_OR_MUTATION_CLASSIFICATION","MIGRATE_TO_USER_OR_ADMIN_SERVICE_BY_ROUTE","SOME_REFERENCE_MAY_BE_IN_VIEW_INSTEAD_OF_PAGE_MODEL"
"src/Jularr.Web/Pages/Account/Plex.cshtml.cs","CONFIRMED_STATIC_REFERENCE","UNKNOWN_REQUIRES_SEMANTIC_READ_OR_MUTATION_CLASSIFICATION","MIGRATE_TO_USER_OR_ADMIN_SERVICE_BY_ROUTE","SOME_REFERENCE_MAY_BE_IN_VIEW_INSTEAD_OF_PAGE_MODEL"
"src/Jularr.Web/Pages/Account/Register.cshtml.cs","CONFIRMED_STATIC_REFERENCE","UNKNOWN_REQUIRES_SEMANTIC_READ_OR_MUTATION_CLASSIFICATION","MIGRATE_TO_USER_OR_ADMIN_SERVICE_BY_ROUTE","SOME_REFERENCE_MAY_BE_IN_VIEW_INSTEAD_OF_PAGE_MODEL"
"src/Jularr.Web/Pages/Account/Setup.cshtml.cs","CONFIRMED_STATIC_REFERENCE","UNKNOWN_REQUIRES_SEMANTIC_READ_OR_MUTATION_CLASSIFICATION","MIGRATE_TO_USER_OR_ADMIN_SERVICE_BY_ROUTE","SOME_REFERENCE_MAY_BE_IN_VIEW_INSTEAD_OF_PAGE_MODEL"
"src/Jularr.Web/Pages/Account/SetupInstance.cshtml.cs","CONFIRMED_STATIC_REFERENCE","UNKNOWN_REQUIRES_SEMANTIC_READ_OR_MUTATION_CLASSIFICATION","MIGRATE_TO_USER_OR_ADMIN_SERVICE_BY_ROUTE","SOME_REFERENCE_MAY_BE_IN_VIEW_INSTEAD_OF_PAGE_MODEL"
"src/Jularr.Web/Pages/Account/SetupProvider.cshtml.cs","CONFIRMED_STATIC_REFERENCE","UNKNOWN_REQUIRES_SEMANTIC_READ_OR_MUTATION_CLASSIFICATION","MIGRATE_TO_USER_OR_ADMIN_SERVICE_BY_ROUTE","SOME_REFERENCE_MAY_BE_IN_VIEW_INSTEAD_OF_PAGE_MODEL"
"src/Jularr.Web/Pages/Acquisition/Index.cshtml.cs","CONFIRMED_STATIC_REFERENCE","UNKNOWN_REQUIRES_SEMANTIC_READ_OR_MUTATION_CLASSIFICATION","MIGRATE_TO_USER_OR_ADMIN_SERVICE_BY_ROUTE","SOME_REFERENCE_MAY_BE_IN_VIEW_INSTEAD_OF_PAGE_MODEL"
"src/Jularr.Web/Pages/Activity/Index.cshtml.cs","CONFIRMED_STATIC_REFERENCE","UNKNOWN_REQUIRES_SEMANTIC_READ_OR_MUTATION_CLASSIFICATION","MIGRATE_TO_USER_OR_ADMIN_SERVICE_BY_ROUTE","SOME_REFERENCE_MAY_BE_IN_VIEW_INSTEAD_OF_PAGE_MODEL"
"src/Jularr.Web/Pages/Admin/AcquisitionProfiles.cshtml.cs","CONFIRMED_STATIC_REFERENCE","UNKNOWN_REQUIRES_SEMANTIC_READ_OR_MUTATION_CLASSIFICATION","MIGRATE_TO_USER_OR_ADMIN_SERVICE_BY_ROUTE","SOME_REFERENCE_MAY_BE_IN_VIEW_INSTEAD_OF_PAGE_MODEL"
"src/Jularr.Web/Pages/Admin/Ai.cshtml.cs","CONFIRMED_STATIC_REFERENCE","UNKNOWN_REQUIRES_SEMANTIC_READ_OR_MUTATION_CLASSIFICATION","MIGRATE_TO_USER_OR_ADMIN_SERVICE_BY_ROUTE","SOME_REFERENCE_MAY_BE_IN_VIEW_INSTEAD_OF_PAGE_MODEL"
"src/Jularr.Web/Pages/Admin/Appearance.cshtml.cs","CONFIRMED_STATIC_REFERENCE","UNKNOWN_REQUIRES_SEMANTIC_READ_OR_MUTATION_CLASSIFICATION","MIGRATE_TO_USER_OR_ADMIN_SERVICE_BY_ROUTE","SOME_REFERENCE_MAY_BE_IN_VIEW_INSTEAD_OF_PAGE_MODEL"
"src/Jularr.Web/Pages/Admin/BookManualSearch.cshtml.cs","CONFIRMED_STATIC_REFERENCE","UNKNOWN_REQUIRES_SEMANTIC_READ_OR_MUTATION_CLASSIFICATION","MIGRATE_TO_USER_OR_ADMIN_SERVICE_BY_ROUTE","SOME_REFERENCE_MAY_BE_IN_VIEW_INSTEAD_OF_PAGE_MODEL"
"src/Jularr.Web/Pages/Admin/Books/Work.cshtml.cs","CONFIRMED_STATIC_REFERENCE","UNKNOWN_REQUIRES_SEMANTIC_READ_OR_MUTATION_CLASSIFICATION","MIGRATE_TO_USER_OR_ADMIN_SERVICE_BY_ROUTE","SOME_REFERENCE_MAY_BE_IN_VIEW_INSTEAD_OF_PAGE_MODEL"
"src/Jularr.Web/Pages/Admin/Capabilities/Index.cshtml.cs","CONFIRMED_STATIC_REFERENCE","UNKNOWN_REQUIRES_SEMANTIC_READ_OR_MUTATION_CLASSIFICATION","MIGRATE_TO_USER_OR_ADMIN_SERVICE_BY_ROUTE","SOME_REFERENCE_MAY_BE_IN_VIEW_INSTEAD_OF_PAGE_MODEL"
"src/Jularr.Web/Pages/Admin/Capabilities/Manual.cshtml.cs","CONFIRMED_STATIC_REFERENCE","UNKNOWN_REQUIRES_SEMANTIC_READ_OR_MUTATION_CLASSIFICATION","MIGRATE_TO_USER_OR_ADMIN_SERVICE_BY_ROUTE","SOME_REFERENCE_MAY_BE_IN_VIEW_INSTEAD_OF_PAGE_MODEL"
"src/Jularr.Web/Pages/Admin/Database.cshtml.cs","CONFIRMED_STATIC_REFERENCE","UNKNOWN_REQUIRES_SEMANTIC_READ_OR_MUTATION_CLASSIFICATION","MIGRATE_TO_USER_OR_ADMIN_SERVICE_BY_ROUTE","SOME_REFERENCE_MAY_BE_IN_VIEW_INSTEAD_OF_PAGE_MODEL"
"src/Jularr.Web/Pages/Admin/Devices.cshtml.cs","CONFIRMED_STATIC_REFERENCE","UNKNOWN_REQUIRES_SEMANTIC_READ_OR_MUTATION_CLASSIFICATION","MIGRATE_TO_USER_OR_ADMIN_SERVICE_BY_ROUTE","SOME_REFERENCE_MAY_BE_IN_VIEW_INSTEAD_OF_PAGE_MODEL"
"src/Jularr.Web/Pages/Admin/Health.cshtml.cs","CONFIRMED_STATIC_REFERENCE","UNKNOWN_REQUIRES_SEMANTIC_READ_OR_MUTATION_CLASSIFICATION","MIGRATE_TO_USER_OR_ADMIN_SERVICE_BY_ROUTE","SOME_REFERENCE_MAY_BE_IN_VIEW_INSTEAD_OF_PAGE_MODEL"
"src/Jularr.Web/Pages/Admin/History.cshtml.cs","CONFIRMED_STATIC_REFERENCE","UNKNOWN_REQUIRES_SEMANTIC_READ_OR_MUTATION_CLASSIFICATION","MIGRATE_TO_USER_OR_ADMIN_SERVICE_BY_ROUTE","SOME_REFERENCE_MAY_BE_IN_VIEW_INSTEAD_OF_PAGE_MODEL"
"src/Jularr.Web/Pages/Admin/Index.cshtml.cs","CONFIRMED_STATIC_REFERENCE","UNKNOWN_REQUIRES_SEMANTIC_READ_OR_MUTATION_CLASSIFICATION","MIGRATE_TO_USER_OR_ADMIN_SERVICE_BY_ROUTE","SOME_REFERENCE_MAY_BE_IN_VIEW_INSTEAD_OF_PAGE_MODEL"
"src/Jularr.Web/Pages/Admin/Instance.cshtml.cs","CONFIRMED_STATIC_REFERENCE","UNKNOWN_REQUIRES_SEMANTIC_READ_OR_MUTATION_CLASSIFICATION","MIGRATE_TO_USER_OR_ADMIN_SERVICE_BY_ROUTE","SOME_REFERENCE_MAY_BE_IN_VIEW_INSTEAD_OF_PAGE_MODEL"
"src/Jularr.Web/Pages/Admin/Library.cshtml.cs","CONFIRMED_STATIC_REFERENCE","UNKNOWN_REQUIRES_SEMANTIC_READ_OR_MUTATION_CLASSIFICATION","MIGRATE_TO_USER_OR_ADMIN_SERVICE_BY_ROUTE","SOME_REFERENCE_MAY_BE_IN_VIEW_INSTEAD_OF_PAGE_MODEL"
"src/Jularr.Web/Pages/Admin/Logs.cshtml.cs","CONFIRMED_STATIC_REFERENCE","UNKNOWN_REQUIRES_SEMANTIC_READ_OR_MUTATION_CLASSIFICATION","MIGRATE_TO_USER_OR_ADMIN_SERVICE_BY_ROUTE","SOME_REFERENCE_MAY_BE_IN_VIEW_INSTEAD_OF_PAGE_MODEL"
"src/Jularr.Web/Pages/Admin/Manga/Work.cshtml.cs","CONFIRMED_STATIC_REFERENCE","UNKNOWN_REQUIRES_SEMANTIC_READ_OR_MUTATION_CLASSIFICATION","MIGRATE_TO_USER_OR_ADMIN_SERVICE_BY_ROUTE","SOME_REFERENCE_MAY_BE_IN_VIEW_INSTEAD_OF_PAGE_MODEL"
"src/Jularr.Web/Pages/Admin/ManualSearch.cshtml.cs","CONFIRMED_STATIC_REFERENCE","UNKNOWN_REQUIRES_SEMANTIC_READ_OR_MUTATION_CLASSIFICATION","MIGRATE_TO_USER_OR_ADMIN_SERVICE_BY_ROUTE","SOME_REFERENCE_MAY_BE_IN_VIEW_INSTEAD_OF_PAGE_MODEL"
"src/Jularr.Web/Pages/Admin/MediaDetail.cshtml.cs","CONFIRMED_STATIC_REFERENCE","UNKNOWN_REQUIRES_SEMANTIC_READ_OR_MUTATION_CLASSIFICATION","MIGRATE_TO_USER_OR_ADMIN_SERVICE_BY_ROUTE","SOME_REFERENCE_MAY_BE_IN_VIEW_INSTEAD_OF_PAGE_MODEL"
"src/Jularr.Web/Pages/Admin/MediaWork.cshtml.cs","CONFIRMED_STATIC_REFERENCE","UNKNOWN_REQUIRES_SEMANTIC_READ_OR_MUTATION_CLASSIFICATION","MIGRATE_TO_USER_OR_ADMIN_SERVICE_BY_ROUTE","SOME_REFERENCE_MAY_BE_IN_VIEW_INSTEAD_OF_PAGE_MODEL"
"src/Jularr.Web/Pages/Admin/MergeReview/Index.cshtml.cs","CONFIRMED_STATIC_REFERENCE","UNKNOWN_REQUIRES_SEMANTIC_READ_OR_MUTATION_CLASSIFICATION","MIGRATE_TO_USER_OR_ADMIN_SERVICE_BY_ROUTE","SOME_REFERENCE_MAY_BE_IN_VIEW_INSTEAD_OF_PAGE_MODEL"
"src/Jularr.Web/Pages/Admin/Music/Album.cshtml.cs","CONFIRMED_STATIC_REFERENCE","UNKNOWN_REQUIRES_SEMANTIC_READ_OR_MUTATION_CLASSIFICATION","MIGRATE_TO_USER_OR_ADMIN_SERVICE_BY_ROUTE","SOME_REFERENCE_MAY_BE_IN_VIEW_INSTEAD_OF_PAGE_MODEL"
"src/Jularr.Web/Pages/Admin/Music/Artist.cshtml.cs","CONFIRMED_STATIC_REFERENCE","UNKNOWN_REQUIRES_SEMANTIC_READ_OR_MUTATION_CLASSIFICATION","MIGRATE_TO_USER_OR_ADMIN_SERVICE_BY_ROUTE","SOME_REFERENCE_MAY_BE_IN_VIEW_INSTEAD_OF_PAGE_MODEL"
"src/Jularr.Web/Pages/Admin/Music/Index.cshtml.cs","CONFIRMED_STATIC_REFERENCE","UNKNOWN_REQUIRES_SEMANTIC_READ_OR_MUTATION_CLASSIFICATION","MIGRATE_TO_USER_OR_ADMIN_SERVICE_BY_ROUTE","SOME_REFERENCE_MAY_BE_IN_VIEW_INSTEAD_OF_PAGE_MODEL"
"src/Jularr.Web/Pages/Admin/Novels/Work.cshtml.cs","CONFIRMED_STATIC_REFERENCE","UNKNOWN_REQUIRES_SEMANTIC_READ_OR_MUTATION_CLASSIFICATION","MIGRATE_TO_USER_OR_ADMIN_SERVICE_BY_ROUTE","SOME_REFERENCE_MAY_BE_IN_VIEW_INSTEAD_OF_PAGE_MODEL"
"src/Jularr.Web/Pages/Admin/Operation.cshtml.cs","CONFIRMED_STATIC_REFERENCE","UNKNOWN_REQUIRES_SEMANTIC_READ_OR_MUTATION_CLASSIFICATION","MIGRATE_TO_USER_OR_ADMIN_SERVICE_BY_ROUTE","SOME_REFERENCE_MAY_BE_IN_VIEW_INSTEAD_OF_PAGE_MODEL"
"src/Jularr.Web/Pages/Admin/Operations.cshtml.cs","CONFIRMED_STATIC_REFERENCE","UNKNOWN_REQUIRES_SEMANTIC_READ_OR_MUTATION_CLASSIFICATION","MIGRATE_TO_USER_OR_ADMIN_SERVICE_BY_ROUTE","SOME_REFERENCE_MAY_BE_IN_VIEW_INSTEAD_OF_PAGE_MODEL"
"src/Jularr.Web/Pages/Admin/Providers.cshtml.cs","CONFIRMED_STATIC_REFERENCE","UNKNOWN_REQUIRES_SEMANTIC_READ_OR_MUTATION_CLASSIFICATION","MIGRATE_TO_USER_OR_ADMIN_SERVICE_BY_ROUTE","SOME_REFERENCE_MAY_BE_IN_VIEW_INSTEAD_OF_PAGE_MODEL"
"src/Jularr.Web/Pages/Admin/ReadingManualSearch.cshtml.cs","CONFIRMED_STATIC_REFERENCE","UNKNOWN_REQUIRES_SEMANTIC_READ_OR_MUTATION_CLASSIFICATION","MIGRATE_TO_USER_OR_ADMIN_SERVICE_BY_ROUTE","SOME_REFERENCE_MAY_BE_IN_VIEW_INSTEAD_OF_PAGE_MODEL"
"src/Jularr.Web/Pages/Admin/ReadingWorkModel.cs","CONFIRMED_STATIC_REFERENCE","UNKNOWN_REQUIRES_SEMANTIC_READ_OR_MUTATION_CLASSIFICATION","MIGRATE_TO_USER_OR_ADMIN_SERVICE_BY_ROUTE","SOME_REFERENCE_MAY_BE_IN_VIEW_INSTEAD_OF_PAGE_MODEL"
"src/Jularr.Web/Pages/Admin/Reconciliation/Index.cshtml.cs","CONFIRMED_STATIC_REFERENCE","UNKNOWN_REQUIRES_SEMANTIC_READ_OR_MUTATION_CLASSIFICATION","MIGRATE_TO_USER_OR_ADMIN_SERVICE_BY_ROUTE","SOME_REFERENCE_MAY_BE_IN_VIEW_INSTEAD_OF_PAGE_MODEL"
"src/Jularr.Web/Pages/Admin/Requests.cshtml.cs","CONFIRMED_STATIC_REFERENCE","UNKNOWN_REQUIRES_SEMANTIC_READ_OR_MUTATION_CLASSIFICATION","MIGRATE_TO_USER_OR_ADMIN_SERVICE_BY_ROUTE","SOME_REFERENCE_MAY_BE_IN_VIEW_INSTEAD_OF_PAGE_MODEL"
"src/Jularr.Web/Pages/Admin/Requests/Settings.cshtml.cs","CONFIRMED_STATIC_REFERENCE","UNKNOWN_REQUIRES_SEMANTIC_READ_OR_MUTATION_CLASSIFICATION","MIGRATE_TO_USER_OR_ADMIN_SERVICE_BY_ROUTE","SOME_REFERENCE_MAY_BE_IN_VIEW_INSTEAD_OF_PAGE_MODEL"
"src/Jularr.Web/Pages/Admin/Requests/Users.cshtml.cs","CONFIRMED_STATIC_REFERENCE","UNKNOWN_REQUIRES_SEMANTIC_READ_OR_MUTATION_CLASSIFICATION","MIGRATE_TO_USER_OR_ADMIN_SERVICE_BY_ROUTE","SOME_REFERENCE_MAY_BE_IN_VIEW_INSTEAD_OF_PAGE_MODEL"
"src/Jularr.Web/Pages/Admin/Resources.cshtml.cs","CONFIRMED_STATIC_REFERENCE","UNKNOWN_REQUIRES_SEMANTIC_READ_OR_MUTATION_CLASSIFICATION","MIGRATE_TO_USER_OR_ADMIN_SERVICE_BY_ROUTE","SOME_REFERENCE_MAY_BE_IN_VIEW_INSTEAD_OF_PAGE_MODEL"
"src/Jularr.Web/Pages/Admin/Roles.cshtml.cs","CONFIRMED_STATIC_REFERENCE","UNKNOWN_REQUIRES_SEMANTIC_READ_OR_MUTATION_CLASSIFICATION","MIGRATE_TO_USER_OR_ADMIN_SERVICE_BY_ROUTE","SOME_REFERENCE_MAY_BE_IN_VIEW_INSTEAD_OF_PAGE_MODEL"
"src/Jularr.Web/Pages/Admin/Scans.cshtml.cs","CONFIRMED_STATIC_REFERENCE","UNKNOWN_REQUIRES_SEMANTIC_READ_OR_MUTATION_CLASSIFICATION","MIGRATE_TO_USER_OR_ADMIN_SERVICE_BY_ROUTE","SOME_REFERENCE_MAY_BE_IN_VIEW_INSTEAD_OF_PAGE_MODEL"
"src/Jularr.Web/Pages/Admin/Search.cshtml.cs","CONFIRMED_STATIC_REFERENCE","UNKNOWN_REQUIRES_SEMANTIC_READ_OR_MUTATION_CLASSIFICATION","MIGRATE_TO_USER_OR_ADMIN_SERVICE_BY_ROUTE","SOME_REFERENCE_MAY_BE_IN_VIEW_INSTEAD_OF_PAGE_MODEL"
"src/Jularr.Web/Pages/Admin/Sessions.cshtml.cs","CONFIRMED_STATIC_REFERENCE","UNKNOWN_REQUIRES_SEMANTIC_READ_OR_MUTATION_CLASSIFICATION","MIGRATE_TO_USER_OR_ADMIN_SERVICE_BY_ROUTE","SOME_REFERENCE_MAY_BE_IN_VIEW_INSTEAD_OF_PAGE_MODEL"
"src/Jularr.Web/Pages/Admin/Storage/Index.cshtml.cs","CONFIRMED_STATIC_REFERENCE","UNKNOWN_REQUIRES_SEMANTIC_READ_OR_MUTATION_CLASSIFICATION","MIGRATE_TO_USER_OR_ADMIN_SERVICE_BY_ROUTE","SOME_REFERENCE_MAY_BE_IN_VIEW_INSTEAD_OF_PAGE_MODEL"
"src/Jularr.Web/Pages/Admin/System.cshtml.cs","CONFIRMED_STATIC_REFERENCE","UNKNOWN_REQUIRES_SEMANTIC_READ_OR_MUTATION_CLASSIFICATION","MIGRATE_TO_USER_OR_ADMIN_SERVICE_BY_ROUTE","SOME_REFERENCE_MAY_BE_IN_VIEW_INSTEAD_OF_PAGE_MODEL"
"src/Jularr.Web/Pages/Admin/Transcoding.cshtml.cs","CONFIRMED_STATIC_REFERENCE","UNKNOWN_REQUIRES_SEMANTIC_READ_OR_MUTATION_CLASSIFICATION","MIGRATE_TO_USER_OR_ADMIN_SERVICE_BY_ROUTE","SOME_REFERENCE_MAY_BE_IN_VIEW_INSTEAD_OF_PAGE_MODEL"
"src/Jularr.Web/Pages/Admin/Usenet.cshtml.cs","CONFIRMED_STATIC_REFERENCE","UNKNOWN_REQUIRES_SEMANTIC_READ_OR_MUTATION_CLASSIFICATION","MIGRATE_TO_USER_OR_ADMIN_SERVICE_BY_ROUTE","SOME_REFERENCE_MAY_BE_IN_VIEW_INSTEAD_OF_PAGE_MODEL"
"src/Jularr.Web/Pages/Admin/User.cshtml.cs","CONFIRMED_STATIC_REFERENCE","UNKNOWN_REQUIRES_SEMANTIC_READ_OR_MUTATION_CLASSIFICATION","MIGRATE_TO_USER_OR_ADMIN_SERVICE_BY_ROUTE","SOME_REFERENCE_MAY_BE_IN_VIEW_INSTEAD_OF_PAGE_MODEL"
"src/Jularr.Web/Pages/Admin/Users.cshtml.cs","CONFIRMED_STATIC_REFERENCE","UNKNOWN_REQUIRES_SEMANTIC_READ_OR_MUTATION_CLASSIFICATION","MIGRATE_TO_USER_OR_ADMIN_SERVICE_BY_ROUTE","SOME_REFERENCE_MAY_BE_IN_VIEW_INSTEAD_OF_PAGE_MODEL"
"src/Jularr.Web/Pages/Admin/Wanted.cshtml.cs","CONFIRMED_STATIC_REFERENCE","UNKNOWN_REQUIRES_SEMANTIC_READ_OR_MUTATION_CLASSIFICATION","MIGRATE_TO_USER_OR_ADMIN_SERVICE_BY_ROUTE","SOME_REFERENCE_MAY_BE_IN_VIEW_INSTEAD_OF_PAGE_MODEL"
"src/Jularr.Web/Pages/Appearance/Accent.cshtml.cs","CONFIRMED_STATIC_REFERENCE","UNKNOWN_REQUIRES_SEMANTIC_READ_OR_MUTATION_CLASSIFICATION","MIGRATE_TO_USER_OR_ADMIN_SERVICE_BY_ROUTE","SOME_REFERENCE_MAY_BE_IN_VIEW_INSTEAD_OF_PAGE_MODEL"
"src/Jularr.Web/Pages/Appearance/Sakura.cshtml.cs","CONFIRMED_STATIC_REFERENCE","UNKNOWN_REQUIRES_SEMANTIC_READ_OR_MUTATION_CLASSIFICATION","MIGRATE_TO_USER_OR_ADMIN_SERVICE_BY_ROUTE","SOME_REFERENCE_MAY_BE_IN_VIEW_INSTEAD_OF_PAGE_MODEL"
"src/Jularr.Web/Pages/Appearance/Theme.cshtml.cs","CONFIRMED_STATIC_REFERENCE","UNKNOWN_REQUIRES_SEMANTIC_READ_OR_MUTATION_CLASSIFICATION","MIGRATE_TO_USER_OR_ADMIN_SERVICE_BY_ROUTE","SOME_REFERENCE_MAY_BE_IN_VIEW_INSTEAD_OF_PAGE_MODEL"
"src/Jularr.Web/Pages/Books/ChapterArt.cshtml.cs","CONFIRMED_STATIC_REFERENCE","UNKNOWN_REQUIRES_SEMANTIC_READ_OR_MUTATION_CLASSIFICATION","MIGRATE_TO_USER_OR_ADMIN_SERVICE_BY_ROUTE","SOME_REFERENCE_MAY_BE_IN_VIEW_INSTEAD_OF_PAGE_MODEL"
"src/Jularr.Web/Pages/Books/Details.cshtml.cs","CONFIRMED_STATIC_REFERENCE","UNKNOWN_REQUIRES_SEMANTIC_READ_OR_MUTATION_CLASSIFICATION","MIGRATE_TO_USER_OR_ADMIN_SERVICE_BY_ROUTE","SOME_REFERENCE_MAY_BE_IN_VIEW_INSTEAD_OF_PAGE_MODEL"
"src/Jularr.Web/Pages/Books/ForYou.cshtml.cs","CONFIRMED_STATIC_REFERENCE","UNKNOWN_REQUIRES_SEMANTIC_READ_OR_MUTATION_CLASSIFICATION","MIGRATE_TO_USER_OR_ADMIN_SERVICE_BY_ROUTE","SOME_REFERENCE_MAY_BE_IN_VIEW_INSTEAD_OF_PAGE_MODEL"
"src/Jularr.Web/Pages/Books/Index.cshtml.cs","CONFIRMED_STATIC_REFERENCE","UNKNOWN_REQUIRES_SEMANTIC_READ_OR_MUTATION_CLASSIFICATION","MIGRATE_TO_USER_OR_ADMIN_SERVICE_BY_ROUTE","SOME_REFERENCE_MAY_BE_IN_VIEW_INSTEAD_OF_PAGE_MODEL"
"src/Jularr.Web/Pages/Books/Integrations.cshtml.cs","CONFIRMED_STATIC_REFERENCE","UNKNOWN_REQUIRES_SEMANTIC_READ_OR_MUTATION_CLASSIFICATION","MIGRATE_TO_USER_OR_ADMIN_SERVICE_BY_ROUTE","SOME_REFERENCE_MAY_BE_IN_VIEW_INSTEAD_OF_PAGE_MODEL"
"src/Jularr.Web/Pages/Books/Library.cshtml.cs","CONFIRMED_STATIC_REFERENCE","UNKNOWN_REQUIRES_SEMANTIC_READ_OR_MUTATION_CLASSIFICATION","MIGRATE_TO_USER_OR_ADMIN_SERVICE_BY_ROUTE","SOME_REFERENCE_MAY_BE_IN_VIEW_INSTEAD_OF_PAGE_MODEL"
"src/Jularr.Web/Pages/Books/Read.cshtml.cs","CONFIRMED_STATIC_REFERENCE","UNKNOWN_REQUIRES_SEMANTIC_READ_OR_MUTATION_CLASSIFICATION","MIGRATE_TO_USER_OR_ADMIN_SERVICE_BY_ROUTE","SOME_REFERENCE_MAY_BE_IN_VIEW_INSTEAD_OF_PAGE_MODEL"
"src/Jularr.Web/Pages/Books/Sources.cshtml.cs","CONFIRMED_STATIC_REFERENCE","UNKNOWN_REQUIRES_SEMANTIC_READ_OR_MUTATION_CLASSIFICATION","MIGRATE_TO_USER_OR_ADMIN_SERVICE_BY_ROUTE","SOME_REFERENCE_MAY_BE_IN_VIEW_INSTEAD_OF_PAGE_MODEL"
"src/Jularr.Web/Pages/Books/TranslationMemory.cshtml.cs","CONFIRMED_STATIC_REFERENCE","UNKNOWN_REQUIRES_SEMANTIC_READ_OR_MUTATION_CLASSIFICATION","MIGRATE_TO_USER_OR_ADMIN_SERVICE_BY_ROUTE","SOME_REFERENCE_MAY_BE_IN_VIEW_INSTEAD_OF_PAGE_MODEL"
"src/Jularr.Web/Pages/Calendar/Index.cshtml.cs","CONFIRMED_STATIC_REFERENCE","UNKNOWN_REQUIRES_SEMANTIC_READ_OR_MUTATION_CLASSIFICATION","MIGRATE_TO_USER_OR_ADMIN_SERVICE_BY_ROUTE","SOME_REFERENCE_MAY_BE_IN_VIEW_INSTEAD_OF_PAGE_MODEL"
"src/Jularr.Web/Pages/Collections/Detail.cshtml.cs","CONFIRMED_STATIC_REFERENCE","UNKNOWN_REQUIRES_SEMANTIC_READ_OR_MUTATION_CLASSIFICATION","MIGRATE_TO_USER_OR_ADMIN_SERVICE_BY_ROUTE","SOME_REFERENCE_MAY_BE_IN_VIEW_INSTEAD_OF_PAGE_MODEL"
"src/Jularr.Web/Pages/Collections/Index.cshtml.cs","CONFIRMED_STATIC_REFERENCE","UNKNOWN_REQUIRES_SEMANTIC_READ_OR_MUTATION_CLASSIFICATION","MIGRATE_TO_USER_OR_ADMIN_SERVICE_BY_ROUTE","SOME_REFERENCE_MAY_BE_IN_VIEW_INSTEAD_OF_PAGE_MODEL"
"src/Jularr.Web/Pages/Collections/Rules.cshtml.cs","CONFIRMED_STATIC_REFERENCE","UNKNOWN_REQUIRES_SEMANTIC_READ_OR_MUTATION_CLASSIFICATION","MIGRATE_TO_USER_OR_ADMIN_SERVICE_BY_ROUTE","SOME_REFERENCE_MAY_BE_IN_VIEW_INSTEAD_OF_PAGE_MODEL"
"src/Jularr.Web/Pages/Companion/Index.cshtml.cs","CONFIRMED_STATIC_REFERENCE","UNKNOWN_REQUIRES_SEMANTIC_READ_OR_MUTATION_CLASSIFICATION","MIGRATE_TO_USER_OR_ADMIN_SERVICE_BY_ROUTE","SOME_REFERENCE_MAY_BE_IN_VIEW_INSTEAD_OF_PAGE_MODEL"
"src/Jularr.Web/Pages/Discover/MangaImport.cshtml.cs","CONFIRMED_STATIC_REFERENCE","UNKNOWN_REQUIRES_SEMANTIC_READ_OR_MUTATION_CLASSIFICATION","MIGRATE_TO_USER_OR_ADMIN_SERVICE_BY_ROUTE","SOME_REFERENCE_MAY_BE_IN_VIEW_INSTEAD_OF_PAGE_MODEL"
"src/Jularr.Web/Pages/Index.cshtml.cs","CONFIRMED_STATIC_REFERENCE","UNKNOWN_REQUIRES_SEMANTIC_READ_OR_MUTATION_CLASSIFICATION","MIGRATE_TO_USER_OR_ADMIN_SERVICE_BY_ROUTE","SOME_REFERENCE_MAY_BE_IN_VIEW_INSTEAD_OF_PAGE_MODEL"
"src/Jularr.Web/Pages/Kana/Index.cshtml.cs","CONFIRMED_STATIC_REFERENCE","UNKNOWN_REQUIRES_SEMANTIC_READ_OR_MUTATION_CLASSIFICATION","MIGRATE_TO_USER_OR_ADMIN_SERVICE_BY_ROUTE","SOME_REFERENCE_MAY_BE_IN_VIEW_INSTEAD_OF_PAGE_MODEL"
"src/Jularr.Web/Pages/Learn/Index.cshtml.cs","CONFIRMED_STATIC_REFERENCE","UNKNOWN_REQUIRES_SEMANTIC_READ_OR_MUTATION_CLASSIFICATION","MIGRATE_TO_USER_OR_ADMIN_SERVICE_BY_ROUTE","SOME_REFERENCE_MAY_BE_IN_VIEW_INSTEAD_OF_PAGE_MODEL"
"src/Jularr.Web/Pages/Learn/LearningModuleGate.cs","CONFIRMED_STATIC_REFERENCE","UNKNOWN_REQUIRES_SEMANTIC_READ_OR_MUTATION_CLASSIFICATION","MIGRATE_TO_USER_OR_ADMIN_SERVICE_BY_ROUTE","SOME_REFERENCE_MAY_BE_IN_VIEW_INSTEAD_OF_PAGE_MODEL"
"src/Jularr.Web/Pages/Learn/Progress.cshtml.cs","CONFIRMED_STATIC_REFERENCE","UNKNOWN_REQUIRES_SEMANTIC_READ_OR_MUTATION_CLASSIFICATION","MIGRATE_TO_USER_OR_ADMIN_SERVICE_BY_ROUTE","SOME_REFERENCE_MAY_BE_IN_VIEW_INSTEAD_OF_PAGE_MODEL"
"src/Jularr.Web/Pages/Learn/Review.cshtml.cs","CONFIRMED_STATIC_REFERENCE","UNKNOWN_REQUIRES_SEMANTIC_READ_OR_MUTATION_CLASSIFICATION","MIGRATE_TO_USER_OR_ADMIN_SERVICE_BY_ROUTE","SOME_REFERENCE_MAY_BE_IN_VIEW_INSTEAD_OF_PAGE_MODEL"
"src/Jularr.Web/Pages/Learn/Sentences.cshtml.cs","CONFIRMED_STATIC_REFERENCE","UNKNOWN_REQUIRES_SEMANTIC_READ_OR_MUTATION_CLASSIFICATION","MIGRATE_TO_USER_OR_ADMIN_SERVICE_BY_ROUTE","SOME_REFERENCE_MAY_BE_IN_VIEW_INSTEAD_OF_PAGE_MODEL"
"src/Jularr.Web/Pages/Learn/Vocabulary.cshtml.cs","CONFIRMED_STATIC_REFERENCE","UNKNOWN_REQUIRES_SEMANTIC_READ_OR_MUTATION_CLASSIFICATION","MIGRATE_TO_USER_OR_ADMIN_SERVICE_BY_ROUTE","SOME_REFERENCE_MAY_BE_IN_VIEW_INSTEAD_OF_PAGE_MODEL"
"src/Jularr.Web/Pages/Legacy/Admin/ReadingSources.cshtml.cs","CONFIRMED_STATIC_REFERENCE","UNKNOWN_REQUIRES_SEMANTIC_READ_OR_MUTATION_CLASSIFICATION","MIGRATE_TO_USER_OR_ADMIN_SERVICE_BY_ROUTE","SOME_REFERENCE_MAY_BE_IN_VIEW_INSTEAD_OF_PAGE_MODEL"
"src/Jularr.Web/Pages/Legacy/Admin/Sonarr.cshtml.cs","CONFIRMED_STATIC_REFERENCE","UNKNOWN_REQUIRES_SEMANTIC_READ_OR_MUTATION_CLASSIFICATION","MIGRATE_TO_USER_OR_ADMIN_SERVICE_BY_ROUTE","SOME_REFERENCE_MAY_BE_IN_VIEW_INSTEAD_OF_PAGE_MODEL"
"src/Jularr.Web/Pages/Legacy/Admin/Subtitles.cshtml.cs","CONFIRMED_STATIC_REFERENCE","UNKNOWN_REQUIRES_SEMANTIC_READ_OR_MUTATION_CLASSIFICATION","MIGRATE_TO_USER_OR_ADMIN_SERVICE_BY_ROUTE","SOME_REFERENCE_MAY_BE_IN_VIEW_INSTEAD_OF_PAGE_MODEL"
"src/Jularr.Web/Pages/Legacy/Franchises/Details.cshtml.cs","CONFIRMED_STATIC_REFERENCE","UNKNOWN_REQUIRES_SEMANTIC_READ_OR_MUTATION_CLASSIFICATION","MIGRATE_TO_USER_OR_ADMIN_SERVICE_BY_ROUTE","SOME_REFERENCE_MAY_BE_IN_VIEW_INSTEAD_OF_PAGE_MODEL"
"src/Jularr.Web/Pages/Legacy/Library/AnimeRepair.cshtml.cs","CONFIRMED_STATIC_REFERENCE","UNKNOWN_REQUIRES_SEMANTIC_READ_OR_MUTATION_CLASSIFICATION","MIGRATE_TO_USER_OR_ADMIN_SERVICE_BY_ROUTE","SOME_REFERENCE_MAY_BE_IN_VIEW_INSTEAD_OF_PAGE_MODEL"
"src/Jularr.Web/Pages/Legacy/Library/EpisodeSegments.cshtml.cs","CONFIRMED_STATIC_REFERENCE","UNKNOWN_REQUIRES_SEMANTIC_READ_OR_MUTATION_CLASSIFICATION","MIGRATE_TO_USER_OR_ADMIN_SERVICE_BY_ROUTE","SOME_REFERENCE_MAY_BE_IN_VIEW_INSTEAD_OF_PAGE_MODEL"
"src/Jularr.Web/Pages/Legacy/Library/Rename.cshtml.cs","CONFIRMED_STATIC_REFERENCE","UNKNOWN_REQUIRES_SEMANTIC_READ_OR_MUTATION_CLASSIFICATION","MIGRATE_TO_USER_OR_ADMIN_SERVICE_BY_ROUTE","SOME_REFERENCE_MAY_BE_IN_VIEW_INSTEAD_OF_PAGE_MODEL"
"src/Jularr.Web/Pages/Legacy/Settings/Books.cshtml.cs","CONFIRMED_STATIC_REFERENCE","UNKNOWN_REQUIRES_SEMANTIC_READ_OR_MUTATION_CLASSIFICATION","MIGRATE_TO_USER_OR_ADMIN_SERVICE_BY_ROUTE","SOME_REFERENCE_MAY_BE_IN_VIEW_INSTEAD_OF_PAGE_MODEL"
"src/Jularr.Web/Pages/Legacy/Settings/DownloadClients/Edit.cshtml.cs","CONFIRMED_STATIC_REFERENCE","UNKNOWN_REQUIRES_SEMANTIC_READ_OR_MUTATION_CLASSIFICATION","MIGRATE_TO_USER_OR_ADMIN_SERVICE_BY_ROUTE","SOME_REFERENCE_MAY_BE_IN_VIEW_INSTEAD_OF_PAGE_MODEL"
"src/Jularr.Web/Pages/Legacy/Settings/Indexers/Edit.cshtml.cs","CONFIRMED_STATIC_REFERENCE","UNKNOWN_REQUIRES_SEMANTIC_READ_OR_MUTATION_CLASSIFICATION","MIGRATE_TO_USER_OR_ADMIN_SERVICE_BY_ROUTE","SOME_REFERENCE_MAY_BE_IN_VIEW_INSTEAD_OF_PAGE_MODEL"
"src/Jularr.Web/Pages/Legacy/Settings/Language.cshtml.cs","CONFIRMED_STATIC_REFERENCE","UNKNOWN_REQUIRES_SEMANTIC_READ_OR_MUTATION_CLASSIFICATION","MIGRATE_TO_USER_OR_ADMIN_SERVICE_BY_ROUTE","SOME_REFERENCE_MAY_BE_IN_VIEW_INSTEAD_OF_PAGE_MODEL"
"src/Jularr.Web/Pages/Legacy/Settings/MappingReview.cshtml.cs","CONFIRMED_STATIC_REFERENCE","UNKNOWN_REQUIRES_SEMANTIC_READ_OR_MUTATION_CLASSIFICATION","MIGRATE_TO_USER_OR_ADMIN_SERVICE_BY_ROUTE","SOME_REFERENCE_MAY_BE_IN_VIEW_INSTEAD_OF_PAGE_MODEL"
"src/Jularr.Web/Pages/Legacy/Settings/MappingSegments.cshtml.cs","CONFIRMED_STATIC_REFERENCE","UNKNOWN_REQUIRES_SEMANTIC_READ_OR_MUTATION_CLASSIFICATION","MIGRATE_TO_USER_OR_ADMIN_SERVICE_BY_ROUTE","SOME_REFERENCE_MAY_BE_IN_VIEW_INSTEAD_OF_PAGE_MODEL"
"src/Jularr.Web/Pages/Legacy/Settings/Naming.cshtml.cs","CONFIRMED_STATIC_REFERENCE","UNKNOWN_REQUIRES_SEMANTIC_READ_OR_MUTATION_CLASSIFICATION","MIGRATE_TO_USER_OR_ADMIN_SERVICE_BY_ROUTE","SOME_REFERENCE_MAY_BE_IN_VIEW_INSTEAD_OF_PAGE_MODEL"
"src/Jularr.Web/Pages/Legacy/Settings/ReadingNaming.cshtml.cs","CONFIRMED_STATIC_REFERENCE","UNKNOWN_REQUIRES_SEMANTIC_READ_OR_MUTATION_CLASSIFICATION","MIGRATE_TO_USER_OR_ADMIN_SERVICE_BY_ROUTE","SOME_REFERENCE_MAY_BE_IN_VIEW_INSTEAD_OF_PAGE_MODEL"
"src/Jularr.Web/Pages/Legacy/Settings/Subtitles.cshtml.cs","CONFIRMED_STATIC_REFERENCE","UNKNOWN_REQUIRES_SEMANTIC_READ_OR_MUTATION_CLASSIFICATION","MIGRATE_TO_USER_OR_ADMIN_SERVICE_BY_ROUTE","SOME_REFERENCE_MAY_BE_IN_VIEW_INSTEAD_OF_PAGE_MODEL"
"src/Jularr.Web/Pages/Legacy/Watchlist/Index.cshtml.cs","CONFIRMED_STATIC_REFERENCE","UNKNOWN_REQUIRES_SEMANTIC_READ_OR_MUTATION_CLASSIFICATION","MIGRATE_TO_USER_OR_ADMIN_SERVICE_BY_ROUTE","SOME_REFERENCE_MAY_BE_IN_VIEW_INSTEAD_OF_PAGE_MODEL"
"src/Jularr.Web/Pages/Library/Anime.cshtml.cs","CONFIRMED_STATIC_REFERENCE","UNKNOWN_REQUIRES_SEMANTIC_READ_OR_MUTATION_CLASSIFICATION","MIGRATE_TO_USER_OR_ADMIN_SERVICE_BY_ROUTE","SOME_REFERENCE_MAY_BE_IN_VIEW_INSTEAD_OF_PAGE_MODEL"
"src/Jularr.Web/Pages/Library/Episode.cshtml.cs","CONFIRMED_STATIC_REFERENCE","UNKNOWN_REQUIRES_SEMANTIC_READ_OR_MUTATION_CLASSIFICATION","MIGRATE_TO_USER_OR_ADMIN_SERVICE_BY_ROUTE","SOME_REFERENCE_MAY_BE_IN_VIEW_INSTEAD_OF_PAGE_MODEL"
"src/Jularr.Web/Pages/Library/Index.cshtml.cs","CONFIRMED_STATIC_REFERENCE","UNKNOWN_REQUIRES_SEMANTIC_READ_OR_MUTATION_CLASSIFICATION","MIGRATE_TO_USER_OR_ADMIN_SERVICE_BY_ROUTE","SOME_REFERENCE_MAY_BE_IN_VIEW_INSTEAD_OF_PAGE_MODEL"
"src/Jularr.Web/Pages/Library/Movie.cshtml.cs","CONFIRMED_STATIC_REFERENCE","UNKNOWN_REQUIRES_SEMANTIC_READ_OR_MUTATION_CLASSIFICATION","MIGRATE_TO_USER_OR_ADMIN_SERVICE_BY_ROUTE","SOME_REFERENCE_MAY_BE_IN_VIEW_INSTEAD_OF_PAGE_MODEL"
"src/Jularr.Web/Pages/Library/PresentationGroups.cshtml.cs","CONFIRMED_STATIC_REFERENCE","UNKNOWN_REQUIRES_SEMANTIC_READ_OR_MUTATION_CLASSIFICATION","MIGRATE_TO_USER_OR_ADMIN_SERVICE_BY_ROUTE","SOME_REFERENCE_MAY_BE_IN_VIEW_INSTEAD_OF_PAGE_MODEL"
"src/Jularr.Web/Pages/Library/Series.cshtml.cs","CONFIRMED_STATIC_REFERENCE","UNKNOWN_REQUIRES_SEMANTIC_READ_OR_MUTATION_CLASSIFICATION","MIGRATE_TO_USER_OR_ADMIN_SERVICE_BY_ROUTE","SOME_REFERENCE_MAY_BE_IN_VIEW_INSTEAD_OF_PAGE_MODEL"
"src/Jularr.Web/Pages/Library/VideoDetailPageModel.cs","CONFIRMED_STATIC_REFERENCE","UNKNOWN_REQUIRES_SEMANTIC_READ_OR_MUTATION_CLASSIFICATION","MIGRATE_TO_USER_OR_ADMIN_SERVICE_BY_ROUTE","SOME_REFERENCE_MAY_BE_IN_VIEW_INSTEAD_OF_PAGE_MODEL"
"src/Jularr.Web/Pages/Library/Watch.cshtml.cs","CONFIRMED_STATIC_REFERENCE","UNKNOWN_REQUIRES_SEMANTIC_READ_OR_MUTATION_CLASSIFICATION","MIGRATE_TO_USER_OR_ADMIN_SERVICE_BY_ROUTE","SOME_REFERENCE_MAY_BE_IN_VIEW_INSTEAD_OF_PAGE_MODEL"
"src/Jularr.Web/Pages/LocalizationAdmin/Index.cshtml.cs","CONFIRMED_STATIC_REFERENCE","UNKNOWN_REQUIRES_SEMANTIC_READ_OR_MUTATION_CLASSIFICATION","MIGRATE_TO_USER_OR_ADMIN_SERVICE_BY_ROUTE","SOME_REFERENCE_MAY_BE_IN_VIEW_INSTEAD_OF_PAGE_MODEL"
"src/Jularr.Web/Pages/LocalizationPreferences/Index.cshtml.cs","CONFIRMED_STATIC_REFERENCE","UNKNOWN_REQUIRES_SEMANTIC_READ_OR_MUTATION_CLASSIFICATION","MIGRATE_TO_USER_OR_ADMIN_SERVICE_BY_ROUTE","SOME_REFERENCE_MAY_BE_IN_VIEW_INSTEAD_OF_PAGE_MODEL"
"src/Jularr.Web/Pages/Manga/Index.cshtml.cs","CONFIRMED_STATIC_REFERENCE","UNKNOWN_REQUIRES_SEMANTIC_READ_OR_MUTATION_CLASSIFICATION","MIGRATE_TO_USER_OR_ADMIN_SERVICE_BY_ROUTE","SOME_REFERENCE_MAY_BE_IN_VIEW_INSTEAD_OF_PAGE_MODEL"
"src/Jularr.Web/Pages/Manga/Read.cshtml.cs","CONFIRMED_STATIC_REFERENCE","UNKNOWN_REQUIRES_SEMANTIC_READ_OR_MUTATION_CLASSIFICATION","MIGRATE_TO_USER_OR_ADMIN_SERVICE_BY_ROUTE","SOME_REFERENCE_MAY_BE_IN_VIEW_INSTEAD_OF_PAGE_MODEL"
"src/Jularr.Web/Pages/Manga/Series.cshtml.cs","CONFIRMED_STATIC_REFERENCE","UNKNOWN_REQUIRES_SEMANTIC_READ_OR_MUTATION_CLASSIFICATION","MIGRATE_TO_USER_OR_ADMIN_SERVICE_BY_ROUTE","SOME_REFERENCE_MAY_BE_IN_VIEW_INSTEAD_OF_PAGE_MODEL"
"src/Jularr.Web/Pages/Music/Album.cshtml.cs","CONFIRMED_STATIC_REFERENCE","UNKNOWN_REQUIRES_SEMANTIC_READ_OR_MUTATION_CLASSIFICATION","MIGRATE_TO_USER_OR_ADMIN_SERVICE_BY_ROUTE","SOME_REFERENCE_MAY_BE_IN_VIEW_INSTEAD_OF_PAGE_MODEL"
"src/Jularr.Web/Pages/Music/Artist.cshtml.cs","CONFIRMED_STATIC_REFERENCE","UNKNOWN_REQUIRES_SEMANTIC_READ_OR_MUTATION_CLASSIFICATION","MIGRATE_TO_USER_OR_ADMIN_SERVICE_BY_ROUTE","SOME_REFERENCE_MAY_BE_IN_VIEW_INSTEAD_OF_PAGE_MODEL"
"src/Jularr.Web/Pages/Music/Index.cshtml.cs","CONFIRMED_STATIC_REFERENCE","UNKNOWN_REQUIRES_SEMANTIC_READ_OR_MUTATION_CLASSIFICATION","MIGRATE_TO_USER_OR_ADMIN_SERVICE_BY_ROUTE","SOME_REFERENCE_MAY_BE_IN_VIEW_INSTEAD_OF_PAGE_MODEL"
"src/Jularr.Web/Pages/Notifications/Index.cshtml.cs","CONFIRMED_STATIC_REFERENCE","UNKNOWN_REQUIRES_SEMANTIC_READ_OR_MUTATION_CLASSIFICATION","MIGRATE_TO_USER_OR_ADMIN_SERVICE_BY_ROUTE","SOME_REFERENCE_MAY_BE_IN_VIEW_INSTEAD_OF_PAGE_MODEL"
"src/Jularr.Web/Pages/Novels/Index.cshtml.cs","CONFIRMED_STATIC_REFERENCE","UNKNOWN_REQUIRES_SEMANTIC_READ_OR_MUTATION_CLASSIFICATION","MIGRATE_TO_USER_OR_ADMIN_SERVICE_BY_ROUTE","SOME_REFERENCE_MAY_BE_IN_VIEW_INSTEAD_OF_PAGE_MODEL"
"src/Jularr.Web/Pages/Novels/Read.cshtml.cs","CONFIRMED_STATIC_REFERENCE","UNKNOWN_REQUIRES_SEMANTIC_READ_OR_MUTATION_CLASSIFICATION","MIGRATE_TO_USER_OR_ADMIN_SERVICE_BY_ROUTE","SOME_REFERENCE_MAY_BE_IN_VIEW_INSTEAD_OF_PAGE_MODEL"
"src/Jularr.Web/Pages/Novels/Work.cshtml.cs","CONFIRMED_STATIC_REFERENCE","UNKNOWN_REQUIRES_SEMANTIC_READ_OR_MUTATION_CLASSIFICATION","MIGRATE_TO_USER_OR_ADMIN_SERVICE_BY_ROUTE","SOME_REFERENCE_MAY_BE_IN_VIEW_INSTEAD_OF_PAGE_MODEL"
"src/Jularr.Web/Pages/Pair/Index.cshtml.cs","CONFIRMED_STATIC_REFERENCE","UNKNOWN_REQUIRES_SEMANTIC_READ_OR_MUTATION_CLASSIFICATION","MIGRATE_TO_USER_OR_ADMIN_SERVICE_BY_ROUTE","SOME_REFERENCE_MAY_BE_IN_VIEW_INSTEAD_OF_PAGE_MODEL"
"src/Jularr.Web/Pages/Profile/Account.cshtml.cs","CONFIRMED_STATIC_REFERENCE","UNKNOWN_REQUIRES_SEMANTIC_READ_OR_MUTATION_CLASSIFICATION","MIGRATE_TO_USER_OR_ADMIN_SERVICE_BY_ROUTE","SOME_REFERENCE_MAY_BE_IN_VIEW_INSTEAD_OF_PAGE_MODEL"
"src/Jularr.Web/Pages/Profile/Devices.cshtml.cs","CONFIRMED_STATIC_REFERENCE","UNKNOWN_REQUIRES_SEMANTIC_READ_OR_MUTATION_CLASSIFICATION","MIGRATE_TO_USER_OR_ADMIN_SERVICE_BY_ROUTE","SOME_REFERENCE_MAY_BE_IN_VIEW_INSTEAD_OF_PAGE_MODEL"
"src/Jularr.Web/Pages/Profile/Index.cshtml.cs","CONFIRMED_STATIC_REFERENCE","UNKNOWN_REQUIRES_SEMANTIC_READ_OR_MUTATION_CLASSIFICATION","MIGRATE_TO_USER_OR_ADMIN_SERVICE_BY_ROUTE","SOME_REFERENCE_MAY_BE_IN_VIEW_INSTEAD_OF_PAGE_MODEL"
"src/Jularr.Web/Pages/Profile/Notifications.cshtml.cs","CONFIRMED_STATIC_REFERENCE","UNKNOWN_REQUIRES_SEMANTIC_READ_OR_MUTATION_CLASSIFICATION","MIGRATE_TO_USER_OR_ADMIN_SERVICE_BY_ROUTE","SOME_REFERENCE_MAY_BE_IN_VIEW_INSTEAD_OF_PAGE_MODEL"
"src/Jularr.Web/Pages/Reading/Index.cshtml.cs","CONFIRMED_STATIC_REFERENCE","UNKNOWN_REQUIRES_SEMANTIC_READ_OR_MUTATION_CLASSIFICATION","MIGRATE_TO_USER_OR_ADMIN_SERVICE_BY_ROUTE","SOME_REFERENCE_MAY_BE_IN_VIEW_INSTEAD_OF_PAGE_MODEL"
"src/Jularr.Web/Pages/Recommendations/ForYou.cshtml.cs","CONFIRMED_STATIC_REFERENCE","UNKNOWN_REQUIRES_SEMANTIC_READ_OR_MUTATION_CLASSIFICATION","MIGRATE_TO_USER_OR_ADMIN_SERVICE_BY_ROUTE","SOME_REFERENCE_MAY_BE_IN_VIEW_INSTEAD_OF_PAGE_MODEL"
"src/Jularr.Web/Pages/Requests/Details.cshtml.cs","CONFIRMED_STATIC_REFERENCE","UNKNOWN_REQUIRES_SEMANTIC_READ_OR_MUTATION_CLASSIFICATION","MIGRATE_TO_USER_OR_ADMIN_SERVICE_BY_ROUTE","SOME_REFERENCE_MAY_BE_IN_VIEW_INSTEAD_OF_PAGE_MODEL"
"src/Jularr.Web/Pages/Requests/Index.cshtml.cs","CONFIRMED_STATIC_REFERENCE","UNKNOWN_REQUIRES_SEMANTIC_READ_OR_MUTATION_CLASSIFICATION","MIGRATE_TO_USER_OR_ADMIN_SERVICE_BY_ROUTE","SOME_REFERENCE_MAY_BE_IN_VIEW_INSTEAD_OF_PAGE_MODEL"
"src/Jularr.Web/Pages/Requests/New.cshtml.cs","CONFIRMED_STATIC_REFERENCE","UNKNOWN_REQUIRES_SEMANTIC_READ_OR_MUTATION_CLASSIFICATION","MIGRATE_TO_USER_OR_ADMIN_SERVICE_BY_ROUTE","SOME_REFERENCE_MAY_BE_IN_VIEW_INSTEAD_OF_PAGE_MODEL"
"src/Jularr.Web/Pages/Search/Index.cshtml.cs","CONFIRMED_STATIC_REFERENCE","UNKNOWN_REQUIRES_SEMANTIC_READ_OR_MUTATION_CLASSIFICATION","MIGRATE_TO_USER_OR_ADMIN_SERVICE_BY_ROUTE","SOME_REFERENCE_MAY_BE_IN_VIEW_INSTEAD_OF_PAGE_MODEL"
"src/Jularr.Web/Pages/Settings/Acquisition.cshtml.cs","CONFIRMED_STATIC_REFERENCE","UNKNOWN_REQUIRES_SEMANTIC_READ_OR_MUTATION_CLASSIFICATION","MIGRATE_TO_USER_OR_ADMIN_SERVICE_BY_ROUTE","SOME_REFERENCE_MAY_BE_IN_VIEW_INSTEAD_OF_PAGE_MODEL"
"src/Jularr.Web/Pages/Settings/Ai.cshtml.cs","CONFIRMED_STATIC_REFERENCE","UNKNOWN_REQUIRES_SEMANTIC_READ_OR_MUTATION_CLASSIFICATION","MIGRATE_TO_USER_OR_ADMIN_SERVICE_BY_ROUTE","SOME_REFERENCE_MAY_BE_IN_VIEW_INSTEAD_OF_PAGE_MODEL"
"src/Jularr.Web/Pages/Settings/AniList.cshtml.cs","CONFIRMED_STATIC_REFERENCE","UNKNOWN_REQUIRES_SEMANTIC_READ_OR_MUTATION_CLASSIFICATION","MIGRATE_TO_USER_OR_ADMIN_SERVICE_BY_ROUTE","SOME_REFERENCE_MAY_BE_IN_VIEW_INSTEAD_OF_PAGE_MODEL"
"src/Jularr.Web/Pages/Settings/ApiKeys/Index.cshtml.cs","CONFIRMED_STATIC_REFERENCE","UNKNOWN_REQUIRES_SEMANTIC_READ_OR_MUTATION_CLASSIFICATION","MIGRATE_TO_USER_OR_ADMIN_SERVICE_BY_ROUTE","SOME_REFERENCE_MAY_BE_IN_VIEW_INSTEAD_OF_PAGE_MODEL"
"src/Jularr.Web/Pages/Settings/Appearance.cshtml.cs","CONFIRMED_STATIC_REFERENCE","UNKNOWN_REQUIRES_SEMANTIC_READ_OR_MUTATION_CLASSIFICATION","MIGRATE_TO_USER_OR_ADMIN_SERVICE_BY_ROUTE","SOME_REFERENCE_MAY_BE_IN_VIEW_INSTEAD_OF_PAGE_MODEL"
"src/Jularr.Web/Pages/Settings/ChapterArtwork.cshtml.cs","CONFIRMED_STATIC_REFERENCE","UNKNOWN_REQUIRES_SEMANTIC_READ_OR_MUTATION_CLASSIFICATION","MIGRATE_TO_USER_OR_ADMIN_SERVICE_BY_ROUTE","SOME_REFERENCE_MAY_BE_IN_VIEW_INSTEAD_OF_PAGE_MODEL"
"src/Jularr.Web/Pages/Settings/Home.cshtml.cs","CONFIRMED_STATIC_REFERENCE","UNKNOWN_REQUIRES_SEMANTIC_READ_OR_MUTATION_CLASSIFICATION","MIGRATE_TO_USER_OR_ADMIN_SERVICE_BY_ROUTE","SOME_REFERENCE_MAY_BE_IN_VIEW_INSTEAD_OF_PAGE_MODEL"
"src/Jularr.Web/Pages/Settings/Index.cshtml.cs","CONFIRMED_STATIC_REFERENCE","UNKNOWN_REQUIRES_SEMANTIC_READ_OR_MUTATION_CLASSIFICATION","MIGRATE_TO_USER_OR_ADMIN_SERVICE_BY_ROUTE","SOME_REFERENCE_MAY_BE_IN_VIEW_INSTEAD_OF_PAGE_MODEL"
"src/Jularr.Web/Pages/Settings/Learning.cshtml.cs","CONFIRMED_STATIC_REFERENCE","UNKNOWN_REQUIRES_SEMANTIC_READ_OR_MUTATION_CLASSIFICATION","MIGRATE_TO_USER_OR_ADMIN_SERVICE_BY_ROUTE","SOME_REFERENCE_MAY_BE_IN_VIEW_INSTEAD_OF_PAGE_MODEL"
"src/Jularr.Web/Pages/Settings/LearningCourses.cshtml.cs","CONFIRMED_STATIC_REFERENCE","UNKNOWN_REQUIRES_SEMANTIC_READ_OR_MUTATION_CLASSIFICATION","MIGRATE_TO_USER_OR_ADMIN_SERVICE_BY_ROUTE","SOME_REFERENCE_MAY_BE_IN_VIEW_INSTEAD_OF_PAGE_MODEL"
"src/Jularr.Web/Pages/Settings/LearningScope.cshtml.cs","CONFIRMED_STATIC_REFERENCE","UNKNOWN_REQUIRES_SEMANTIC_READ_OR_MUTATION_CLASSIFICATION","MIGRATE_TO_USER_OR_ADMIN_SERVICE_BY_ROUTE","SOME_REFERENCE_MAY_BE_IN_VIEW_INSTEAD_OF_PAGE_MODEL"
"src/Jularr.Web/Pages/Settings/Offline.cshtml.cs","CONFIRMED_STATIC_REFERENCE","UNKNOWN_REQUIRES_SEMANTIC_READ_OR_MUTATION_CLASSIFICATION","MIGRATE_TO_USER_OR_ADMIN_SERVICE_BY_ROUTE","SOME_REFERENCE_MAY_BE_IN_VIEW_INSTEAD_OF_PAGE_MODEL"
"src/Jularr.Web/Pages/Settings/Prefetch/Index.cshtml.cs","CONFIRMED_STATIC_REFERENCE","UNKNOWN_REQUIRES_SEMANTIC_READ_OR_MUTATION_CLASSIFICATION","MIGRATE_TO_USER_OR_ADMIN_SERVICE_BY_ROUTE","SOME_REFERENCE_MAY_BE_IN_VIEW_INSTEAD_OF_PAGE_MODEL"
"src/Jularr.Web/Pages/Settings/SonarrMigration.cshtml.cs","CONFIRMED_STATIC_REFERENCE","UNKNOWN_REQUIRES_SEMANTIC_READ_OR_MUTATION_CLASSIFICATION","MIGRATE_TO_USER_OR_ADMIN_SERVICE_BY_ROUTE","SOME_REFERENCE_MAY_BE_IN_VIEW_INSTEAD_OF_PAGE_MODEL"
"src/Jularr.Web/Pages/Shared/_AppNavigation.cshtml","CONFIRMED_STATIC_REFERENCE","UNKNOWN_REQUIRES_SEMANTIC_READ_OR_MUTATION_CLASSIFICATION","MIGRATE_TO_USER_OR_ADMIN_SERVICE_BY_ROUTE","SOME_REFERENCE_MAY_BE_IN_VIEW_INSTEAD_OF_PAGE_MODEL"
"src/Jularr.Web/Pages/Shared/_LanguageInspector.cshtml","CONFIRMED_STATIC_REFERENCE","UNKNOWN_REQUIRES_SEMANTIC_READ_OR_MUTATION_CLASSIFICATION","MIGRATE_TO_USER_OR_ADMIN_SERVICE_BY_ROUTE","SOME_REFERENCE_MAY_BE_IN_VIEW_INSTEAD_OF_PAGE_MODEL"
"src/Jularr.Web/Pages/Shared/_Layout.cshtml","CONFIRMED_STATIC_REFERENCE","UNKNOWN_REQUIRES_SEMANTIC_READ_OR_MUTATION_CLASSIFICATION","MIGRATE_TO_USER_OR_ADMIN_SERVICE_BY_ROUTE","SOME_REFERENCE_MAY_BE_IN_VIEW_INSTEAD_OF_PAGE_MODEL"
"src/Jularr.Web/Pages/Shared/_NotificationBell.cshtml","CONFIRMED_STATIC_REFERENCE","UNKNOWN_REQUIRES_SEMANTIC_READ_OR_MUTATION_CLASSIFICATION","MIGRATE_TO_USER_OR_ADMIN_SERVICE_BY_ROUTE","SOME_REFERENCE_MAY_BE_IN_VIEW_INSTEAD_OF_PAGE_MODEL"
"src/Jularr.Web/Pages/Shared/_OfflineLibraryAction.cshtml","CONFIRMED_STATIC_REFERENCE","UNKNOWN_REQUIRES_SEMANTIC_READ_OR_MUTATION_CLASSIFICATION","MIGRATE_TO_USER_OR_ADMIN_SERVICE_BY_ROUTE","SOME_REFERENCE_MAY_BE_IN_VIEW_INSTEAD_OF_PAGE_MODEL"
"src/Jularr.Web/Pages/Shared/_ReaderAppearanceSheet.cshtml","CONFIRMED_STATIC_REFERENCE","UNKNOWN_REQUIRES_SEMANTIC_READ_OR_MUTATION_CLASSIFICATION","MIGRATE_TO_USER_OR_ADMIN_SERVICE_BY_ROUTE","SOME_REFERENCE_MAY_BE_IN_VIEW_INSTEAD_OF_PAGE_MODEL"
"src/Jularr.Web/Pages/Shared/_ReaderSettingsPanel.cshtml","CONFIRMED_STATIC_REFERENCE","UNKNOWN_REQUIRES_SEMANTIC_READ_OR_MUTATION_CLASSIFICATION","MIGRATE_TO_USER_OR_ADMIN_SERVICE_BY_ROUTE","SOME_REFERENCE_MAY_BE_IN_VIEW_INSTEAD_OF_PAGE_MODEL"
